Scenario,Year,Metric_ID,Value,Unit,Owner
BEAR,2025,BS_AP,103680.49100000,RMB_MILLION,H1_CERTIFIED
BEAR,2025,BS_AR,40450.09700000,RMB_MILLION,H1_CERTIFIED
BEAR,2025,BS_CAPITAL_RESERVE,45350.72000000,RMB_MILLION,H1_CERTIFIED
BEAR,2025,BS_CASH,85247.15000000,RMB_MILLION,H1_CERTIFIED
BEAR,2025,BS_CASH_TAXONOMY_OTHER,80.32300000,RMB_MILLION,H1_CERTIFIED
BEAR,2025,BS_CIP,3054.82800000,RMB_MILLION,H1_CERTIFIED
BEAR,2025,BS_CONTRACT_ASSETS,4268.50100000,RMB_MILLION,H1_CERTIFIED
BEAR,2025,BS_CONTRACT_LIABILITIES,46993.06000000,RMB_MILLION,H1_CERTIFIED
BEAR,2025,BS_CURRENT_PORTION_DEBT,5821.77700000,RMB_MILLION,H1_CERTIFIED
BEAR,2025,BS_CURRENT_PORTION_NONCURRENT_ASSETS,155618.20100000,RMB_MILLION,H1_CERTIFIED
BEAR,2025,BS_CURRENT_PORTION_NONCURRENT_ASSETS_FINANCE,255.67300000,RMB_MILLION,H1_CERTIFIED
BEAR,2025,BS_CURRENT_PORTION_NONCURRENT_ASSETS_TREASURY,155362.52800000,RMB_MILLION,H1_CERTIFIED
BEAR,2025,BS_CUSTOMER_DEPOSITS,134.11000000,RMB_MILLION,H1_CERTIFIED
BEAR,2025,BS_DERIVATIVE_FINANCIAL_ASSETS,2223.15900000,RMB_MILLION,H1_CERTIFIED
BEAR,2025,BS_DERIVATIVE_LIABILITIES,850.95900000,RMB_MILLION,H1_CERTIFIED
BEAR,2025,BS_EMPLOYEE_COMP,9645.44500000,RMB_MILLION,H1_CERTIFIED
BEAR,2025,BS_GOODWILL,34256.85900000,RMB_MILLION,H1_CERTIFIED
BEAR,2025,BS_INCOME_TAX_PAYABLE,4485.22100000,RMB_MILLION,H1_CERTIFIED
BEAR,2025,BS_INTANGIBLES,21618.86000000,RMB_MILLION,H1_CERTIFIED
BEAR,2025,BS_INVENTORY,64628.83400000,RMB_MILLION,H1_CERTIFIED
BEAR,2025,BS_LOANS_ADVANCES_CURRENT,11779.21700000,RMB_MILLION,H1_CERTIFIED
BEAR,2025,BS_LONG_TERM_BORROWINGS,12658.84300000,RMB_MILLION,H1_CERTIFIED
BEAR,2025,BS_LONG_TERM_INVESTMENTS,4775.04400000,RMB_MILLION,H1_CERTIFIED
BEAR,2025,BS_NCI,13202.91800000,RMB_MILLION,H1_CERTIFIED
BEAR,2025,BS_NOTES_PAYABLE,27121.88100000,RMB_MILLION,H1_CERTIFIED
BEAR,2025,BS_NOTES_RECEIVABLE,5246.76300000,RMB_MILLION,H1_CERTIFIED
BEAR,2025,BS_OTHER_CURRENT_ASSETS,25376.47500000,RMB_MILLION,H1_CERTIFIED
BEAR,2025,BS_OTHER_CURRENT_ASSETS_HEDGE,3201.39500000,RMB_MILLION,H1_CERTIFIED
BEAR,2025,BS_OTHER_CURRENT_ASSETS_OPERATING,20747.94600000,RMB_MILLION,H1_CERTIFIED
BEAR,2025,BS_OTHER_CURRENT_ASSETS_TREASURY,1427.13400000,RMB_MILLION,H1_CERTIFIED
BEAR,2025,BS_OTHER_CURRENT_LIABILITIES,92537.41900000,RMB_MILLION,H1_CERTIFIED
BEAR,2025,BS_OTHER_CURRENT_LIABILITIES_HEDGE,21.48000000,RMB_MILLION,H1_CERTIFIED
BEAR,2025,BS_OTHER_CURRENT_LIABILITIES_OPERATING,92515.93900000,RMB_MILLION,H1_CERTIFIED
BEAR,2025,BS_OTHER_NONCURRENT_FINANCIAL_ASSETS,4786.08900000,RMB_MILLION,H1_CERTIFIED
BEAR,2025,BS_OTHER_PAYABLES,4823.47600000,RMB_MILLION,H1_CERTIFIED
BEAR,2025,BS_OTHER_RECEIVABLES,3190.59100000,RMB_MILLION,H1_CERTIFIED
BEAR,2025,BS_OTHER_RESERVES,11196.53700000,RMB_MILLION,H1_CERTIFIED
BEAR,2025,BS_OTHER_TAXES_PAYABLE,2678.87200000,RMB_MILLION,H1_CERTIFIED
BEAR,2025,BS_PARENT_EQUITY,223221.30500000,RMB_MILLION,H1_CERTIFIED
BEAR,2025,BS_PPE,44983.39400000,RMB_MILLION,H1_CERTIFIED
BEAR,2025,BS_PREPAYMENTS,2987.29200000,RMB_MILLION,H1_CERTIFIED
BEAR,2025,BS_RECEIVABLES_FINANCING,14935.34400000,RMB_MILLION,H1_CERTIFIED
BEAR,2025,BS_RESTRICTED_CASH,4715.54500000,RMB_MILLION,H1_CERTIFIED
BEAR,2025,BS_RETAINED_EARNINGS,167228.02000000,RMB_MILLION,H1_CERTIFIED
BEAR,2025,BS_SHARE_CAPITAL,7597.14500000,RMB_MILLION,H1_CERTIFIED
BEAR,2025,BS_SHORT_TERM_BORROWING,43904.55000000,RMB_MILLION,H1_CERTIFIED
BEAR,2025,BS_TAXES_PAYABLE,7164.09300000,RMB_MILLION,H1_CERTIFIED
BEAR,2025,BS_TERM_DEPOSITS,11942.61200000,RMB_MILLION,H1_CERTIFIED
BEAR,2025,BS_TOTAL_ASSETS,608791.76600000,RMB_MILLION,H1_CERTIFIED
BEAR,2025,BS_TOTAL_CURRENT_ASSETS,416662.34100000,RMB_MILLION,H1_CERTIFIED
BEAR,2025,BS_TOTAL_CURRENT_ASSETS_OTHER_IMMATERIAL_COMPONENTS,0.00000000,RMB_MILLION,H1_CERTIFIED
BEAR,2025,BS_TOTAL_CURRENT_LIABILITIES,343383.70000000,RMB_MILLION,H1_CERTIFIED
BEAR,2025,BS_TOTAL_CURRENT_LIABILITIES_OTHER_IMMATERIAL_COMPONENTS,0.00000000,RMB_MILLION,H1_CERTIFIED
BEAR,2025,BS_TOTAL_EQUITY,236424.22300000,RMB_MILLION,H1_CERTIFIED
BEAR,2025,BS_TOTAL_LIABILITIES,372367.54300000,RMB_MILLION,H1_CERTIFIED
BEAR,2025,BS_TOTAL_NONCURRENT_ASSETS,192129.42500000,RMB_MILLION,H1_CERTIFIED
BEAR,2025,BS_TOTAL_NONCURRENT_ASSETS_OTHER_IMMATERIAL_COMPONENTS,78654.35100000,RMB_MILLION,H1_CERTIFIED
BEAR,2025,BS_TOTAL_NONCURRENT_LIABILITIES,28983.84300000,RMB_MILLION,H1_CERTIFIED
BEAR,2025,BS_TOTAL_NONCURRENT_LIABILITIES_OTHER_IMMATERIAL_COMPONENTS,16325.00000000,RMB_MILLION,H1_CERTIFIED
BEAR,2025,BS_TRADING_FINANCIAL_ASSETS,710.71700000,RMB_MILLION,H1_CERTIFIED
BEAR,2025,BS_TRADING_FINANCIAL_LIABILITIES,706.43900000,RMB_MILLION,H1_CERTIFIED
BEAR,2025,BS_TREASURY_SHARES,-8151.11700000,RMB_MILLION,H1_CERTIFIED
BEAR,2025,CF_ACQUISITION_PAYMENTS,-6155.13600000,RMB_MILLION,H1_CERTIFIED
BEAR,2025,CF_CAPEX,-11141.88900000,RMB_MILLION,H1_CERTIFIED
BEAR,2025,CF_CASH_FROM_SALES,426210.80000000,RMB_MILLION,H1_CERTIFIED
BEAR,2025,CF_CASH_TO_EMPLOYEES,-43785.06700000,RMB_MILLION,H1_CERTIFIED
BEAR,2025,CF_CASH_TO_SUPPLIERS,-281799.28200000,RMB_MILLION,H1_CERTIFIED
BEAR,2025,CF_CFF,-64957.77900000,RMB_MILLION,H1_CERTIFIED
BEAR,2025,CF_CFI,25340.27300000,RMB_MILLION,H1_CERTIFIED
BEAR,2025,CF_CFO,53345.93000000,RMB_MILLION,H1_CERTIFIED
BEAR,2025,CF_CLOSING_CASH,68508.67000000,RMB_MILLION,H1_CERTIFIED
BEAR,2025,CF_DEBT_PROCEEDS,88859.53500000,RMB_MILLION,H1_CERTIFIED
BEAR,2025,CF_DEBT_REPAYMENTS,-112064.32700000,RMB_MILLION,H1_CERTIFIED
BEAR,2025,CF_DIVIDENDS_INTEREST,-33080.13500000,RMB_MILLION,H1_CERTIFIED
BEAR,2025,CF_FX_EFFECT,-338.48200000,RMB_MILLION,H1_CERTIFIED
BEAR,2025,CF_INVESTMENT_PROCEEDS,197531.96100000,RMB_MILLION,H1_CERTIFIED
BEAR,2025,CF_INVESTMENT_PURCHASES,-164904.90800000,RMB_MILLION,H1_CERTIFIED
BEAR,2025,CF_NET_CHANGE_CASH,13389.94200000,RMB_MILLION,H1_CERTIFIED
BEAR,2025,CF_OPENING_CASH,55118.72800000,RMB_MILLION,H1_CERTIFIED
BEAR,2025,CF_TAXES_PAID,-20316.91900000,RMB_MILLION,H1_CERTIFIED
BEAR,2025,IS_ADJUSTED_ATTRIBUTABLE_NI,41267.23300000,RMB_MILLION,H1_CERTIFIED
BEAR,2025,IS_ADMIN_EXPENSE,-16092.31100000,RMB_MILLION,H1_CERTIFIED
BEAR,2025,IS_ASSET_DISPOSAL,-76.02400000,RMB_MILLION,H1_CERTIFIED
BEAR,2025,IS_ASSET_IMPAIRMENT,-1156.46900000,RMB_MILLION,H1_CERTIFIED
BEAR,2025,IS_ATTRIBUTABLE_NI,43945.41100000,RMB_MILLION,H1_CERTIFIED
BEAR,2025,IS_BASIC_EPS,5.80000000,RMB_PER_SHARE,H1_CERTIFIED
BEAR,2025,IS_CREDIT_IMPAIRMENT,-355.86000000,RMB_MILLION,H1_CERTIFIED
BEAR,2025,IS_DILUTED_EPS,5.76000000,RMB_PER_SHARE,H1_CERTIFIED
BEAR,2025,IS_FAIR_VALUE_CHANGE,782.35800000,RMB_MILLION,H1_CERTIFIED
BEAR,2025,IS_FEE_COMMISSION_EXPENSE,-1.64200000,RMB_MILLION,H1_CERTIFIED
BEAR,2025,IS_FEE_COMMISSION_INCOME,0.50800000,RMB_MILLION,H1_CERTIFIED
BEAR,2025,IS_FINANCE_INTEREST_INCOME,8444.30100000,RMB_MILLION,H1_CERTIFIED
BEAR,2025,IS_FINANCE_RESULT,5903.54600000,RMB_MILLION,H1_CERTIFIED
BEAR,2025,IS_FINANCIAL_BUSINESS_INTEREST_COST,-0.27500000,RMB_MILLION,H1_CERTIFIED
BEAR,2025,IS_FINANCIAL_BUSINESS_INTEREST_INCOME,2050.16800000,RMB_MILLION,H1_CERTIFIED
BEAR,2025,IS_FINANCING_INTEREST_EXPENSE,-2211.33100000,RMB_MILLION,H1_CERTIFIED
BEAR,2025,IS_INCOME_TAX,-8565.14700000,RMB_MILLION,H1_CERTIFIED
BEAR,2025,IS_INVESTMENT_INCOME,1694.66100000,RMB_MILLION,H1_CERTIFIED
BEAR,2025,IS_NCI_PROFIT,574.78500000,RMB_MILLION,H1_CERTIFIED
BEAR,2025,IS_NET_PROFIT,44520.19600000,RMB_MILLION,H1_CERTIFIED
BEAR,2025,IS_OPERATING_COST,-335989.52800000,RMB_MILLION,H1_CERTIFIED
BEAR,2025,IS_OPERATING_PROFIT,52978.77300000,RMB_MILLION,H1_CERTIFIED
BEAR,2025,IS_OPERATING_REVENUE,456451.73100000,RMB_MILLION,H1_CERTIFIED
BEAR,2025,IS_OTHER_INCOME,2664.31300000,RMB_MILLION,H1_CERTIFIED
BEAR,2025,IS_PBT,53085.34300000,RMB_MILLION,H1_CERTIFIED
BEAR,2025,IS_RD_EXPENSE,-17787.62400000,RMB_MILLION,H1_CERTIFIED
BEAR,2025,IS_SELLING_EXPENSE,-42891.49000000,RMB_MILLION,H1_CERTIFIED
BEAR,2025,IS_TAXES_SURCHARGES,-2217.28900000,RMB_MILLION,H1_CERTIFIED
BEAR,2025,IS_TOTAL_REVENUE,458502.40700000,RMB_MILLION,H1_CERTIFIED
BEAR,2025,NOTE_ACQUISITIONS,-6155.13600000,RMB_MILLION,H1_CERTIFIED
BEAR,2025,NOTE_CASH_EQUIVALENTS,68508.67000000,RMB_MILLION,H1_CERTIFIED
BEAR,2025,NOTE_CIP_ADDITIONS,4608.26200000,RMB_MILLION,H1_CERTIFIED
BEAR,2025,NOTE_DIVIDENDS,-30476.85200000,RMB_MILLION,H1_CERTIFIED
BEAR,2025,NOTE_FINANCE_INTEREST_INCOME,8444.30100000,RMB_MILLION,H1_CERTIFIED
BEAR,2025,NOTE_FINANCING_INTEREST_EXPENSE,-2211.33100000,RMB_MILLION,H1_CERTIFIED
BEAR,2025,NOTE_FIXED_ASSET_DEPRECIATION,5117.23200000,RMB_MILLION,H1_CERTIFIED
BEAR,2025,NOTE_GOODWILL,34256.85900000,RMB_MILLION,H1_CERTIFIED
BEAR,2025,NOTE_INTANGIBLE_AMORTIZATION,1501.25700000,RMB_MILLION,H1_CERTIFIED
BEAR,2025,NOTE_INTANGIBLE_ASSETS,21618.86000000,RMB_MILLION,H1_CERTIFIED
BEAR,2025,NOTE_LONG_TERM_DEBT,12658.84300000,RMB_MILLION,H1_CERTIFIED
BEAR,2025,NOTE_PPE_ADDITIONS,17741.10600000,RMB_MILLION,H1_CERTIFIED
BEAR,2025,NOTE_REPURCHASES,11606.40500000,RMB_MILLION,H1_CERTIFIED
BEAR,2025,NOTE_RESTRICTED_CASH,4715.54500000,RMB_MILLION,H1_CERTIFIED
BEAR,2025,NOTE_SHARE_BASED_COMPENSATION,832.31500000,RMB_MILLION,H1_CERTIFIED
BEAR,2025,NOTE_SHORT_TERM_DEBT,43904.55000000,RMB_MILLION,H1_CERTIFIED
BEAR,2025,NOTE_TERM_DEPOSITS,11942.61200000,RMB_MILLION,H1_CERTIFIED
BEAR,2025,NOTE_TOTAL_DA,9339.69500000,RMB_MILLION,H1_CERTIFIED
BEAR,2026,BS_AP,92718.83435922,RMB_MILLION,H3B_ATTEMPT005
BEAR,2026,BS_AR,43350.11624164,RMB_MILLION,H3B_ATTEMPT005
BEAR,2026,BS_CAPITAL_RESERVE,45350.72000000,RMB_MILLION,H3B_ATTEMPT005
BEAR,2026,BS_CASH,96008.72817661,RMB_MILLION,H3B_ATTEMPT005
BEAR,2026,BS_CASH_TAXONOMY_OTHER,84.04953024,RMB_MILLION,H3B_ATTEMPT005
BEAR,2026,BS_CIP,3638.36876421,RMB_MILLION,H3B_ATTEMPT005
BEAR,2026,BS_CONTRACT_ASSETS,4466.53516287,RMB_MILLION,H3B_ATTEMPT005
BEAR,2026,BS_CONTRACT_LIABILITIES,49173.27064019,RMB_MILLION,H3B_ATTEMPT005
BEAR,2026,BS_CURRENT_PORTION_DEBT,8978.96631422,RMB_MILLION,H3B_ATTEMPT005
BEAR,2026,BS_CURRENT_PORTION_NONCURRENT_ASSETS,155630.06277267,RMB_MILLION,H3B_ATTEMPT005
BEAR,2026,BS_CURRENT_PORTION_NONCURRENT_ASSETS_FINANCE,267.53477267,RMB_MILLION,H3B_ATTEMPT005
BEAR,2026,BS_CURRENT_PORTION_NONCURRENT_ASSETS_TREASURY,155362.52800000,RMB_MILLION,H3B_ATTEMPT005
BEAR,2026,BS_CUSTOMER_DEPOSITS,140.33194105,RMB_MILLION,H3B_ATTEMPT005
BEAR,2026,BS_DERIVATIVE_FINANCIAL_ASSETS,2326.30093003,RMB_MILLION,H3B_ATTEMPT005
BEAR,2026,BS_DERIVATIVE_LIABILITIES,890.43865649,RMB_MILLION,H3B_ATTEMPT005
BEAR,2026,BS_EMPLOYEE_COMP,10092.93877500,RMB_MILLION,H3B_ATTEMPT005
BEAR,2026,BS_GOODWILL,35846.18237012,RMB_MILLION,H3B_ATTEMPT005
BEAR,2026,BS_INCOME_TAX_PAYABLE,4693.30973795,RMB_MILLION,H3B_ATTEMPT005
BEAR,2026,BS_INTANGIBLES,20338.79923340,RMB_MILLION,H3B_ATTEMPT005
BEAR,2026,BS_INVENTORY,64298.46759980,RMB_MILLION,H3B_ATTEMPT005
BEAR,2026,BS_LOANS_ADVANCES_CURRENT,12325.70565676,RMB_MILLION,H3B_ATTEMPT005
BEAR,2026,BS_LONG_TERM_BORROWINGS,20415.80689457,RMB_MILLION,H3B_ATTEMPT005
BEAR,2026,BS_LONG_TERM_INVESTMENTS,4996.57887635,RMB_MILLION,H3B_ATTEMPT005
BEAR,2026,BS_NCI,13664.67328778,RMB_MILLION,H3B_ATTEMPT005
BEAR,2026,BS_NOTES_PAYABLE,28380.18198185,RMB_MILLION,H3B_ATTEMPT005
BEAR,2026,BS_NOTES_RECEIVABLE,5490.18295433,RMB_MILLION,H3B_ATTEMPT005
BEAR,2026,BS_OTHER_CURRENT_ASSETS,26487.58817445,RMB_MILLION,H3B_ATTEMPT005
BEAR,2026,BS_OTHER_CURRENT_ASSETS_HEDGE,3349.92151524,RMB_MILLION,H3B_ATTEMPT005
BEAR,2026,BS_OTHER_CURRENT_ASSETS_OPERATING,21710.53265921,RMB_MILLION,H3B_ATTEMPT005
BEAR,2026,BS_OTHER_CURRENT_ASSETS_TREASURY,1427.13400000,RMB_MILLION,H3B_ATTEMPT005
BEAR,2026,BS_OTHER_CURRENT_LIABILITIES,96830.62879565,RMB_MILLION,H3B_ATTEMPT005
BEAR,2026,BS_OTHER_CURRENT_LIABILITIES_HEDGE,22.47654980,RMB_MILLION,H3B_ATTEMPT005
BEAR,2026,BS_OTHER_CURRENT_LIABILITIES_OPERATING,96808.15224585,RMB_MILLION,H3B_ATTEMPT005
BEAR,2026,BS_OTHER_NONCURRENT_FINANCIAL_ASSETS,5008.13630151,RMB_MILLION,H3B_ATTEMPT005
BEAR,2026,BS_OTHER_PAYABLES,5047.25784562,RMB_MILLION,H3B_ATTEMPT005
BEAR,2026,BS_OTHER_RECEIVABLES,3338.61627111,RMB_MILLION,H3B_ATTEMPT005
BEAR,2026,BS_OTHER_RESERVES,11196.53700000,RMB_MILLION,H3B_ATTEMPT005
BEAR,2026,BS_OTHER_TAXES_PAYABLE,2803.15642068,RMB_MILLION,H3B_ATTEMPT005
BEAR,2026,BS_PARENT_EQUITY,234041.31306751,RMB_MILLION,H3B_ATTEMPT005
BEAR,2026,BS_PPE,46282.51146103,RMB_MILLION,H3B_ATTEMPT005
BEAR,2026,BS_PREPAYMENTS,3125.88535408,RMB_MILLION,H3B_ATTEMPT005
BEAR,2026,BS_RECEIVABLES_FINANCING,15628.25899434,RMB_MILLION,H3B_ATTEMPT005
BEAR,2026,BS_RESTRICTED_CASH,4934.31946124,RMB_MILLION,H3B_ATTEMPT005
BEAR,2026,BS_RETAINED_EARNINGS,178048.02806751,RMB_MILLION,H3B_ATTEMPT005
BEAR,2026,BS_SHARE_CAPITAL,7597.14500000,RMB_MILLION,H3B_ATTEMPT005
BEAR,2026,BS_SHORT_TERM_BORROWING,45941.47134674,RMB_MILLION,H3B_ATTEMPT005
BEAR,2026,BS_TAXES_PAYABLE,7496.46615863,RMB_MILLION,H3B_ATTEMPT005
BEAR,2026,BS_TERM_DEPOSITS,12496.68125521,RMB_MILLION,H3B_ATTEMPT005
BEAR,2026,BS_TOTAL_ASSETS,631634.18094215,RMB_MILLION,H3B_ATTEMPT005
BEAR,2026,BS_TOTAL_CURRENT_ASSETS,433220.13851422,RMB_MILLION,H3B_ATTEMPT005
BEAR,2026,BS_TOTAL_CURRENT_ASSETS_OTHER_IMMATERIAL_COMPONENTS,0.00000000,RMB_MILLION,H3B_ATTEMPT005
BEAR,2026,BS_TOTAL_CURRENT_LIABILITIES,346430.00056532,RMB_MILLION,H3B_ATTEMPT005
BEAR,2026,BS_TOTAL_CURRENT_LIABILITIES_OTHER_IMMATERIAL_COMPONENTS,0.00000000,RMB_MILLION,H3B_ATTEMPT005
BEAR,2026,BS_TOTAL_EQUITY,247705.98635529,RMB_MILLION,H3B_ATTEMPT005
BEAR,2026,BS_TOTAL_LIABILITIES,383928.19458686,RMB_MILLION,H3B_ATTEMPT005
BEAR,2026,BS_TOTAL_NONCURRENT_ASSETS,198414.04242793,RMB_MILLION,H3B_ATTEMPT005
BEAR,2026,BS_TOTAL_NONCURRENT_ASSETS_OTHER_IMMATERIAL_COMPONENTS,82303.46542131,RMB_MILLION,H3B_ATTEMPT005
BEAR,2026,BS_TOTAL_NONCURRENT_LIABILITIES,37498.19402154,RMB_MILLION,H3B_ATTEMPT005
BEAR,2026,BS_TOTAL_NONCURRENT_LIABILITIES_OTHER_IMMATERIAL_COMPONENTS,17082.38712697,RMB_MILLION,H3B_ATTEMPT005
BEAR,2026,BS_TRADING_FINANCIAL_ASSETS,743.69022553,RMB_MILLION,H3B_ATTEMPT005
BEAR,2026,BS_TRADING_FINANCIAL_LIABILITIES,739.21375066,RMB_MILLION,H3B_ATTEMPT005
BEAR,2026,BS_TREASURY_SHARES,-8151.11700000,RMB_MILLION,H3B_ATTEMPT005
BEAR,2026,CF_ACQUISITION_PAYMENTS,0.00000000,RMB_MILLION,H3B_ATTEMPT005
BEAR,2026,CF_CAPEX,-8323.17157967,RMB_MILLION,H3B_ATTEMPT005
BEAR,2026,CF_CASH_FROM_SALES,474728.47532003,RMB_MILLION,H3B_ATTEMPT005
BEAR,2026,CF_CASH_TO_EMPLOYEES,-27103.26377622,RMB_MILLION,H3B_ATTEMPT005
BEAR,2026,CF_CASH_TO_SUPPLIERS,-371011.02688268,RMB_MILLION,H3B_ATTEMPT005
BEAR,2026,CF_CFF,-11499.82296432,RMB_MILLION,H3B_ATTEMPT005
BEAR,2026,CF_CFI,-15025.92726016,RMB_MILLION,H3B_ATTEMPT005
BEAR,2026,CF_CFO,36510.75815440,RMB_MILLION,H3B_ATTEMPT005
BEAR,2026,CF_CLOSING_CASH,78493.67792992,RMB_MILLION,H3B_ATTEMPT005
BEAR,2026,CF_DEBT_PROCEEDS,12951.07455554,RMB_MILLION,H3B_ATTEMPT005
BEAR,2026,CF_DEBT_REPAYMENTS,0.00000000,RMB_MILLION,H3B_ATTEMPT005
BEAR,2026,CF_DIVIDENDS_INTEREST,-27515.90695711,RMB_MILLION,H3B_ATTEMPT005
BEAR,2026,CF_FX_EFFECT,0.00000000,RMB_MILLION,H3B_ATTEMPT005
BEAR,2026,CF_INVESTMENT_PROCEEDS,0.00000000,RMB_MILLION,H3B_ATTEMPT005
BEAR,2026,CF_INVESTMENT_PURCHASES,0.00000000,RMB_MILLION,H3B_ATTEMPT005
BEAR,2026,CF_NET_CHANGE_CASH,9985.00792992,RMB_MILLION,H3B_ATTEMPT005
BEAR,2026,CF_OPENING_CASH,68508.67000000,RMB_MILLION,H3B_ATTEMPT005
BEAR,2026,CF_TAXES_PAID,-5738.87868988,RMB_MILLION,H3B_ATTEMPT005
BEAR,2026,DIVIDENDS,24483.67227051,RMB_MILLION,H3B_ATTEMPT005
BEAR,2026,DRV_EFFECTIVE_TAX_RATE_PERCENT,14.51178909,PERCENT,H3B_ATTEMPT005
BEAR,2026,EBIT,39791.54700039,RMB_MILLION,H3B_ATTEMPT005
BEAR,2026,EPS_DENOMINATOR_SHARES,7402514160.00000000,SHARES,H3B_ATTEMPT005
BEAR,2026,FCFF,25473.75670806,RMB_MILLION,H3B_ATTEMPT005
BEAR,2026,IS_ADJUSTED_ATTRIBUTABLE_NI,33152.15785025,RMB_MILLION,H3B_ATTEMPT005
BEAR,2026,IS_ADMIN_EXPENSE,-15764.58531466,RMB_MILLION,H3B_ATTEMPT005
BEAR,2026,IS_ASSET_DISPOSAL,-79.55108110,RMB_MILLION,H3B_ATTEMPT005
BEAR,2026,IS_ASSET_IMPAIRMENT,-1210.12258244,RMB_MILLION,H3B_ATTEMPT005
BEAR,2026,IS_ATTRIBUTABLE_NI,35303.68033802,RMB_MILLION,H3B_ATTEMPT005
BEAR,2026,IS_BASIC_EPS,4.76914729,RMB_PER_SHARE,H3B_ATTEMPT005
BEAR,2026,IS_CREDIT_IMPAIRMENT,-372.36987951,RMB_MILLION,H3B_ATTEMPT005
BEAR,2026,IS_DILUTED_EPS,4.76914729,RMB_PER_SHARE,H3B_ATTEMPT005
BEAR,2026,IS_FAIR_VALUE_CHANGE,818.65496036,RMB_MILLION,H3B_ATTEMPT005
BEAR,2026,IS_FEE_COMMISSION_EXPENSE,-1.71817946,RMB_MILLION,H3B_ATTEMPT005
BEAR,2026,IS_FEE_COMMISSION_INCOME,0.53156831,RMB_MILLION,H3B_ATTEMPT005
BEAR,2026,IS_FINANCE_INTEREST_INCOME,2485.72432914,RMB_MILLION,H3B_ATTEMPT005
BEAR,2026,IS_FINANCE_RESULT,-546.79811590,RMB_MILLION,H3B_ATTEMPT005
BEAR,2026,IS_FINANCIAL_BUSINESS_INTEREST_COST,-0.28775844,RMB_MILLION,H3B_ATTEMPT005
BEAR,2026,IS_FINANCIAL_BUSINESS_INTEREST_INCOME,2145.28413178,RMB_MILLION,H3B_ATTEMPT005
BEAR,2026,IS_FINANCING_INTEREST_EXPENSE,-3032.23468660,RMB_MILLION,H3B_ATTEMPT005
BEAR,2026,IS_INCOME_TAX,-6071.25184851,RMB_MILLION,H3B_ATTEMPT005
BEAR,2026,IS_INVESTMENT_INCOME,1773.28362946,RMB_MILLION,H3B_ATTEMPT005
BEAR,2026,IS_NCI_PROFIT,461.75528778,RMB_MILLION,H3B_ATTEMPT005
BEAR,2026,IS_NET_PROFIT,35765.43562580,RMB_MILLION,H3B_ATTEMPT005
BEAR,2026,IS_OPERATING_COST,-360379.73664210,RMB_MILLION,H3B_ATTEMPT005
BEAR,2026,IS_OPERATING_PROFIT,41836.68747431,RMB_MILLION,H3B_ATTEMPT005
BEAR,2026,IS_OPERATING_REVENUE,477628.49456167,RMB_MILLION,H3B_ATTEMPT005
BEAR,2026,IS_OTHER_INCOME,1818.79020215,RMB_MILLION,H3B_ATTEMPT005
BEAR,2026,IS_PBT,41836.68747431,RMB_MILLION,H3B_ATTEMPT005
BEAR,2026,IS_RD_EXPENSE,-17469.75013386,RMB_MILLION,H3B_ATTEMPT005
BEAR,2026,IS_SELLING_EXPENSE,-44203.56105496,RMB_MILLION,H3B_ATTEMPT005
BEAR,2026,IS_TAXES_SURCHARGES,-2320.15859543,RMB_MILLION,H3B_ATTEMPT005
BEAR,2026,IS_TOTAL_REVENUE,479774.31026176,RMB_MILLION,H3B_ATTEMPT005
BEAR,2026,PPE_AMORTIZATION,1280.06076660,RMB_MILLION,H3B_ATTEMPT005
BEAR,2026,PPE_CAPEX,8323.17157967,RMB_MILLION,H3B_ATTEMPT005
BEAR,2026,PPE_DEPRECIATION,6440.51335443,RMB_MILLION,H3B_ATTEMPT005
BEAR,2026,SEGMENT_REVENUE_BUILDING_TECH,40734.63900236,RMB_MILLION,H3B_ATTEMPT005
BEAR,2026,SEGMENT_REVENUE_ELIMINATIONS,0.00000000,RMB_MILLION,H3B_ATTEMPT005
BEAR,2026,SEGMENT_REVENUE_INDUSTRIAL_TECH,29704.61999272,RMB_MILLION,H3B_ATTEMPT005
BEAR,2026,SEGMENT_REVENUE_OTHER,65264.91674756,RMB_MILLION,H3B_ATTEMPT005
BEAR,2026,SEGMENT_REVENUE_SMART_HOME,341924.31881903,RMB_MILLION,H3B_ATTEMPT005
BEAR,2027,BS_AP,96962.29238293,RMB_MILLION,H3B_ATTEMPT005
BEAR,2027,BS_AR,44711.33241012,RMB_MILLION,H3B_ATTEMPT005
BEAR,2027,BS_CAPITAL_RESERVE,45350.72000000,RMB_MILLION,H3B_ATTEMPT005
BEAR,2027,BS_CASH,99929.54952017,RMB_MILLION,H3B_ATTEMPT005
BEAR,2027,BS_CASH_TAXONOMY_OTHER,88.21410264,RMB_MILLION,H3B_ATTEMPT005
BEAR,2027,BS_CIP,4153.96902191,RMB_MILLION,H3B_ATTEMPT005
BEAR,2027,BS_CONTRACT_ASSETS,4687.84763202,RMB_MILLION,H3B_ATTEMPT005
BEAR,2027,BS_CONTRACT_LIABILITIES,51609.75833023,RMB_MILLION,H3B_ATTEMPT005
BEAR,2027,BS_CURRENT_PORTION_DEBT,0.00000000,RMB_MILLION,H3B_ATTEMPT005
BEAR,2027,BS_CURRENT_PORTION_NONCURRENT_ASSETS,155643.31886022,RMB_MILLION,H3B_ATTEMPT005
BEAR,2027,BS_CURRENT_PORTION_NONCURRENT_ASSETS_FINANCE,280.79086022,RMB_MILLION,H3B_ATTEMPT005
BEAR,2027,BS_CURRENT_PORTION_NONCURRENT_ASSETS_TREASURY,155362.52800000,RMB_MILLION,H3B_ATTEMPT005
BEAR,2027,BS_CUSTOMER_DEPOSITS,147.28525211,RMB_MILLION,H3B_ATTEMPT005
BEAR,2027,BS_DERIVATIVE_FINANCIAL_ASSETS,2441.56687646,RMB_MILLION,H3B_ATTEMPT005
BEAR,2027,BS_DERIVATIVE_LIABILITIES,934.55902508,RMB_MILLION,H3B_ATTEMPT005
BEAR,2027,BS_EMPLOYEE_COMP,10593.03406583,RMB_MILLION,H3B_ATTEMPT005
BEAR,2027,BS_GOODWILL,37622.32581030,RMB_MILLION,H3B_ATTEMPT005
BEAR,2027,BS_INCOME_TAX_PAYABLE,4925.85866653,RMB_MILLION,H3B_ATTEMPT005
BEAR,2027,BS_INTANGIBLES,19134.53134239,RMB_MILLION,H3B_ATTEMPT005
BEAR,2027,BS_INVENTORY,68715.23790924,RMB_MILLION,H3B_ATTEMPT005
BEAR,2027,BS_LOANS_ADVANCES_CURRENT,12936.43237298,RMB_MILLION,H3B_ATTEMPT005
BEAR,2027,BS_LONG_TERM_BORROWINGS,21283.15514061,RMB_MILLION,H3B_ATTEMPT005
BEAR,2027,BS_LONG_TERM_INVESTMENTS,5244.15449550,RMB_MILLION,H3B_ATTEMPT005
BEAR,2027,BS_NCI,14139.97628850,RMB_MILLION,H3B_ATTEMPT005
BEAR,2027,BS_NOTES_PAYABLE,29786.39237094,RMB_MILLION,H3B_ATTEMPT005
BEAR,2027,BS_NOTES_RECEIVABLE,5762.21617503,RMB_MILLION,H3B_ATTEMPT005
BEAR,2027,BS_OTHER_CURRENT_ASSETS,27729.30928245,RMB_MILLION,H3B_ATTEMPT005
BEAR,2027,BS_OTHER_CURRENT_ASSETS_HEDGE,3515.90686518,RMB_MILLION,H3B_ATTEMPT005
BEAR,2027,BS_OTHER_CURRENT_ASSETS_OPERATING,22786.26841727,RMB_MILLION,H3B_ATTEMPT005
BEAR,2027,BS_OTHER_CURRENT_ASSETS_TREASURY,1427.13400000,RMB_MILLION,H3B_ATTEMPT005
BEAR,2027,BS_OTHER_CURRENT_LIABILITIES,101628.49218785,RMB_MILLION,H3B_ATTEMPT005
BEAR,2027,BS_OTHER_CURRENT_LIABILITIES_HEDGE,23.59024096,RMB_MILLION,H3B_ATTEMPT005
BEAR,2027,BS_OTHER_CURRENT_LIABILITIES_OPERATING,101604.90194689,RMB_MILLION,H3B_ATTEMPT005
BEAR,2027,BS_OTHER_NONCURRENT_FINANCIAL_ASSETS,5256.28457983,RMB_MILLION,H3B_ATTEMPT005
BEAR,2027,BS_OTHER_PAYABLES,5297.34455836,RMB_MILLION,H3B_ATTEMPT005
BEAR,2027,BS_OTHER_RECEIVABLES,3504.04145720,RMB_MILLION,H3B_ATTEMPT005
BEAR,2027,BS_OTHER_RESERVES,11196.53700000,RMB_MILLION,H3B_ATTEMPT005
BEAR,2027,BS_OTHER_TAXES_PAYABLE,2942.05009245,RMB_MILLION,H3B_ATTEMPT005
BEAR,2027,BS_PARENT_EQUITY,245178.77578489,RMB_MILLION,H3B_ATTEMPT005
BEAR,2027,BS_PPE,48033.87147379,RMB_MILLION,H3B_ATTEMPT005
BEAR,2027,BS_PREPAYMENTS,3280.76993032,RMB_MILLION,H3B_ATTEMPT005
BEAR,2027,BS_RECEIVABLES_FINANCING,16402.62401339,RMB_MILLION,H3B_ATTEMPT005
BEAR,2027,BS_RESTRICTED_CASH,5178.81018698,RMB_MILLION,H3B_ATTEMPT005
BEAR,2027,BS_RETAINED_EARNINGS,189185.49078489,RMB_MILLION,H3B_ATTEMPT005
BEAR,2027,BS_SHARE_CAPITAL,7597.14500000,RMB_MILLION,H3B_ATTEMPT005
BEAR,2027,BS_SHORT_TERM_BORROWING,48217.82652795,RMB_MILLION,H3B_ATTEMPT005
BEAR,2027,BS_TAXES_PAYABLE,7867.90875898,RMB_MILLION,H3B_ATTEMPT005
BEAR,2027,BS_TERM_DEPOSITS,13115.87964588,RMB_MILLION,H3B_ATTEMPT005
BEAR,2027,BS_TOTAL_ASSETS,652351.44452605,RMB_MILLION,H3B_ATTEMPT005
BEAR,2027,BS_TOTAL_CURRENT_ASSETS,446524.78579182,RMB_MILLION,H3B_ATTEMPT005
BEAR,2027,BS_TOTAL_CURRENT_ASSETS_OTHER_IMMATERIAL_COMPONENTS,0.00000000,RMB_MILLION,H3B_ATTEMPT005
BEAR,2027,BS_TOTAL_CURRENT_LIABILITIES,353820.73453264,RMB_MILLION,H3B_ATTEMPT005
BEAR,2027,BS_TOTAL_CURRENT_LIABILITIES_OTHER_IMMATERIAL_COMPONENTS,0.00000000,RMB_MILLION,H3B_ATTEMPT005
BEAR,2027,BS_TOTAL_EQUITY,259318.75207339,RMB_MILLION,H3B_ATTEMPT005
BEAR,2027,BS_TOTAL_LIABILITIES,393032.69245266,RMB_MILLION,H3B_ATTEMPT005
BEAR,2027,BS_TOTAL_NONCURRENT_ASSETS,205826.65873423,RMB_MILLION,H3B_ATTEMPT005
BEAR,2027,BS_TOTAL_NONCURRENT_ASSETS_OTHER_IMMATERIAL_COMPONENTS,86381.52201051,RMB_MILLION,H3B_ATTEMPT005
BEAR,2027,BS_TOTAL_NONCURRENT_LIABILITIES,39211.95792002,RMB_MILLION,H3B_ATTEMPT005
BEAR,2027,BS_TOTAL_NONCURRENT_LIABILITIES_OTHER_IMMATERIAL_COMPONENTS,17928.80277941,RMB_MILLION,H3B_ATTEMPT005
BEAR,2027,BS_TRADING_FINANCIAL_ASSETS,780.53935222,RMB_MILLION,H3B_ATTEMPT005
BEAR,2027,BS_TRADING_FINANCIAL_LIABILITIES,775.84107238,RMB_MILLION,H3B_ATTEMPT005
BEAR,2027,BS_TREASURY_SHARES,-8151.11700000,RMB_MILLION,H3B_ATTEMPT005
BEAR,2027,CF_ACQUISITION_PAYMENTS,0.00000000,RMB_MILLION,H3B_ATTEMPT005
BEAR,2027,CF_CAPEX,-8922.74175605,RMB_MILLION,H3B_ATTEMPT005
BEAR,2027,CF_CASH_FROM_SALES,499933.30532738,RMB_MILLION,H3B_ATTEMPT005
BEAR,2027,CF_CASH_TO_EMPLOYEES,-28839.09037396,RMB_MILLION,H3B_ATTEMPT005
BEAR,2027,CF_CASH_TO_SUPPLIERS,-378305.85817227,RMB_MILLION,H3B_ATTEMPT005
BEAR,2027,CF_CFF,-31000.64885365,RMB_MILLION,H3B_ATTEMPT005
BEAR,2027,CF_CFI,-16413.38573503,RMB_MILLION,H3B_ATTEMPT005
BEAR,2027,CF_CFO,50467.00224343,RMB_MILLION,H3B_ATTEMPT005
BEAR,2027,CF_CLOSING_CASH,81546.64558467,RMB_MILLION,H3B_ATTEMPT005
BEAR,2027,CF_DEBT_PROCEEDS,0.00000000,RMB_MILLION,H3B_ATTEMPT005
BEAR,2027,CF_DEBT_REPAYMENTS,-5835.26288697,RMB_MILLION,H3B_ATTEMPT005
BEAR,2027,CF_DIVIDENDS_INTEREST,-28366.74253467,RMB_MILLION,H3B_ATTEMPT005
BEAR,2027,CF_FX_EFFECT,0.00000000,RMB_MILLION,H3B_ATTEMPT005
BEAR,2027,CF_INVESTMENT_PROCEEDS,0.00000000,RMB_MILLION,H3B_ATTEMPT005
BEAR,2027,CF_INVESTMENT_PURCHASES,0.00000000,RMB_MILLION,H3B_ATTEMPT005
BEAR,2027,CF_NET_CHANGE_CASH,3052.96765475,RMB_MILLION,H3B_ATTEMPT005
BEAR,2027,CF_OPENING_CASH,78493.67792992,RMB_MILLION,H3B_ATTEMPT005
BEAR,2027,CF_TAXES_PAID,-5897.54899607,RMB_MILLION,H3B_ATTEMPT005
BEAR,2027,DIVIDENDS,25202.01328840,RMB_MILLION,H3B_ATTEMPT005
BEAR,2027,DRV_EFFECTIVE_TAX_RATE_PERCENT,14.55070322,PERCENT,H3B_ATTEMPT005
BEAR,2027,EBIT,40744.30311466,RMB_MILLION,H3B_ATTEMPT005
BEAR,2027,EPS_DENOMINATOR_SHARES,7402514160.00000000,SHARES,H3B_ATTEMPT005
BEAR,2027,FCFF,38466.23738925,RMB_MILLION,H3B_ATTEMPT005
BEAR,2027,IS_ADJUSTED_ATTRIBUTABLE_NI,34124.82872055,RMB_MILLION,H3B_ATTEMPT005
BEAR,2027,IS_ADMIN_EXPENSE,-16909.97334070,RMB_MILLION,H3B_ATTEMPT005
BEAR,2027,IS_ASSET_DISPOSAL,-83.49275972,RMB_MILLION,H3B_ATTEMPT005
BEAR,2027,IS_ASSET_IMPAIRMENT,-1270.08297835,RMB_MILLION,H3B_ATTEMPT005
BEAR,2027,IS_ATTRIBUTABLE_NI,36339.47600578,RMB_MILLION,H3B_ATTEMPT005
BEAR,2027,IS_BASIC_EPS,4.90907214,RMB_PER_SHARE,H3B_ATTEMPT005
BEAR,2027,IS_CREDIT_IMPAIRMENT,-390.82044454,RMB_MILLION,H3B_ATTEMPT005
BEAR,2027,IS_DILUTED_EPS,4.90907214,RMB_PER_SHARE,H3B_ATTEMPT005
BEAR,2027,IS_FAIR_VALUE_CHANGE,859.21851669,RMB_MILLION,H3B_ATTEMPT005
BEAR,2027,IS_FEE_COMMISSION_EXPENSE,-1.80331358,RMB_MILLION,H3B_ATTEMPT005
BEAR,2027,IS_FEE_COMMISSION_INCOME,0.55790700,RMB_MILLION,H3B_ATTEMPT005
BEAR,2027,IS_FINANCE_INTEREST_INCOME,2784.13212742,RMB_MILLION,H3B_ATTEMPT005
BEAR,2027,IS_FINANCE_RESULT,-380.89913544,RMB_MILLION,H3B_ATTEMPT005
BEAR,2027,IS_FINANCIAL_BUSINESS_INTEREST_COST,-0.30201659,RMB_MILLION,H3B_ATTEMPT005
BEAR,2027,IS_FINANCIAL_BUSINESS_INTEREST_INCOME,2251.58087208,RMB_MILLION,H3B_ATTEMPT005
BEAR,2027,IS_FINANCING_INTEREST_EXPENSE,-3164.72924627,RMB_MILLION,H3B_ATTEMPT005
BEAR,2027,IS_INCOME_TAX,-6268.99159642,RMB_MILLION,H3B_ATTEMPT005
BEAR,2027,IS_INVESTMENT_INCOME,1861.14810701,RMB_MILLION,H3B_ATTEMPT005
BEAR,2027,IS_NCI_PROFIT,475.30300072,RMB_MILLION,H3B_ATTEMPT005
BEAR,2027,IS_NET_PROFIT,36814.77900650,RMB_MILLION,H3B_ATTEMPT005
BEAR,2027,IS_OPERATING_COST,-378132.54588655,RMB_MILLION,H3B_ATTEMPT005
BEAR,2027,IS_OPERATING_PROFIT,43083.77060292,RMB_MILLION,H3B_ATTEMPT005
BEAR,2027,IS_OPERATING_REVENUE,501294.52149586,RMB_MILLION,H3B_ATTEMPT005
BEAR,2027,IS_OTHER_INCOME,1908.90948608,RMB_MILLION,H3B_ATTEMPT005
BEAR,2027,IS_PBT,43083.77060292,RMB_MILLION,H3B_ATTEMPT005
BEAR,2027,IS_RD_EXPENSE,-18680.59536917,RMB_MILLION,H3B_ATTEMPT005
BEAR,2027,IS_SELLING_EXPENSE,-46806.83235859,RMB_MILLION,H3B_ATTEMPT005
BEAR,2027,IS_TAXES_SURCHARGES,-2435.12019516,RMB_MILLION,H3B_ATTEMPT005
BEAR,2027,IS_TOTAL_REVENUE,503546.66027494,RMB_MILLION,H3B_ATTEMPT005
BEAR,2027,PPE_AMORTIZATION,1204.26789102,RMB_MILLION,H3B_ATTEMPT005
BEAR,2027,PPE_CAPEX,8922.74175605,RMB_MILLION,H3B_ATTEMPT005
BEAR,2027,PPE_DEPRECIATION,6655.78148559,RMB_MILLION,H3B_ATTEMPT005
BEAR,2027,SEGMENT_REVENUE_BUILDING_TECH,42753.00070975,RMB_MILLION,H3B_ATTEMPT005
BEAR,2027,SEGMENT_REVENUE_ELIMINATIONS,0.00000000,RMB_MILLION,H3B_ATTEMPT005
BEAR,2027,SEGMENT_REVENUE_INDUSTRIAL_TECH,31176.45499592,RMB_MILLION,H3B_ATTEMPT005
BEAR,2027,SEGMENT_REVENUE_OTHER,68498.72983701,RMB_MILLION,H3B_ATTEMPT005
BEAR,2027,SEGMENT_REVENUE_SMART_HOME,358866.33595318,RMB_MILLION,H3B_ATTEMPT005
BEAR,2028,BS_AP,102020.17994911,RMB_MILLION,H3B_ATTEMPT005
BEAR,2028,BS_AR,46615.10871732,RMB_MILLION,H3B_ATTEMPT005
BEAR,2028,BS_CAPITAL_RESERVE,45350.72000000,RMB_MILLION,H3B_ATTEMPT005
BEAR,2028,BS_CASH,113609.44763978,RMB_MILLION,H3B_ATTEMPT005
BEAR,2028,BS_CASH_TAXONOMY_OTHER,93.03426467,RMB_MILLION,H3B_ATTEMPT005
BEAR,2028,BS_CIP,4625.13579096,RMB_MILLION,H3B_ATTEMPT005
BEAR,2028,BS_CONTRACT_ASSETS,4943.99925048,RMB_MILLION,H3B_ATTEMPT005
BEAR,2028,BS_CONTRACT_LIABILITIES,54429.79945835,RMB_MILLION,H3B_ATTEMPT005
BEAR,2028,BS_CURRENT_PORTION_DEBT,0.00000000,RMB_MILLION,H3B_ATTEMPT005
BEAR,2028,BS_CURRENT_PORTION_NONCURRENT_ASSETS,155658.66172947,RMB_MILLION,H3B_ATTEMPT005
BEAR,2028,BS_CURRENT_PORTION_NONCURRENT_ASSETS_FINANCE,296.13372947,RMB_MILLION,H3B_ATTEMPT005
BEAR,2028,BS_CURRENT_PORTION_NONCURRENT_ASSETS_TREASURY,155362.52800000,RMB_MILLION,H3B_ATTEMPT005
BEAR,2028,BS_CUSTOMER_DEPOSITS,155.33315782,RMB_MILLION,H3B_ATTEMPT005
BEAR,2028,BS_DERIVATIVE_FINANCIAL_ASSETS,2574.97806131,RMB_MILLION,H3B_ATTEMPT005
BEAR,2028,BS_DERIVATIVE_LIABILITIES,985.62485008,RMB_MILLION,H3B_ATTEMPT005
BEAR,2028,BS_EMPLOYEE_COMP,11171.85467464,RMB_MILLION,H3B_ATTEMPT005
BEAR,2028,BS_GOODWILL,39678.07087776,RMB_MILLION,H3B_ATTEMPT005
BEAR,2028,BS_INCOME_TAX_PAYABLE,5195.01559499,RMB_MILLION,H3B_ATTEMPT005
BEAR,2028,BS_INTANGIBLES,18001.56860251,RMB_MILLION,H3B_ATTEMPT005
BEAR,2028,BS_INVENTORY,73313.32732512,RMB_MILLION,H3B_ATTEMPT005
BEAR,2028,BS_LOANS_ADVANCES_CURRENT,13643.30007636,RMB_MILLION,H3B_ATTEMPT005
BEAR,2028,BS_LONG_TERM_BORROWINGS,22260.63815067,RMB_MILLION,H3B_ATTEMPT005
BEAR,2028,BS_LONG_TERM_INVESTMENTS,5530.70362570,RMB_MILLION,H3B_ATTEMPT005
BEAR,2028,BS_NCI,14636.45015469,RMB_MILLION,H3B_ATTEMPT005
BEAR,2028,BS_NOTES_PAYABLE,31413.96929170,RMB_MILLION,H3B_ATTEMPT005
BEAR,2028,BS_NOTES_RECEIVABLE,6077.07303792,RMB_MILLION,H3B_ATTEMPT005
BEAR,2028,BS_OTHER_CURRENT_ASSETS,29166.50291510,RMB_MILLION,H3B_ATTEMPT005
BEAR,2028,BS_OTHER_CURRENT_ASSETS_HEDGE,3708.02173421,RMB_MILLION,H3B_ATTEMPT005
BEAR,2028,BS_OTHER_CURRENT_ASSETS_OPERATING,24031.34718089,RMB_MILLION,H3B_ATTEMPT005
BEAR,2028,BS_OTHER_CURRENT_ASSETS_TREASURY,1427.13400000,RMB_MILLION,H3B_ATTEMPT005
BEAR,2028,BS_OTHER_CURRENT_LIABILITIES,107181.63827941,RMB_MILLION,H3B_ATTEMPT005
BEAR,2028,BS_OTHER_CURRENT_LIABILITIES_HEDGE,24.87925009,RMB_MILLION,H3B_ATTEMPT005
BEAR,2028,BS_OTHER_CURRENT_LIABILITIES_OPERATING,107156.75902932,RMB_MILLION,H3B_ATTEMPT005
BEAR,2028,BS_OTHER_NONCURRENT_FINANCIAL_ASSETS,5543.49651757,RMB_MILLION,H3B_ATTEMPT005
BEAR,2028,BS_OTHER_PAYABLES,5586.80008010,RMB_MILLION,H3B_ATTEMPT005
BEAR,2028,BS_OTHER_RECEIVABLES,3695.50798104,RMB_MILLION,H3B_ATTEMPT005
BEAR,2028,BS_OTHER_RESERVES,11196.53700000,RMB_MILLION,H3B_ATTEMPT005
BEAR,2028,BS_OTHER_TAXES_PAYABLE,3102.80849416,RMB_MILLION,H3B_ATTEMPT005
BEAR,2028,BS_PARENT_EQUITY,256812.32147378,RMB_MILLION,H3B_ATTEMPT005
BEAR,2028,BS_PPE,50171.10971126,RMB_MILLION,H3B_ATTEMPT005
BEAR,2028,BS_PREPAYMENTS,3460.03653483,RMB_MILLION,H3B_ATTEMPT005
BEAR,2028,BS_RECEIVABLES_FINANCING,17298.89006507,RMB_MILLION,H3B_ATTEMPT005
BEAR,2028,BS_RESTRICTED_CASH,5461.78879789,RMB_MILLION,H3B_ATTEMPT005
BEAR,2028,BS_RETAINED_EARNINGS,200819.03647378,RMB_MILLION,H3B_ATTEMPT005
BEAR,2028,BS_SHARE_CAPITAL,7597.14500000,RMB_MILLION,H3B_ATTEMPT005
BEAR,2028,BS_SHORT_TERM_BORROWING,50852.52698609,RMB_MILLION,H3B_ATTEMPT005
BEAR,2028,BS_TAXES_PAYABLE,8297.82408915,RMB_MILLION,H3B_ATTEMPT005
BEAR,2028,BS_TERM_DEPOSITS,13832.55264009,RMB_MILLION,H3B_ATTEMPT005
BEAR,2028,BS_TOTAL_ASSETS,685531.65660681,RMB_MILLION,H3B_ATTEMPT005
BEAR,2028,BS_TOTAL_CURRENT_ASSETS,470880.02262562,RMB_MILLION,H3B_ATTEMPT005
BEAR,2028,BS_TOTAL_CURRENT_ASSETS_OTHER_IMMATERIAL_COMPONENTS,0.00000000,RMB_MILLION,H3B_ATTEMPT005
BEAR,2028,BS_TOTAL_CURRENT_LIABILITIES,372913.78510678,RMB_MILLION,H3B_ATTEMPT005
BEAR,2028,BS_TOTAL_CURRENT_LIABILITIES_OTHER_IMMATERIAL_COMPONENTS,0.00000000,RMB_MILLION,H3B_ATTEMPT005
BEAR,2028,BS_TOTAL_EQUITY,271448.77162847,RMB_MILLION,H3B_ATTEMPT005
BEAR,2028,BS_TOTAL_LIABILITIES,414082.88497834,RMB_MILLION,H3B_ATTEMPT005
BEAR,2028,BS_TOTAL_NONCURRENT_ASSETS,214651.63398119,RMB_MILLION,H3B_ATTEMPT005
BEAR,2028,BS_TOTAL_NONCURRENT_ASSETS_OTHER_IMMATERIAL_COMPONENTS,91101.54885543,RMB_MILLION,H3B_ATTEMPT005
BEAR,2028,BS_TOTAL_NONCURRENT_LIABILITIES,41169.09987156,RMB_MILLION,H3B_ATTEMPT005
BEAR,2028,BS_TOTAL_NONCURRENT_LIABILITIES_OTHER_IMMATERIAL_COMPONENTS,18908.46172089,RMB_MILLION,H3B_ATTEMPT005
BEAR,2028,BS_TRADING_FINANCIAL_ASSETS,823.18929182,RMB_MILLION,H3B_ATTEMPT005
BEAR,2028,BS_TRADING_FINANCIAL_LIABILITIES,818.23429033,RMB_MILLION,H3B_ATTEMPT005
BEAR,2028,BS_TREASURY_SHARES,-8151.11700000,RMB_MILLION,H3B_ATTEMPT005
BEAR,2028,CF_ACQUISITION_PAYMENTS,0.00000000,RMB_MILLION,H3B_ATTEMPT005
BEAR,2028,CF_CAPEX,-9538.59968983,RMB_MILLION,H3B_ATTEMPT005
BEAR,2028,CF_CASH_FROM_SALES,526782.29309847,RMB_MILLION,H3B_ATTEMPT005
BEAR,2028,CF_CASH_TO_EMPLOYEES,-30684.23542235,RMB_MILLION,H3B_ATTEMPT005
BEAR,2028,CF_CASH_TO_SUPPLIERS,-398263.46710790,RMB_MILLION,H3B_ATTEMPT005
BEAR,2028,CF_CFF,-22669.98039493,RMB_MILLION,H3B_ATTEMPT005
BEAR,2028,CF_CFI,-18208.42559665,RMB_MILLION,H3B_ATTEMPT005
BEAR,2028,CF_CFO,53553.83234404,RMB_MILLION,H3B_ATTEMPT005
BEAR,2028,CF_CLOSING_CASH,94222.07193713,RMB_MILLION,H3B_ATTEMPT005
BEAR,2028,CF_DEBT_PROCEEDS,3612.18346820,RMB_MILLION,H3B_ATTEMPT005
BEAR,2028,CF_DEBT_REPAYMENTS,0.00000000,RMB_MILLION,H3B_ATTEMPT005
BEAR,2028,CF_DIVIDENDS_INTEREST,-29350.80909047,RMB_MILLION,H3B_ATTEMPT005
BEAR,2028,CF_FX_EFFECT,0.00000000,RMB_MILLION,H3B_ATTEMPT005
BEAR,2028,CF_INVESTMENT_PROCEEDS,0.00000000,RMB_MILLION,H3B_ATTEMPT005
BEAR,2028,CF_INVESTMENT_PURCHASES,0.00000000,RMB_MILLION,H3B_ATTEMPT005
BEAR,2028,CF_NET_CHANGE_CASH,12675.42635246,RMB_MILLION,H3B_ATTEMPT005
BEAR,2028,CF_OPENING_CASH,81546.64558467,RMB_MILLION,H3B_ATTEMPT005
BEAR,2028,CF_TAXES_PAID,-6131.63402899,RMB_MILLION,H3B_ATTEMPT005
BEAR,2028,DIVIDENDS,26324.55708108,RMB_MILLION,H3B_ATTEMPT005
BEAR,2028,DRV_EFFECTIVE_TAX_RATE_PERCENT,14.57599741,PERCENT,H3B_ATTEMPT005
BEAR,2028,EBIT,42272.18099373,RMB_MILLION,H3B_ATTEMPT005
BEAR,2028,EPS_DENOMINATOR_SHARES,7402514160.00000000,SHARES,H3B_ATTEMPT005
BEAR,2028,FCFF,40422.42913504,RMB_MILLION,H3B_ATTEMPT005
BEAR,2028,IS_ADJUSTED_ATTRIBUTABLE_NI,35644.81104173,RMB_MILLION,H3B_ATTEMPT005
BEAR,2028,IS_ADMIN_EXPENSE,-18083.67385540,RMB_MILLION,H3B_ATTEMPT005
BEAR,2028,IS_ASSET_DISPOSAL,-88.05493990,RMB_MILLION,H3B_ATTEMPT005
BEAR,2028,IS_ASSET_IMPAIRMENT,-1339.48237782,RMB_MILLION,H3B_ATTEMPT005
BEAR,2028,IS_ATTRIBUTABLE_NI,37958.10276997,RMB_MILLION,H3B_ATTEMPT005
BEAR,2028,IS_BASIC_EPS,5.12773119,RMB_PER_SHARE,H3B_ATTEMPT005
BEAR,2028,IS_CREDIT_IMPAIRMENT,-412.17550922,RMB_MILLION,H3B_ATTEMPT005
BEAR,2028,IS_DILUTED_EPS,5.12773119,RMB_PER_SHARE,H3B_ATTEMPT005
BEAR,2028,IS_FAIR_VALUE_CHANGE,906.16761378,RMB_MILLION,H3B_ATTEMPT005
BEAR,2028,IS_FEE_COMMISSION_EXPENSE,-1.90184956,RMB_MILLION,H3B_ATTEMPT005
BEAR,2028,IS_FEE_COMMISSION_INCOME,0.58839195,RMB_MILLION,H3B_ATTEMPT005
BEAR,2028,IS_FINANCE_INTEREST_INCOME,2901.50365010,RMB_MILLION,H3B_ATTEMPT005
BEAR,2028,IS_FINANCE_RESULT,-125.06687855,RMB_MILLION,H3B_ATTEMPT005
BEAR,2028,IS_FINANCIAL_BUSINESS_INTEREST_COST,-0.31851926,RMB_MILLION,H3B_ATTEMPT005
BEAR,2028,IS_FINANCIAL_BUSINESS_INTEREST_INCOME,2374.61091267,RMB_MILLION,H3B_ATTEMPT005
BEAR,2028,IS_FINANCING_INTEREST_EXPENSE,-3026.25200939,RMB_MILLION,H3B_ATTEMPT005
BEAR,2028,IS_INCOME_TAX,-6561.54935916,RMB_MILLION,H3B_ATTEMPT005
BEAR,2028,IS_INVESTMENT_INCOME,1962.84426636,RMB_MILLION,H3B_ATTEMPT005
BEAR,2028,IS_NCI_PROFIT,496.47386619,RMB_MILLION,H3B_ATTEMPT005
BEAR,2028,IS_NET_PROFIT,38454.57663616,RMB_MILLION,H3B_ATTEMPT005
BEAR,2028,IS_OPERATING_COST,-398723.26525819,RMB_MILLION,H3B_ATTEMPT005
BEAR,2028,IS_OPERATING_PROFIT,45016.12599532,RMB_MILLION,H3B_ATTEMPT005
BEAR,2028,IS_OPERATING_REVENUE,528686.06940567,RMB_MILLION,H3B_ATTEMPT005
BEAR,2028,IS_OTHER_INCOME,2013.21540485,RMB_MILLION,H3B_ATTEMPT005
BEAR,2028,IS_PBT,45016.12599532,RMB_MILLION,H3B_ATTEMPT005
BEAR,2028,IS_RD_EXPENSE,-19937.99868912,RMB_MILLION,H3B_ATTEMPT005
BEAR,2028,IS_SELLING_EXPENSE,-49647.57151934,RMB_MILLION,H3B_ATTEMPT005
BEAR,2028,IS_TAXES_SURCHARGES,-2568.17912286,RMB_MILLION,H3B_ATTEMPT005
BEAR,2028,IS_TOTAL_REVENUE,531061.26871029,RMB_MILLION,H3B_ATTEMPT005
BEAR,2028,PPE_AMORTIZATION,1132.96273988,RMB_MILLION,H3B_ATTEMPT005
BEAR,2028,PPE_CAPEX,9538.59968983,RMB_MILLION,H3B_ATTEMPT005
BEAR,2028,PPE_DEPRECIATION,6930.19468331,RMB_MILLION,H3B_ATTEMPT005
BEAR,2028,SEGMENT_REVENUE_BUILDING_TECH,45089.09419774,RMB_MILLION,H3B_ATTEMPT005
BEAR,2028,SEGMENT_REVENUE_ELIMINATIONS,0.00000000,RMB_MILLION,H3B_ATTEMPT005
BEAR,2028,SEGMENT_REVENUE_INDUSTRIAL_TECH,32879.98719916,RMB_MILLION,H3B_ATTEMPT005
BEAR,2028,SEGMENT_REVENUE_OTHER,72241.61183479,RMB_MILLION,H3B_ATTEMPT005
BEAR,2028,SEGMENT_REVENUE_SMART_HOME,378475.37617398,RMB_MILLION,H3B_ATTEMPT005
BEAR,2029,BS_AP,107767.23979756,RMB_MILLION,H3B_ATTEMPT005
BEAR,2029,BS_AR,48945.66296862,RMB_MILLION,H3B_ATTEMPT005
BEAR,2029,BS_CAPITAL_RESERVE,45350.72000000,RMB_MILLION,H3B_ATTEMPT005
BEAR,2029,BS_CASH,128082.04475455,RMB_MILLION,H3B_ATTEMPT005
BEAR,2029,BS_CASH_TAXONOMY_OTHER,98.42576927,RMB_MILLION,H3B_ATTEMPT005
BEAR,2029,BS_CIP,5069.86964545,RMB_MILLION,H3B_ATTEMPT005
BEAR,2029,BS_CONTRACT_ASSETS,5230.51298584,RMB_MILLION,H3B_ATTEMPT005
BEAR,2029,BS_CONTRACT_LIABILITIES,57584.10518692,RMB_MILLION,H3B_ATTEMPT005
BEAR,2029,BS_CURRENT_PORTION_DEBT,0.00000000,RMB_MILLION,H3B_ATTEMPT005
BEAR,2029,BS_CURRENT_PORTION_NONCURRENT_ASSETS,155675.82321690,RMB_MILLION,H3B_ATTEMPT005
BEAR,2029,BS_CURRENT_PORTION_NONCURRENT_ASSETS_FINANCE,313.29521690,RMB_MILLION,H3B_ATTEMPT005
BEAR,2029,BS_CURRENT_PORTION_NONCURRENT_ASSETS_TREASURY,155362.52800000,RMB_MILLION,H3B_ATTEMPT005
BEAR,2029,BS_CUSTOMER_DEPOSITS,164.33499641,RMB_MILLION,H3B_ATTEMPT005
BEAR,2029,BS_DERIVATIVE_FINANCIAL_ASSETS,2724.20271638,RMB_MILLION,H3B_ATTEMPT005
BEAR,2029,BS_DERIVATIVE_LIABILITIES,1042.74360013,RMB_MILLION,H3B_ATTEMPT005
BEAR,2029,BS_EMPLOYEE_COMP,11819.28394224,RMB_MILLION,H3B_ATTEMPT005
BEAR,2029,BS_GOODWILL,41977.48714447,RMB_MILLION,H3B_ATTEMPT005
BEAR,2029,BS_INCOME_TAX_PAYABLE,5496.07618339,RMB_MILLION,H3B_ATTEMPT005
BEAR,2029,BS_INTANGIBLES,16935.68900917,RMB_MILLION,H3B_ATTEMPT005
BEAR,2029,BS_INVENTORY,78141.75861999,RMB_MILLION,H3B_ATTEMPT005
BEAR,2029,BS_LOANS_ADVANCES_CURRENT,14433.95409338,RMB_MILLION,H3B_ATTEMPT005
BEAR,2029,BS_LONG_TERM_BORROWINGS,23333.97153912,RMB_MILLION,H3B_ATTEMPT005
BEAR,2029,BS_LONG_TERM_INVESTMENTS,5851.21794512,RMB_MILLION,H3B_ATTEMPT005
BEAR,2029,BS_NCI,15158.84220413,RMB_MILLION,H3B_ATTEMPT005
BEAR,2029,BS_NOTES_PAYABLE,33234.46586307,RMB_MILLION,H3B_ATTEMPT005
BEAR,2029,BS_NOTES_RECEIVABLE,6429.25045704,RMB_MILLION,H3B_ATTEMPT005
BEAR,2029,BS_OTHER_CURRENT_ASSETS,30774.04972120,RMB_MILLION,H3B_ATTEMPT005
BEAR,2029,BS_OTHER_CURRENT_ASSETS_HEDGE,3922.90832784,RMB_MILLION,H3B_ATTEMPT005
BEAR,2029,BS_OTHER_CURRENT_ASSETS_OPERATING,25424.00739336,RMB_MILLION,H3B_ATTEMPT005
BEAR,2029,BS_OTHER_CURRENT_ASSETS_TREASURY,1427.13400000,RMB_MILLION,H3B_ATTEMPT005
BEAR,2029,BS_OTHER_CURRENT_LIABILITIES,113393.00887028,RMB_MILLION,H3B_ATTEMPT005
BEAR,2029,BS_OTHER_CURRENT_LIABILITIES_HEDGE,26.32104782,RMB_MILLION,H3B_ATTEMPT005
BEAR,2029,BS_OTHER_CURRENT_LIABILITIES_OPERATING,113366.68782246,RMB_MILLION,H3B_ATTEMPT005
BEAR,2029,BS_OTHER_NONCURRENT_FINANCIAL_ASSETS,5864.75220830,RMB_MILLION,H3B_ATTEMPT005
BEAR,2029,BS_OTHER_PAYABLES,5910.56529093,RMB_MILLION,H3B_ATTEMPT005
BEAR,2029,BS_OTHER_RECEIVABLES,3909.66937996,RMB_MILLION,H3B_ATTEMPT005
BEAR,2029,BS_OTHER_RESERVES,11196.53700000,RMB_MILLION,H3B_ATTEMPT005
BEAR,2029,BS_OTHER_TAXES_PAYABLE,3282.62188141,RMB_MILLION,H3B_ATTEMPT005
BEAR,2029,BS_PARENT_EQUITY,269053.19091030,RMB_MILLION,H3B_ATTEMPT005
BEAR,2029,BS_PPE,52650.03478439,RMB_MILLION,H3B_ATTEMPT005
BEAR,2029,BS_PREPAYMENTS,3660.55193580,RMB_MILLION,H3B_ATTEMPT005
BEAR,2029,BS_RECEIVABLES_FINANCING,18301.39216086,RMB_MILLION,H3B_ATTEMPT005
BEAR,2029,BS_RESTRICTED_CASH,5778.30937789,RMB_MILLION,H3B_ATTEMPT005
BEAR,2029,BS_RETAINED_EARNINGS,213059.90591030,RMB_MILLION,H3B_ATTEMPT005
BEAR,2029,BS_SHARE_CAPITAL,7597.14500000,RMB_MILLION,H3B_ATTEMPT005
BEAR,2029,BS_SHORT_TERM_BORROWING,53799.52327821,RMB_MILLION,H3B_ATTEMPT005
BEAR,2029,BS_TAXES_PAYABLE,8778.69806480,RMB_MILLION,H3B_ATTEMPT005
BEAR,2029,BS_TERM_DEPOSITS,14634.17418688,RMB_MILLION,H3B_ATTEMPT005
BEAR,2029,BS_TOTAL_ASSETS,721909.86741482,RMB_MILLION,H3B_ATTEMPT005
BEAR,2029,BS_TOTAL_CURRENT_ASSETS,497179.76761679,RMB_MILLION,H3B_ATTEMPT005
BEAR,2029,BS_TOTAL_CURRENT_ASSETS_OTHER_IMMATERIAL_COMPONENTS,0.00000000,RMB_MILLION,H3B_ATTEMPT005
BEAR,2029,BS_TOTAL_CURRENT_LIABILITIES,394359.62134400,RMB_MILLION,H3B_ATTEMPT005
BEAR,2029,BS_TOTAL_CURRENT_LIABILITIES_OTHER_IMMATERIAL_COMPONENTS,0.00000000,RMB_MILLION,H3B_ATTEMPT005
BEAR,2029,BS_TOTAL_EQUITY,284212.03311443,RMB_MILLION,H3B_ATTEMPT005
BEAR,2029,BS_TOTAL_LIABILITIES,437697.83430039,RMB_MILLION,H3B_ATTEMPT005
BEAR,2029,BS_TOTAL_NONCURRENT_ASSETS,224730.09979803,RMB_MILLION,H3B_ATTEMPT005
BEAR,2029,BS_TOTAL_NONCURRENT_ASSETS_OTHER_IMMATERIAL_COMPONENTS,96381.04906113,RMB_MILLION,H3B_ATTEMPT005
BEAR,2029,BS_TOTAL_NONCURRENT_LIABILITIES,43338.21295639,RMB_MILLION,H3B_ATTEMPT005
BEAR,2029,BS_TOTAL_NONCURRENT_LIABILITIES_OTHER_IMMATERIAL_COMPONENTS,20004.24141727,RMB_MILLION,H3B_ATTEMPT005
BEAR,2029,BS_TRADING_FINANCIAL_ASSETS,870.89460627,RMB_MILLION,H3B_ATTEMPT005
BEAR,2029,BS_TRADING_FINANCIAL_LIABILITIES,865.65245345,RMB_MILLION,H3B_ATTEMPT005
BEAR,2029,BS_TREASURY_SHARES,-8151.11700000,RMB_MILLION,H3B_ATTEMPT005
BEAR,2029,CF_ACQUISITION_PAYMENTS,0.00000000,RMB_MILLION,H3B_ATTEMPT005
BEAR,2029,CF_CAPEX,-10179.61010562,RMB_MILLION,H3B_ATTEMPT005
BEAR,2029,CF_CASH_FROM_SALES,556993.83302320,RMB_MILLION,H3B_ATTEMPT005
BEAR,2029,CF_CASH_TO_EMPLOYEES,-32647.65257279,RMB_MILLION,H3B_ATTEMPT005
BEAR,2029,CF_CASH_TO_SUPPLIERS,-420862.50973527,RMB_MILLION,H3B_ATTEMPT005
BEAR,2029,CF_CFF,-23631.07028288,RMB_MILLION,H3B_ATTEMPT005
BEAR,2029,CF_CFI,-19877.08623494,RMB_MILLION,H3B_ATTEMPT005
BEAR,2029,CF_CFO,56857.22000120,RMB_MILLION,H3B_ATTEMPT005
BEAR,2029,CF_CLOSING_CASH,107571.13542051,RMB_MILLION,H3B_ATTEMPT005
BEAR,2029,CF_DEBT_PROCEEDS,4020.32968056,RMB_MILLION,H3B_ATTEMPT005
BEAR,2029,CF_DEBT_REPAYMENTS,0.00000000,RMB_MILLION,H3B_ATTEMPT005
BEAR,2029,CF_DIVIDENDS_INTEREST,-30881.18029568,RMB_MILLION,H3B_ATTEMPT005
BEAR,2029,CF_FX_EFFECT,0.00000000,RMB_MILLION,H3B_ATTEMPT005
BEAR,2029,CF_INVESTMENT_PROCEEDS,0.00000000,RMB_MILLION,H3B_ATTEMPT005
BEAR,2029,CF_INVESTMENT_PURCHASES,0.00000000,RMB_MILLION,H3B_ATTEMPT005
BEAR,2029,CF_NET_CHANGE_CASH,13349.06348338,RMB_MILLION,H3B_ATTEMPT005
BEAR,2029,CF_OPENING_CASH,94222.07193713,RMB_MILLION,H3B_ATTEMPT005
BEAR,2029,CF_TAXES_PAID,-6432.33609753,RMB_MILLION,H3B_ATTEMPT005
BEAR,2029,DIVIDENDS,27698.81812657,RMB_MILLION,H3B_ATTEMPT005
BEAR,2029,DRV_EFFECTIVE_TAX_RATE_PERCENT,14.59243863,PERCENT,H3B_ATTEMPT005
BEAR,2029,EBIT,44241.62358784,RMB_MILLION,H3B_ATTEMPT005
BEAR,2029,EPS_DENOMINATOR_SHARES,7402514160.00000000,SHARES,H3B_ATTEMPT005
BEAR,2029,FCFF,42604.38181514,RMB_MILLION,H3B_ATTEMPT005
BEAR,2029,IS_ADJUSTED_ATTRIBUTABLE_NI,37505.63153484,RMB_MILLION,H3B_ATTEMPT005
BEAR,2029,IS_ADMIN_EXPENSE,-19303.37478401,RMB_MILLION,H3B_ATTEMPT005
BEAR,2029,IS_ASSET_DISPOSAL,-93.15788358,RMB_MILLION,H3B_ATTEMPT005
BEAR,2029,IS_ASSET_IMPAIRMENT,-1417.10781425,RMB_MILLION,H3B_ATTEMPT005
BEAR,2029,IS_ATTRIBUTABLE_NI,39939.68756309,RMB_MILLION,H3B_ATTEMPT005
BEAR,2029,IS_BASIC_EPS,5.39542197,RMB_PER_SHARE,H3B_ATTEMPT005
BEAR,2029,IS_CREDIT_IMPAIRMENT,-436.06182853,RMB_MILLION,H3B_ATTEMPT005
BEAR,2029,IS_DILUTED_EPS,5.39542197,RMB_PER_SHARE,H3B_ATTEMPT005
BEAR,2029,IS_FAIR_VALUE_CHANGE,958.68167269,RMB_MILLION,H3B_ATTEMPT005
BEAR,2029,IS_FEE_COMMISSION_EXPENSE,-2.01206520,RMB_MILLION,H3B_ATTEMPT005
BEAR,2029,IS_FEE_COMMISSION_INCOME,0.62249033,RMB_MILLION,H3B_ATTEMPT005
BEAR,2029,IS_FINANCE_INTEREST_INCOME,3281.08891599,RMB_MILLION,H3B_ATTEMPT005
BEAR,2029,IS_FINANCE_RESULT,98.38976885,RMB_MILLION,H3B_ATTEMPT005
BEAR,2029,IS_FINANCIAL_BUSINESS_INTEREST_COST,-0.33697803,RMB_MILLION,H3B_ATTEMPT005
BEAR,2029,IS_FINANCIAL_BUSINESS_INTEREST_INCOME,2512.22392759,RMB_MILLION,H3B_ATTEMPT005
BEAR,2029,IS_FINANCING_INTEREST_EXPENSE,-3182.36216911,RMB_MILLION,H3B_ATTEMPT005
BEAR,2029,IS_INCOME_TAX,-6913.21007317,RMB_MILLION,H3B_ATTEMPT005
BEAR,2029,IS_INVESTMENT_INCOME,2076.59465632,RMB_MILLION,H3B_ATTEMPT005
BEAR,2029,IS_NCI_PROFIT,522.39204944,RMB_MILLION,H3B_ATTEMPT005
BEAR,2029,IS_NET_PROFIT,40462.07961253,RMB_MILLION,H3B_ATTEMPT005
BEAR,2029,IS_OPERATING_COST,-421781.13828885,RMB_MILLION,H3B_ATTEMPT005
BEAR,2029,IS_OPERATING_PROFIT,47375.28968570,RMB_MILLION,H3B_ATTEMPT005
BEAR,2029,IS_OPERATING_REVENUE,559324.38727450,RMB_MILLION,H3B_ATTEMPT005
BEAR,2029,IS_OTHER_INCOME,2129.88489377,RMB_MILLION,H3B_ATTEMPT005
BEAR,2029,IS_PBT,47375.28968570,RMB_MILLION,H3B_ATTEMPT005
BEAR,2029,IS_RD_EXPENSE,-21256.18921071,RMB_MILLION,H3B_ATTEMPT005
BEAR,2029,IS_SELLING_EXPENSE,-52719.44335612,RMB_MILLION,H3B_ATTEMPT005
BEAR,2029,IS_TAXES_SURCHARGES,-2717.00976710,RMB_MILLION,H3B_ATTEMPT005
BEAR,2029,IS_TOTAL_REVENUE,561837.23369242,RMB_MILLION,H3B_ATTEMPT005
BEAR,2029,PPE_AMORTIZATION,1065.87959334,RMB_MILLION,H3B_ATTEMPT005
BEAR,2029,PPE_CAPEX,10179.61010562,RMB_MILLION,H3B_ATTEMPT005
BEAR,2029,PPE_DEPRECIATION,7255.95117800,RMB_MILLION,H3B_ATTEMPT005
BEAR,2029,SEGMENT_REVENUE_BUILDING_TECH,47702.08909280,RMB_MILLION,H3B_ATTEMPT005
BEAR,2029,SEGMENT_REVENUE_ELIMINATIONS,0.00000000,RMB_MILLION,H3B_ATTEMPT005
BEAR,2029,SEGMENT_REVENUE_INDUSTRIAL_TECH,34785.44217070,RMB_MILLION,H3B_ATTEMPT005
BEAR,2029,SEGMENT_REVENUE_OTHER,76428.14443860,RMB_MILLION,H3B_ATTEMPT005
BEAR,2029,SEGMENT_REVENUE_SMART_HOME,400408.71157240,RMB_MILLION,H3B_ATTEMPT005
BEAR,2030,BS_AP,114130.61133067,RMB_MILLION,H3B_ATTEMPT005
BEAR,2030,BS_AR,51631.90720121,RMB_MILLION,H3B_ATTEMPT005
BEAR,2030,BS_CAPITAL_RESERVE,45350.72000000,RMB_MILLION,H3B_ATTEMPT005
BEAR,2030,BS_CASH,143389.39788199,RMB_MILLION,H3B_ATTEMPT005
BEAR,2030,BS_CASH_TAXONOMY_OTHER,104.34149654,RMB_MILLION,H3B_ATTEMPT005
BEAR,2030,BS_CIP,5501.89584501,RMB_MILLION,H3B_ATTEMPT005
BEAR,2030,BS_CONTRACT_ASSETS,5544.88480664,RMB_MILLION,H3B_ATTEMPT005
BEAR,2030,BS_CONTRACT_LIABILITIES,61045.10796918,RMB_MILLION,H3B_ATTEMPT005
BEAR,2030,BS_CURRENT_PORTION_DEBT,0.00000000,RMB_MILLION,H3B_ATTEMPT005
BEAR,2030,BS_CURRENT_PORTION_NONCURRENT_ASSETS,155694.65333701,RMB_MILLION,H3B_ATTEMPT005
BEAR,2030,BS_CURRENT_PORTION_NONCURRENT_ASSETS_FINANCE,332.12533701,RMB_MILLION,H3B_ATTEMPT005
BEAR,2030,BS_CURRENT_PORTION_NONCURRENT_ASSETS_TREASURY,155362.52800000,RMB_MILLION,H3B_ATTEMPT005
BEAR,2030,BS_CUSTOMER_DEPOSITS,174.21209493,RMB_MILLION,H3B_ATTEMPT005
BEAR,2030,BS_DERIVATIVE_FINANCIAL_ASSETS,2887.93666953,RMB_MILLION,H3B_ATTEMPT005
BEAR,2030,BS_DERIVATIVE_LIABILITIES,1105.41607702,RMB_MILLION,H3B_ATTEMPT005
BEAR,2030,BS_EMPLOYEE_COMP,12529.66355959,RMB_MILLION,H3B_ATTEMPT005
BEAR,2030,BS_GOODWILL,44500.47850342,RMB_MILLION,H3B_ATTEMPT005
BEAR,2030,BS_INCOME_TAX_PAYABLE,5826.40926576,RMB_MILLION,H3B_ATTEMPT005
BEAR,2030,BS_INTANGIBLES,15932.92054423,RMB_MILLION,H3B_ATTEMPT005
BEAR,2030,BS_INVENTORY,83237.78440452,RMB_MILLION,H3B_ATTEMPT005
BEAR,2030,BS_LOANS_ADVANCES_CURRENT,15301.48437998,RMB_MILLION,H3B_ATTEMPT005
BEAR,2030,BS_LONG_TERM_BORROWINGS,24496.50399808,RMB_MILLION,H3B_ATTEMPT005
BEAR,2030,BS_LONG_TERM_INVESTMENTS,6202.89626889,RMB_MILLION,H3B_ATTEMPT005
BEAR,2030,BS_NCI,15711.37991775,RMB_MILLION,H3B_ATTEMPT005
BEAR,2030,BS_NOTES_PAYABLE,35231.97157138,RMB_MILLION,H3B_ATTEMPT005
BEAR,2030,BS_NOTES_RECEIVABLE,6815.67052292,RMB_MILLION,H3B_ATTEMPT005
BEAR,2030,BS_OTHER_CURRENT_ASSETS,32537.90029476,RMB_MILLION,H3B_ATTEMPT005
BEAR,2030,BS_OTHER_CURRENT_ASSETS_HEDGE,4158.68861119,RMB_MILLION,H3B_ATTEMPT005
BEAR,2030,BS_OTHER_CURRENT_ASSETS_OPERATING,26952.07768357,RMB_MILLION,H3B_ATTEMPT005
BEAR,2030,BS_OTHER_CURRENT_ASSETS_TREASURY,1427.13400000,RMB_MILLION,H3B_ATTEMPT005
BEAR,2030,BS_OTHER_CURRENT_LIABILITIES,120208.31871864,RMB_MILLION,H3B_ATTEMPT005
BEAR,2030,BS_OTHER_CURRENT_LIABILITIES_HEDGE,27.90303332,RMB_MILLION,H3B_ATTEMPT005
BEAR,2030,BS_OTHER_CURRENT_LIABILITIES_OPERATING,120180.41568532,RMB_MILLION,H3B_ATTEMPT005
BEAR,2030,BS_OTHER_NONCURRENT_FINANCIAL_ASSETS,6217.24398784,RMB_MILLION,H3B_ATTEMPT005
BEAR,2030,BS_OTHER_PAYABLES,6265.81059430,RMB_MILLION,H3B_ATTEMPT005
BEAR,2030,BS_OTHER_RECEIVABLES,4144.65395700,RMB_MILLION,H3B_ATTEMPT005
BEAR,2030,BS_OTHER_RESERVES,11196.53700000,RMB_MILLION,H3B_ATTEMPT005
BEAR,2030,BS_OTHER_TAXES_PAYABLE,3479.91874706,RMB_MILLION,H3B_ATTEMPT005
BEAR,2030,BS_PARENT_EQUITY,282000.44387550,RMB_MILLION,H3B_ATTEMPT005
BEAR,2030,BS_PPE,55442.31260511,RMB_MILLION,H3B_ATTEMPT005
BEAR,2030,BS_PREPAYMENTS,3880.56369761,RMB_MILLION,H3B_ATTEMPT005
BEAR,2030,BS_RECEIVABLES_FINANCING,19401.36877736,RMB_MILLION,H3B_ATTEMPT005
BEAR,2030,BS_RESTRICTED_CASH,6125.60564599,RMB_MILLION,H3B_ATTEMPT005
BEAR,2030,BS_RETAINED_EARNINGS,226007.15887550,RMB_MILLION,H3B_ATTEMPT005
BEAR,2030,BS_SHARE_CAPITAL,7597.14500000,RMB_MILLION,H3B_ATTEMPT005
BEAR,2030,BS_SHORT_TERM_BORROWING,57033.05967069,RMB_MILLION,H3B_ATTEMPT005
BEAR,2030,BS_TAXES_PAYABLE,9306.32801282,RMB_MILLION,H3B_ATTEMPT005
BEAR,2030,BS_TERM_DEPOSITS,15513.73838975,RMB_MILLION,H3B_ATTEMPT005
BEAR,2030,BS_TOTAL_ASSETS,761363.07366490,RMB_MILLION,H3B_ATTEMPT005
BEAR,2030,BS_TOTAL_CURRENT_ASSETS,525391.44429808,RMB_MILLION,H3B_ATTEMPT005
BEAR,2030,BS_TOTAL_CURRENT_ASSETS_OTHER_IMMATERIAL_COMPONENTS,0.00000000,RMB_MILLION,H3B_ATTEMPT005
BEAR,2030,BS_TOTAL_CURRENT_LIABILITIES,417948.18074253,RMB_MILLION,H3B_ATTEMPT005
BEAR,2030,BS_TOTAL_CURRENT_LIABILITIES_OTHER_IMMATERIAL_COMPONENTS,0.00000000,RMB_MILLION,H3B_ATTEMPT005
BEAR,2030,BS_TOTAL_EQUITY,297711.82379325,RMB_MILLION,H3B_ATTEMPT005
BEAR,2030,BS_TOTAL_LIABILITIES,463651.24987165,RMB_MILLION,H3B_ATTEMPT005
BEAR,2030,BS_TOTAL_NONCURRENT_ASSETS,235971.62936682,RMB_MILLION,H3B_ATTEMPT005
BEAR,2030,BS_TOTAL_NONCURRENT_ASSETS_OTHER_IMMATERIAL_COMPONENTS,102173.88161232,RMB_MILLION,H3B_ATTEMPT005
BEAR,2030,BS_TOTAL_NONCURRENT_LIABILITIES,45703.06912912,RMB_MILLION,H3B_ATTEMPT005
BEAR,2030,BS_TOTAL_NONCURRENT_LIABILITIES_OTHER_IMMATERIAL_COMPONENTS,21206.56513104,RMB_MILLION,H3B_ATTEMPT005
BEAR,2030,BS_TRADING_FINANCIAL_ASSETS,923.23836755,RMB_MILLION,H3B_ATTEMPT005
BEAR,2030,BS_TRADING_FINANCIAL_LIABILITIES,917.68114331,RMB_MILLION,H3B_ATTEMPT005
BEAR,2030,BS_TREASURY_SHARES,-8151.11700000,RMB_MILLION,H3B_ATTEMPT005
BEAR,2030,CF_ACQUISITION_PAYMENTS,0.00000000,RMB_MILLION,H3B_ATTEMPT005
BEAR,2030,CF_CAPEX,-10852.23696366,RMB_MILLION,H3B_ATTEMPT005
BEAR,2030,CF_CASH_FROM_SALES,590255.46251334,RMB_MILLION,H3B_ATTEMPT005
BEAR,2030,CF_CASH_TO_EMPLOYEES,-34737.51089467,RMB_MILLION,H3B_ATTEMPT005
BEAR,2030,CF_CASH_TO_SUPPLIERS,-445830.61887991,RMB_MILLION,H3B_ATTEMPT005
BEAR,2030,CF_CFF,-24849.13554999,RMB_MILLION,H3B_ATTEMPT005
BEAR,2030,CF_CFI,-21492.61071074,RMB_MILLION,H3B_ATTEMPT005
BEAR,2030,CF_CFO,60416.32318993,RMB_MILLION,H3B_ATTEMPT005
BEAR,2030,CF_CLOSING_CASH,121645.71234971,RMB_MILLION,H3B_ATTEMPT005
BEAR,2030,CF_DEBT_PROCEEDS,4396.06885143,RMB_MILLION,H3B_ATTEMPT005
BEAR,2030,CF_DEBT_REPAYMENTS,0.00000000,RMB_MILLION,H3B_ATTEMPT005
BEAR,2030,CF_DIVIDENDS_INTEREST,-32651.91679996,RMB_MILLION,H3B_ATTEMPT005
BEAR,2030,CF_FX_EFFECT,0.00000000,RMB_MILLION,H3B_ATTEMPT005
BEAR,2030,CF_INVESTMENT_PROCEEDS,0.00000000,RMB_MILLION,H3B_ATTEMPT005
BEAR,2030,CF_INVESTMENT_PURCHASES,0.00000000,RMB_MILLION,H3B_ATTEMPT005
BEAR,2030,CF_NET_CHANGE_CASH,14074.57692920,RMB_MILLION,H3B_ATTEMPT005
BEAR,2030,CF_OPENING_CASH,107571.13542051,RMB_MILLION,H3B_ATTEMPT005
BEAR,2030,CF_TAXES_PAID,-6790.79135008,RMB_MILLION,H3B_ATTEMPT005
BEAR,2030,DIVIDENDS,29297.23309129,RMB_MILLION,H3B_ATTEMPT005
BEAR,2030,DRV_EFFECTIVE_TAX_RATE_PERCENT,14.60312542,PERCENT,H3B_ATTEMPT005
BEAR,2030,EBIT,46569.73352044,RMB_MILLION,H3B_ATTEMPT005
BEAR,2030,EPS_DENOMINATOR_SHARES,7402514160.00000000,SHARES,H3B_ATTEMPT005
BEAR,2030,FCFF,45003.50258671,RMB_MILLION,H3B_ATTEMPT005
BEAR,2030,IS_ADJUSTED_ATTRIBUTABLE_NI,39669.96802143,RMB_MILLION,H3B_ATTEMPT005
BEAR,2030,IS_ADMIN_EXPENSE,-20581.90002642,RMB_MILLION,H3B_ATTEMPT005
BEAR,2030,IS_ASSET_DISPOSAL,-98.75699280,RMB_MILLION,H3B_ATTEMPT005
BEAR,2030,IS_ASSET_IMPAIRMENT,-1502.28086803,RMB_MILLION,H3B_ATTEMPT005
BEAR,2030,IS_ATTRIBUTABLE_NI,42244.48605649,RMB_MILLION,H3B_ATTEMPT005
BEAR,2030,IS_BASIC_EPS,5.70677545,RMB_PER_SHARE,H3B_ATTEMPT005
BEAR,2030,IS_CREDIT_IMPAIRMENT,-462.27064426,RMB_MILLION,H3B_ATTEMPT005
BEAR,2030,IS_DILUTED_EPS,5.70677545,RMB_PER_SHARE,H3B_ATTEMPT005
BEAR,2030,IS_FAIR_VALUE_CHANGE,1016.30173861,RMB_MILLION,H3B_ATTEMPT005
BEAR,2030,IS_FEE_COMMISSION_EXPENSE,-2.13299724,RMB_MILLION,H3B_ATTEMPT005
BEAR,2030,IS_FEE_COMMISSION_INCOME,0.65990414,RMB_MILLION,H3B_ATTEMPT005
BEAR,2030,IS_FINANCE_INTEREST_INCOME,3683.04561179,RMB_MILLION,H3B_ATTEMPT005
BEAR,2030,IS_FINANCE_RESULT,328.00467155,RMB_MILLION,H3B_ATTEMPT005
BEAR,2030,IS_FINANCIAL_BUSINESS_INTEREST_COST,-0.35723157,RMB_MILLION,H3B_ATTEMPT005
BEAR,2030,IS_FINANCIAL_BUSINESS_INTEREST_INCOME,2663.21722644,RMB_MILLION,H3B_ATTEMPT005
BEAR,2030,IS_FINANCING_INTEREST_EXPENSE,-3354.68370867,RMB_MILLION,H3B_ATTEMPT005
BEAR,2030,IS_INCOME_TAX,-7318.42129810,RMB_MILLION,H3B_ATTEMPT005
BEAR,2030,IS_INVESTMENT_INCOME,2201.40513761,RMB_MILLION,H3B_ATTEMPT005
BEAR,2030,IS_NCI_PROFIT,552.53771362,RMB_MILLION,H3B_ATTEMPT005
BEAR,2030,IS_NET_PROFIT,42797.02377011,RMB_MILLION,H3B_ATTEMPT005
BEAR,2030,IS_OPERATING_COST,-447097.96462848,RMB_MILLION,H3B_ATTEMPT005
BEAR,2030,IS_OPERATING_PROFIT,50115.44506821,RMB_MILLION,H3B_ATTEMPT005
BEAR,2030,IS_OPERATING_REVENUE,592941.70674593,RMB_MILLION,H3B_ATTEMPT005
BEAR,2030,IS_OTHER_INCOME,2257.89830162,RMB_MILLION,H3B_ATTEMPT005
BEAR,2030,IS_PBT,50115.44506821,RMB_MILLION,H3B_ATTEMPT005
BEAR,2030,IS_RD_EXPENSE,-22645.90312876,RMB_MILLION,H3B_ATTEMPT005
BEAR,2030,IS_SELLING_EXPENSE,-56022.22797245,RMB_MILLION,H3B_ATTEMPT005
BEAR,2030,IS_TAXES_SURCHARGES,-2880.31139925,RMB_MILLION,H3B_ATTEMPT005
BEAR,2030,IS_TOTAL_REVENUE,595605.58387651,RMB_MILLION,H3B_ATTEMPT005
BEAR,2030,PPE_AMORTIZATION,1002.76846494,RMB_MILLION,H3B_ATTEMPT005
BEAR,2030,PPE_CAPEX,10852.23696366,RMB_MILLION,H3B_ATTEMPT005
BEAR,2030,PPE_DEPRECIATION,7627.93294338,RMB_MILLION,H3B_ATTEMPT005
BEAR,2030,SEGMENT_REVENUE_BUILDING_TECH,50569.14871861,RMB_MILLION,H3B_ATTEMPT005
BEAR,2030,SEGMENT_REVENUE_ELIMINATIONS,0.00000000,RMB_MILLION,H3B_ATTEMPT005
BEAR,2030,SEGMENT_REVENUE_INDUSTRIAL_TECH,36876.16688968,RMB_MILLION,H3B_ATTEMPT005
BEAR,2030,SEGMENT_REVENUE_OTHER,81021.73879398,RMB_MILLION,H3B_ATTEMPT005
BEAR,2030,SEGMENT_REVENUE_SMART_HOME,424474.65234366,RMB_MILLION,H3B_ATTEMPT005
BASE,2025,BS_AP,103680.49100000,RMB_MILLION,H1_CERTIFIED
BASE,2025,BS_AR,40450.09700000,RMB_MILLION,H1_CERTIFIED
BASE,2025,BS_CAPITAL_RESERVE,45350.72000000,RMB_MILLION,H1_CERTIFIED
BASE,2025,BS_CASH,85247.15000000,RMB_MILLION,H1_CERTIFIED
BASE,2025,BS_CASH_TAXONOMY_OTHER,80.32300000,RMB_MILLION,H1_CERTIFIED
BASE,2025,BS_CIP,3054.82800000,RMB_MILLION,H1_CERTIFIED
BASE,2025,BS_CONTRACT_ASSETS,4268.50100000,RMB_MILLION,H1_CERTIFIED
BASE,2025,BS_CONTRACT_LIABILITIES,46993.06000000,RMB_MILLION,H1_CERTIFIED
BASE,2025,BS_CURRENT_PORTION_DEBT,5821.77700000,RMB_MILLION,H1_CERTIFIED
BASE,2025,BS_CURRENT_PORTION_NONCURRENT_ASSETS,155618.20100000,RMB_MILLION,H1_CERTIFIED
BASE,2025,BS_CURRENT_PORTION_NONCURRENT_ASSETS_FINANCE,255.67300000,RMB_MILLION,H1_CERTIFIED
BASE,2025,BS_CURRENT_PORTION_NONCURRENT_ASSETS_TREASURY,155362.52800000,RMB_MILLION,H1_CERTIFIED
BASE,2025,BS_CUSTOMER_DEPOSITS,134.11000000,RMB_MILLION,H1_CERTIFIED
BASE,2025,BS_DERIVATIVE_FINANCIAL_ASSETS,2223.15900000,RMB_MILLION,H1_CERTIFIED
BASE,2025,BS_DERIVATIVE_LIABILITIES,850.95900000,RMB_MILLION,H1_CERTIFIED
BASE,2025,BS_EMPLOYEE_COMP,9645.44500000,RMB_MILLION,H1_CERTIFIED
BASE,2025,BS_GOODWILL,34256.85900000,RMB_MILLION,H1_CERTIFIED
BASE,2025,BS_INCOME_TAX_PAYABLE,4485.22100000,RMB_MILLION,H1_CERTIFIED
BASE,2025,BS_INTANGIBLES,21618.86000000,RMB_MILLION,H1_CERTIFIED
BASE,2025,BS_INVENTORY,64628.83400000,RMB_MILLION,H1_CERTIFIED
BASE,2025,BS_LOANS_ADVANCES_CURRENT,11779.21700000,RMB_MILLION,H1_CERTIFIED
BASE,2025,BS_LONG_TERM_BORROWINGS,12658.84300000,RMB_MILLION,H1_CERTIFIED
BASE,2025,BS_LONG_TERM_INVESTMENTS,4775.04400000,RMB_MILLION,H1_CERTIFIED
BASE,2025,BS_NCI,13202.91800000,RMB_MILLION,H1_CERTIFIED
BASE,2025,BS_NOTES_PAYABLE,27121.88100000,RMB_MILLION,H1_CERTIFIED
BASE,2025,BS_NOTES_RECEIVABLE,5246.76300000,RMB_MILLION,H1_CERTIFIED
BASE,2025,BS_OTHER_CURRENT_ASSETS,25376.47500000,RMB_MILLION,H1_CERTIFIED
BASE,2025,BS_OTHER_CURRENT_ASSETS_HEDGE,3201.39500000,RMB_MILLION,H1_CERTIFIED
BASE,2025,BS_OTHER_CURRENT_ASSETS_OPERATING,20747.94600000,RMB_MILLION,H1_CERTIFIED
BASE,2025,BS_OTHER_CURRENT_ASSETS_TREASURY,1427.13400000,RMB_MILLION,H1_CERTIFIED
BASE,2025,BS_OTHER_CURRENT_LIABILITIES,92537.41900000,RMB_MILLION,H1_CERTIFIED
BASE,2025,BS_OTHER_CURRENT_LIABILITIES_HEDGE,21.48000000,RMB_MILLION,H1_CERTIFIED
BASE,2025,BS_OTHER_CURRENT_LIABILITIES_OPERATING,92515.93900000,RMB_MILLION,H1_CERTIFIED
BASE,2025,BS_OTHER_NONCURRENT_FINANCIAL_ASSETS,4786.08900000,RMB_MILLION,H1_CERTIFIED
BASE,2025,BS_OTHER_PAYABLES,4823.47600000,RMB_MILLION,H1_CERTIFIED
BASE,2025,BS_OTHER_RECEIVABLES,3190.59100000,RMB_MILLION,H1_CERTIFIED
BASE,2025,BS_OTHER_RESERVES,11196.53700000,RMB_MILLION,H1_CERTIFIED
BASE,2025,BS_OTHER_TAXES_PAYABLE,2678.87200000,RMB_MILLION,H1_CERTIFIED
BASE,2025,BS_PARENT_EQUITY,223221.30500000,RMB_MILLION,H1_CERTIFIED
BASE,2025,BS_PPE,44983.39400000,RMB_MILLION,H1_CERTIFIED
BASE,2025,BS_PREPAYMENTS,2987.29200000,RMB_MILLION,H1_CERTIFIED
BASE,2025,BS_RECEIVABLES_FINANCING,14935.34400000,RMB_MILLION,H1_CERTIFIED
BASE,2025,BS_RESTRICTED_CASH,4715.54500000,RMB_MILLION,H1_CERTIFIED
BASE,2025,BS_RETAINED_EARNINGS,167228.02000000,RMB_MILLION,H1_CERTIFIED
BASE,2025,BS_SHARE_CAPITAL,7597.14500000,RMB_MILLION,H1_CERTIFIED
BASE,2025,BS_SHORT_TERM_BORROWING,43904.55000000,RMB_MILLION,H1_CERTIFIED
BASE,2025,BS_TAXES_PAYABLE,7164.09300000,RMB_MILLION,H1_CERTIFIED
BASE,2025,BS_TERM_DEPOSITS,11942.61200000,RMB_MILLION,H1_CERTIFIED
BASE,2025,BS_TOTAL_ASSETS,608791.76600000,RMB_MILLION,H1_CERTIFIED
BASE,2025,BS_TOTAL_CURRENT_ASSETS,416662.34100000,RMB_MILLION,H1_CERTIFIED
BASE,2025,BS_TOTAL_CURRENT_ASSETS_OTHER_IMMATERIAL_COMPONENTS,0.00000000,RMB_MILLION,H1_CERTIFIED
BASE,2025,BS_TOTAL_CURRENT_LIABILITIES,343383.70000000,RMB_MILLION,H1_CERTIFIED
BASE,2025,BS_TOTAL_CURRENT_LIABILITIES_OTHER_IMMATERIAL_COMPONENTS,0.00000000,RMB_MILLION,H1_CERTIFIED
BASE,2025,BS_TOTAL_EQUITY,236424.22300000,RMB_MILLION,H1_CERTIFIED
BASE,2025,BS_TOTAL_LIABILITIES,372367.54300000,RMB_MILLION,H1_CERTIFIED
BASE,2025,BS_TOTAL_NONCURRENT_ASSETS,192129.42500000,RMB_MILLION,H1_CERTIFIED
BASE,2025,BS_TOTAL_NONCURRENT_ASSETS_OTHER_IMMATERIAL_COMPONENTS,78654.35100000,RMB_MILLION,H1_CERTIFIED
BASE,2025,BS_TOTAL_NONCURRENT_LIABILITIES,28983.84300000,RMB_MILLION,H1_CERTIFIED
BASE,2025,BS_TOTAL_NONCURRENT_LIABILITIES_OTHER_IMMATERIAL_COMPONENTS,16325.00000000,RMB_MILLION,H1_CERTIFIED
BASE,2025,BS_TRADING_FINANCIAL_ASSETS,710.71700000,RMB_MILLION,H1_CERTIFIED
BASE,2025,BS_TRADING_FINANCIAL_LIABILITIES,706.43900000,RMB_MILLION,H1_CERTIFIED
BASE,2025,BS_TREASURY_SHARES,-8151.11700000,RMB_MILLION,H1_CERTIFIED
BASE,2025,CF_ACQUISITION_PAYMENTS,-6155.13600000,RMB_MILLION,H1_CERTIFIED
BASE,2025,CF_CAPEX,-11141.88900000,RMB_MILLION,H1_CERTIFIED
BASE,2025,CF_CASH_FROM_SALES,426210.80000000,RMB_MILLION,H1_CERTIFIED
BASE,2025,CF_CASH_TO_EMPLOYEES,-43785.06700000,RMB_MILLION,H1_CERTIFIED
BASE,2025,CF_CASH_TO_SUPPLIERS,-281799.28200000,RMB_MILLION,H1_CERTIFIED
BASE,2025,CF_CFF,-64957.77900000,RMB_MILLION,H1_CERTIFIED
BASE,2025,CF_CFI,25340.27300000,RMB_MILLION,H1_CERTIFIED
BASE,2025,CF_CFO,53345.93000000,RMB_MILLION,H1_CERTIFIED
BASE,2025,CF_CLOSING_CASH,68508.67000000,RMB_MILLION,H1_CERTIFIED
BASE,2025,CF_DEBT_PROCEEDS,88859.53500000,RMB_MILLION,H1_CERTIFIED
BASE,2025,CF_DEBT_REPAYMENTS,-112064.32700000,RMB_MILLION,H1_CERTIFIED
BASE,2025,CF_DIVIDENDS_INTEREST,-33080.13500000,RMB_MILLION,H1_CERTIFIED
BASE,2025,CF_FX_EFFECT,-338.48200000,RMB_MILLION,H1_CERTIFIED
BASE,2025,CF_INVESTMENT_PROCEEDS,197531.96100000,RMB_MILLION,H1_CERTIFIED
BASE,2025,CF_INVESTMENT_PURCHASES,-164904.90800000,RMB_MILLION,H1_CERTIFIED
BASE,2025,CF_NET_CHANGE_CASH,13389.94200000,RMB_MILLION,H1_CERTIFIED
BASE,2025,CF_OPENING_CASH,55118.72800000,RMB_MILLION,H1_CERTIFIED
BASE,2025,CF_TAXES_PAID,-20316.91900000,RMB_MILLION,H1_CERTIFIED
BASE,2025,IS_ADJUSTED_ATTRIBUTABLE_NI,41267.23300000,RMB_MILLION,H1_CERTIFIED
BASE,2025,IS_ADMIN_EXPENSE,-16092.31100000,RMB_MILLION,H1_CERTIFIED
BASE,2025,IS_ASSET_DISPOSAL,-76.02400000,RMB_MILLION,H1_CERTIFIED
BASE,2025,IS_ASSET_IMPAIRMENT,-1156.46900000,RMB_MILLION,H1_CERTIFIED
BASE,2025,IS_ATTRIBUTABLE_NI,43945.41100000,RMB_MILLION,H1_CERTIFIED
BASE,2025,IS_BASIC_EPS,5.80000000,RMB_PER_SHARE,H1_CERTIFIED
BASE,2025,IS_CREDIT_IMPAIRMENT,-355.86000000,RMB_MILLION,H1_CERTIFIED
BASE,2025,IS_DILUTED_EPS,5.76000000,RMB_PER_SHARE,H1_CERTIFIED
BASE,2025,IS_FAIR_VALUE_CHANGE,782.35800000,RMB_MILLION,H1_CERTIFIED
BASE,2025,IS_FEE_COMMISSION_EXPENSE,-1.64200000,RMB_MILLION,H1_CERTIFIED
BASE,2025,IS_FEE_COMMISSION_INCOME,0.50800000,RMB_MILLION,H1_CERTIFIED
BASE,2025,IS_FINANCE_INTEREST_INCOME,8444.30100000,RMB_MILLION,H1_CERTIFIED
BASE,2025,IS_FINANCE_RESULT,5903.54600000,RMB_MILLION,H1_CERTIFIED
BASE,2025,IS_FINANCIAL_BUSINESS_INTEREST_COST,-0.27500000,RMB_MILLION,H1_CERTIFIED
BASE,2025,IS_FINANCIAL_BUSINESS_INTEREST_INCOME,2050.16800000,RMB_MILLION,H1_CERTIFIED
BASE,2025,IS_FINANCING_INTEREST_EXPENSE,-2211.33100000,RMB_MILLION,H1_CERTIFIED
BASE,2025,IS_INCOME_TAX,-8565.14700000,RMB_MILLION,H1_CERTIFIED
BASE,2025,IS_INVESTMENT_INCOME,1694.66100000,RMB_MILLION,H1_CERTIFIED
BASE,2025,IS_NCI_PROFIT,574.78500000,RMB_MILLION,H1_CERTIFIED
BASE,2025,IS_NET_PROFIT,44520.19600000,RMB_MILLION,H1_CERTIFIED
BASE,2025,IS_OPERATING_COST,-335989.52800000,RMB_MILLION,H1_CERTIFIED
BASE,2025,IS_OPERATING_PROFIT,52978.77300000,RMB_MILLION,H1_CERTIFIED
BASE,2025,IS_OPERATING_REVENUE,456451.73100000,RMB_MILLION,H1_CERTIFIED
BASE,2025,IS_OTHER_INCOME,2664.31300000,RMB_MILLION,H1_CERTIFIED
BASE,2025,IS_PBT,53085.34300000,RMB_MILLION,H1_CERTIFIED
BASE,2025,IS_RD_EXPENSE,-17787.62400000,RMB_MILLION,H1_CERTIFIED
BASE,2025,IS_SELLING_EXPENSE,-42891.49000000,RMB_MILLION,H1_CERTIFIED
BASE,2025,IS_TAXES_SURCHARGES,-2217.28900000,RMB_MILLION,H1_CERTIFIED
BASE,2025,IS_TOTAL_REVENUE,458502.40700000,RMB_MILLION,H1_CERTIFIED
BASE,2025,NOTE_ACQUISITIONS,-6155.13600000,RMB_MILLION,H1_CERTIFIED
BASE,2025,NOTE_CASH_EQUIVALENTS,68508.67000000,RMB_MILLION,H1_CERTIFIED
BASE,2025,NOTE_CIP_ADDITIONS,4608.26200000,RMB_MILLION,H1_CERTIFIED
BASE,2025,NOTE_DIVIDENDS,-30476.85200000,RMB_MILLION,H1_CERTIFIED
BASE,2025,NOTE_FINANCE_INTEREST_INCOME,8444.30100000,RMB_MILLION,H1_CERTIFIED
BASE,2025,NOTE_FINANCING_INTEREST_EXPENSE,-2211.33100000,RMB_MILLION,H1_CERTIFIED
BASE,2025,NOTE_FIXED_ASSET_DEPRECIATION,5117.23200000,RMB_MILLION,H1_CERTIFIED
BASE,2025,NOTE_GOODWILL,34256.85900000,RMB_MILLION,H1_CERTIFIED
BASE,2025,NOTE_INTANGIBLE_AMORTIZATION,1501.25700000,RMB_MILLION,H1_CERTIFIED
BASE,2025,NOTE_INTANGIBLE_ASSETS,21618.86000000,RMB_MILLION,H1_CERTIFIED
BASE,2025,NOTE_LONG_TERM_DEBT,12658.84300000,RMB_MILLION,H1_CERTIFIED
BASE,2025,NOTE_PPE_ADDITIONS,17741.10600000,RMB_MILLION,H1_CERTIFIED
BASE,2025,NOTE_REPURCHASES,11606.40500000,RMB_MILLION,H1_CERTIFIED
BASE,2025,NOTE_RESTRICTED_CASH,4715.54500000,RMB_MILLION,H1_CERTIFIED
BASE,2025,NOTE_SHARE_BASED_COMPENSATION,832.31500000,RMB_MILLION,H1_CERTIFIED
BASE,2025,NOTE_SHORT_TERM_DEBT,43904.55000000,RMB_MILLION,H1_CERTIFIED
BASE,2025,NOTE_TERM_DEPOSITS,11942.61200000,RMB_MILLION,H1_CERTIFIED
BASE,2025,NOTE_TOTAL_DA,9339.69500000,RMB_MILLION,H1_CERTIFIED
BASE,2026,BS_AP,95037.68289111,RMB_MILLION,H3B_ATTEMPT005
BASE,2026,BS_AR,44669.24780299,RMB_MILLION,H3B_ATTEMPT005
BASE,2026,BS_CAPITAL_RESERVE,45350.72000000,RMB_MILLION,H3B_ATTEMPT005
BASE,2026,BS_CASH,104103.12922431,RMB_MILLION,H3B_ATTEMPT005
BASE,2026,BS_CASH_TAXONOMY_OTHER,85.52004986,RMB_MILLION,H3B_ATTEMPT005
BASE,2026,BS_CIP,4393.58730251,RMB_MILLION,H3B_ATTEMPT005
BASE,2026,BS_CONTRACT_ASSETS,4544.68107959,RMB_MILLION,H3B_ATTEMPT005
BASE,2026,BS_CONTRACT_LIABILITIES,50033.59977049,RMB_MILLION,H3B_ATTEMPT005
BASE,2026,BS_CURRENT_PORTION_DEBT,8978.96631422,RMB_MILLION,H3B_ATTEMPT005
BASE,2026,BS_CURRENT_PORTION_NONCURRENT_ASSETS,155634.74352617,RMB_MILLION,H3B_ATTEMPT005
BASE,2026,BS_CURRENT_PORTION_NONCURRENT_ASSETS_FINANCE,272.21552617,RMB_MILLION,H3B_ATTEMPT005
BASE,2026,BS_CURRENT_PORTION_NONCURRENT_ASSETS_TREASURY,155362.52800000,RMB_MILLION,H3B_ATTEMPT005
BASE,2026,BS_CUSTOMER_DEPOSITS,142.78717039,RMB_MILLION,H3B_ATTEMPT005
BASE,2026,BS_DERIVATIVE_FINANCIAL_ASSETS,2367.00158773,RMB_MILLION,H3B_ATTEMPT005
BASE,2026,BS_DERIVATIVE_LIABILITIES,906.01765510,RMB_MILLION,H3B_ATTEMPT005
BASE,2026,BS_EMPLOYEE_COMP,10269.52351556,RMB_MILLION,H3B_ATTEMPT005
BASE,2026,BS_GOODWILL,36473.34250207,RMB_MILLION,H3B_ATTEMPT005
BASE,2026,BS_INCOME_TAX_PAYABLE,4775.42327306,RMB_MILLION,H3B_ATTEMPT005
BASE,2026,BS_INTANGIBLES,23536.53216705,RMB_MILLION,H3B_ATTEMPT005
BASE,2026,BS_INVENTORY,58037.17487401,RMB_MILLION,H3B_ATTEMPT005
BASE,2026,BS_LOANS_ADVANCES_CURRENT,12541.35459550,RMB_MILLION,H3B_ATTEMPT005
BASE,2026,BS_LONG_TERM_BORROWINGS,20647.55965528,RMB_MILLION,H3B_ATTEMPT005
BASE,2026,BS_LONG_TERM_INVESTMENTS,5083.99836875,RMB_MILLION,H3B_ATTEMPT005
BASE,2026,BS_NCI,13767.89603522,RMB_MILLION,H3B_ATTEMPT005
BASE,2026,BS_NOTES_PAYABLE,28876.71794467,RMB_MILLION,H3B_ATTEMPT005
BASE,2026,BS_NOTES_RECEIVABLE,5586.23847931,RMB_MILLION,H3B_ATTEMPT005
BASE,2026,BS_OTHER_CURRENT_ASSETS,26926.04261248,RMB_MILLION,H3B_ATTEMPT005
BASE,2026,BS_OTHER_CURRENT_ASSETS_HEDGE,3408.53130520,RMB_MILLION,H3B_ATTEMPT005
BASE,2026,BS_OTHER_CURRENT_ASSETS_OPERATING,22090.37730728,RMB_MILLION,H3B_ATTEMPT005
BASE,2026,BS_OTHER_CURRENT_ASSETS_TREASURY,1427.13400000,RMB_MILLION,H3B_ATTEMPT005
BASE,2026,BS_OTHER_CURRENT_LIABILITIES,98524.76484911,RMB_MILLION,H3B_ATTEMPT005
BASE,2026,BS_OTHER_CURRENT_LIABILITIES_HEDGE,22.86979658,RMB_MILLION,H3B_ATTEMPT005
BASE,2026,BS_OTHER_CURRENT_LIABILITIES_OPERATING,98501.89505253,RMB_MILLION,H3B_ATTEMPT005
BASE,2026,BS_OTHER_NONCURRENT_FINANCIAL_ASSETS,5095.75800112,RMB_MILLION,H3B_ATTEMPT005
BASE,2026,BS_OTHER_PAYABLES,5135.56401066,RMB_MILLION,H3B_ATTEMPT005
BASE,2026,BS_OTHER_RECEIVABLES,3397.02826599,RMB_MILLION,H3B_ATTEMPT005
BASE,2026,BS_OTHER_RESERVES,11196.53700000,RMB_MILLION,H3B_ATTEMPT005
BASE,2026,BS_OTHER_TAXES_PAYABLE,2852.20007985,RMB_MILLION,H3B_ATTEMPT005
BASE,2026,BS_PARENT_EQUITY,236460.06384222,RMB_MILLION,H3B_ATTEMPT005
BASE,2026,BS_PPE,45315.16697407,RMB_MILLION,H3B_ATTEMPT005
BASE,2026,BS_PREPAYMENTS,3180.57543658,RMB_MILLION,H3B_ATTEMPT005
BASE,2026,BS_RECEIVABLES_FINANCING,15901.68897558,RMB_MILLION,H3B_ATTEMPT005
BASE,2026,BS_RESTRICTED_CASH,5020.64967103,RMB_MILLION,H3B_ATTEMPT005
BASE,2026,BS_RETAINED_EARNINGS,180466.77884222,RMB_MILLION,H3B_ATTEMPT005
BASE,2026,BS_SHARE_CAPITAL,7597.14500000,RMB_MILLION,H3B_ATTEMPT005
BASE,2026,BS_SHORT_TERM_BORROWING,46745.25733808,RMB_MILLION,H3B_ATTEMPT005
BASE,2026,BS_TAXES_PAYABLE,7627.62335291,RMB_MILLION,H3B_ATTEMPT005
BASE,2026,BS_TERM_DEPOSITS,12715.32156072,RMB_MILLION,H3B_ATTEMPT005
BASE,2026,BS_TOTAL_ASSETS,641287.42962745,RMB_MILLION,H3B_ATTEMPT005
BASE,2026,BS_TOTAL_CURRENT_ASSETS,437645.60819297,RMB_MILLION,H3B_ATTEMPT005
BASE,2026,BS_TOTAL_CURRENT_ASSETS_OTHER_IMMATERIAL_COMPONENTS,0.00000000,RMB_MILLION,H3B_ATTEMPT005
BASE,2026,BS_TOTAL_CURRENT_LIABILITIES,353030.65175034,RMB_MILLION,H3B_ATTEMPT005
BASE,2026,BS_TOTAL_CURRENT_LIABILITIES_OTHER_IMMATERIAL_COMPONENTS,0.00000000,RMB_MILLION,H3B_ATTEMPT005
BASE,2026,BS_TOTAL_EQUITY,250227.95987744,RMB_MILLION,H3B_ATTEMPT005
BASE,2026,BS_TOTAL_LIABILITIES,391059.46975001,RMB_MILLION,H3B_ATTEMPT005
BASE,2026,BS_TOTAL_NONCURRENT_ASSETS,203641.82143448,RMB_MILLION,H3B_ATTEMPT005
BASE,2026,BS_TOTAL_NONCURRENT_ASSETS_OTHER_IMMATERIAL_COMPONENTS,83743.43611891,RMB_MILLION,H3B_ATTEMPT005
BASE,2026,BS_TOTAL_NONCURRENT_LIABILITIES,38028.81799967,RMB_MILLION,H3B_ATTEMPT005
BASE,2026,BS_TOTAL_NONCURRENT_LIABILITIES_OTHER_IMMATERIAL_COMPONENTS,17381.25834439,RMB_MILLION,H3B_ATTEMPT005
BASE,2026,BS_TRADING_FINANCIAL_ASSETS,756.70173273,RMB_MILLION,H3B_ATTEMPT005
BASE,2026,BS_TRADING_FINANCIAL_LIABILITIES,752.14693804,RMB_MILLION,H3B_ATTEMPT005
BASE,2026,BS_TREASURY_SHARES,-8151.11700000,RMB_MILLION,H3B_ATTEMPT005
BASE,2026,CF_ACQUISITION_PAYMENTS,0.00000000,RMB_MILLION,H3B_ATTEMPT005
BASE,2026,CF_CAPEX,-8741.56836899,RMB_MILLION,H3B_ATTEMPT005
BASE,2026,CF_CASH_FROM_SALES,481765.86961073,RMB_MILLION,H3B_ATTEMPT005
BASE,2026,CF_CASH_TO_EMPLOYEES,-26588.48222008,RMB_MILLION,H3B_ATTEMPT005
BASE,2026,CF_CASH_TO_SUPPLIERS,-363322.58406283,RMB_MILLION,H3B_ATTEMPT005
BASE,2026,CF_CFF,-15924.53560132,RMB_MILLION,H3B_ATTEMPT005
BASE,2026,CF_CFI,-21622.39883721,RMB_MILLION,H3B_ATTEMPT005
BASE,2026,CF_CFO,55319.90238123,RMB_MILLION,H3B_ATTEMPT005
BASE,2026,CF_CLOSING_CASH,86281.63794270,RMB_MILLION,H3B_ATTEMPT005
BASE,2026,CF_DEBT_PROCEEDS,13986.61330757,RMB_MILLION,H3B_ATTEMPT005
BASE,2026,CF_DEBT_REPAYMENTS,0.00000000,RMB_MILLION,H3B_ATTEMPT005
BASE,2026,CF_DIVIDENDS_INTEREST,-33009.48383497,RMB_MILLION,H3B_ATTEMPT005
BASE,2026,CF_FX_EFFECT,0.00000000,RMB_MILLION,H3B_ATTEMPT005
BASE,2026,CF_INVESTMENT_PROCEEDS,0.00000000,RMB_MILLION,H3B_ATTEMPT005
BASE,2026,CF_INVESTMENT_PURCHASES,0.00000000,RMB_MILLION,H3B_ATTEMPT005
BASE,2026,CF_NET_CHANGE_CASH,17772.96794270,RMB_MILLION,H3B_ATTEMPT005
BASE,2026,CF_OPENING_CASH,68508.67000000,RMB_MILLION,H3B_ATTEMPT005
BASE,2026,CF_TAXES_PAID,-7414.78772373,RMB_MILLION,H3B_ATTEMPT005
BASE,2026,DIVIDENDS,29956.85684694,RMB_MILLION,H3B_ATTEMPT005
BASE,2026,DRV_EFFECTIVE_TAX_RATE_PERCENT,15.25655325,PERCENT,H3B_ATTEMPT005
BASE,2026,EBIT,49562.97330601,RMB_MILLION,H3B_ATTEMPT005
BASE,2026,EPS_DENOMINATOR_SHARES,7402513660.00000000,SHARES,H3B_ATTEMPT005
BASE,2026,FCFF,43472.65156171,RMB_MILLION,H3B_ATTEMPT005
BASE,2026,IS_ADJUSTED_ATTRIBUTABLE_NI,40563.13268346,RMB_MILLION,H3B_ATTEMPT005
BASE,2026,IS_ADMIN_EXPENSE,-15198.12770352,RMB_MILLION,H3B_ATTEMPT005
BASE,2026,IS_ASSET_DISPOSAL,-80.94289644,RMB_MILLION,H3B_ATTEMPT005
BASE,2026,IS_ASSET_IMPAIRMENT,-1231.29472933,RMB_MILLION,H3B_ATTEMPT005
BASE,2026,IS_ATTRIBUTABLE_NI,43195.61568916,RMB_MILLION,H3B_ATTEMPT005
BASE,2026,IS_BASIC_EPS,5.83526322,RMB_PER_SHARE,H3B_ATTEMPT005
BASE,2026,IS_CREDIT_IMPAIRMENT,-378.88481436,RMB_MILLION,H3B_ATTEMPT005
BASE,2026,IS_DILUTED_EPS,5.83526322,RMB_PER_SHARE,H3B_ATTEMPT005
BASE,2026,IS_FAIR_VALUE_CHANGE,832.97804078,RMB_MILLION,H3B_ATTEMPT005
BASE,2026,IS_FEE_COMMISSION_EXPENSE,-1.74824050,RMB_MILLION,H3B_ATTEMPT005
BASE,2026,IS_FEE_COMMISSION_INCOME,0.54086856,RMB_MILLION,H3B_ATTEMPT005
BASE,2026,IS_FINANCE_INTEREST_INCOME,2491.57146669,RMB_MILLION,H3B_ATTEMPT005
BASE,2026,IS_FINANCE_RESULT,-561.34831436,RMB_MILLION,H3B_ATTEMPT005
BASE,2026,IS_FINANCIAL_BUSINESS_INTEREST_COST,-0.29279302,RMB_MILLION,H3B_ATTEMPT005
BASE,2026,IS_FINANCIAL_BUSINESS_INTEREST_INCOME,2182.81774318,RMB_MILLION,H3B_ATTEMPT005
BASE,2026,IS_FINANCING_INTEREST_EXPENSE,-3052.62698803,RMB_MILLION,H3B_ATTEMPT005
BASE,2026,IS_INCOME_TAX,-7878.31807664,RMB_MILLION,H3B_ATTEMPT005
BASE,2026,IS_INVESTMENT_INCOME,1804.30876859,RMB_MILLION,H3B_ATTEMPT005
BASE,2026,IS_NCI_PROFIT,564.97803522,RMB_MILLION,H3B_ATTEMPT005
BASE,2026,IS_NET_PROFIT,43760.59372438,RMB_MILLION,H3B_ATTEMPT005
BASE,2026,IS_OPERATING_COST,-361271.43507992,RMB_MILLION,H3B_ATTEMPT005
BASE,2026,IS_OPERATING_PROFIT,51638.91180102,RMB_MILLION,H3B_ATTEMPT005
BASE,2026,IS_OPERATING_REVENUE,485985.02041372,RMB_MILLION,H3B_ATTEMPT005
BASE,2026,IS_OTHER_INCOME,2686.74388611,RMB_MILLION,H3B_ATTEMPT005
BASE,2026,IS_PBT,51638.91180102,RMB_MILLION,H3B_ATTEMPT005
BASE,2026,IS_RD_EXPENSE,-16913.59859711,RMB_MILLION,H3B_ATTEMPT005
BASE,2026,IS_SELLING_EXPENSE,-43855.36575674,RMB_MILLION,H3B_ATTEMPT005
BASE,2026,IS_TAXES_SURCHARGES,-2360.75178764,RMB_MILLION,H3B_ATTEMPT005
BASE,2026,IS_TOTAL_REVENUE,488168.37902546,RMB_MILLION,H3B_ATTEMPT005
BASE,2026,PPE_AMORTIZATION,1615.43985473,RMB_MILLION,H3B_ATTEMPT005
BASE,2026,PPE_CAPEX,8741.56836899,RMB_MILLION,H3B_ATTEMPT005
BASE,2026,PPE_DEPRECIATION,7071.03609241,RMB_MILLION,H3B_ATTEMPT005
BASE,2026,SEGMENT_REVENUE_BUILDING_TECH,40838.19947275,RMB_MILLION,H3B_ATTEMPT005
BASE,2026,SEGMENT_REVENUE_ELIMINATIONS,0.00000000,RMB_MILLION,H3B_ATTEMPT005
BASE,2026,SEGMENT_REVENUE_INDUSTRIAL_TECH,29780.13862980,RMB_MILLION,H3B_ATTEMPT005
BASE,2026,SEGMENT_REVENUE_OTHER,66575.61048497,RMB_MILLION,H3B_ATTEMPT005
BASE,2026,SEGMENT_REVENUE_SMART_HOME,348791.07182620,RMB_MILLION,H3B_ATTEMPT005
BASE,2027,BS_AP,101325.87102088,RMB_MILLION,H3B_ATTEMPT005
BASE,2027,BS_AR,46627.25894051,RMB_MILLION,H3B_ATTEMPT005
BASE,2027,BS_CAPITAL_RESERVE,45350.72000000,RMB_MILLION,H3B_ATTEMPT005
BASE,2027,BS_CASH,108931.70471700,RMB_MILLION,H3B_ATTEMPT005
BASE,2027,BS_CASH_TAXONOMY_OTHER,91.67693287,RMB_MILLION,H3B_ATTEMPT005
BASE,2027,BS_CIP,5511.66249005,RMB_MILLION,H3B_ATTEMPT005
BASE,2027,BS_CONTRACT_ASSETS,4871.86832693,RMB_MILLION,H3B_ATTEMPT005
BASE,2027,BS_CONTRACT_LIABILITIES,53635.69098372,RMB_MILLION,H3B_ATTEMPT005
BASE,2027,BS_CURRENT_PORTION_DEBT,0.00000000,RMB_MILLION,H3B_ATTEMPT005
BASE,2027,BS_CURRENT_PORTION_NONCURRENT_ASSETS,155654.34125968,RMB_MILLION,H3B_ATTEMPT005
BASE,2027,BS_CURRENT_PORTION_NONCURRENT_ASSETS_FINANCE,291.81325968,RMB_MILLION,H3B_ATTEMPT005
BASE,2027,BS_CURRENT_PORTION_NONCURRENT_ASSETS_TREASURY,155362.52800000,RMB_MILLION,H3B_ATTEMPT005
BASE,2027,BS_CUSTOMER_DEPOSITS,153.06691068,RMB_MILLION,H3B_ATTEMPT005
BASE,2027,BS_DERIVATIVE_FINANCIAL_ASSETS,2537.41018635,RMB_MILLION,H3B_ATTEMPT005
BASE,2027,BS_DERIVATIVE_LIABILITIES,971.24498732,RMB_MILLION,H3B_ATTEMPT005
BASE,2027,BS_EMPLOYEE_COMP,11008.86189196,RMB_MILLION,H3B_ATTEMPT005
BASE,2027,BS_GOODWILL,39099.18407946,RMB_MILLION,H3B_ATTEMPT005
BASE,2027,BS_INCOME_TAX_PAYABLE,5119.22244582,RMB_MILLION,H3B_ATTEMPT005
BASE,2027,BS_INTANGIBLES,25567.30897947,RMB_MILLION,H3B_ATTEMPT005
BASE,2027,BS_INVENTORY,64156.56278451,RMB_MILLION,H3B_ATTEMPT005
BASE,2027,BS_LOANS_ADVANCES_CURRENT,13444.24991780,RMB_MILLION,H3B_ATTEMPT005
BASE,2027,BS_LONG_TERM_BORROWINGS,21828.89451977,RMB_MILLION,H3B_ATTEMPT005
BASE,2027,BS_LONG_TERM_INVESTMENTS,5450.01292569,RMB_MILLION,H3B_ATTEMPT005
BASE,2027,BS_NCI,14359.46856478,RMB_MILLION,H3B_ATTEMPT005
BASE,2027,BS_NOTES_PAYABLE,30955.65234980,RMB_MILLION,H3B_ATTEMPT005
BASE,2027,BS_NOTES_RECEIVABLE,5988.41103203,RMB_MILLION,H3B_ATTEMPT005
BASE,2027,BS_OTHER_CURRENT_ASSETS,28761.79688723,RMB_MILLION,H3B_ATTEMPT005
BASE,2027,BS_OTHER_CURRENT_ASSETS_HEDGE,3653.92321625,RMB_MILLION,H3B_ATTEMPT005
BASE,2027,BS_OTHER_CURRENT_ASSETS_OPERATING,23680.73967098,RMB_MILLION,H3B_ATTEMPT005
BASE,2027,BS_OTHER_CURRENT_ASSETS_TREASURY,1427.13400000,RMB_MILLION,H3B_ATTEMPT005
BASE,2027,BS_OTHER_CURRENT_LIABILITIES,105617.90208842,RMB_MILLION,H3B_ATTEMPT005
BASE,2027,BS_OTHER_CURRENT_LIABILITIES_HEDGE,24.51627203,RMB_MILLION,H3B_ATTEMPT005
BASE,2027,BS_OTHER_CURRENT_LIABILITIES_OPERATING,105593.38581639,RMB_MILLION,H3B_ATTEMPT005
BASE,2027,BS_OTHER_NONCURRENT_FINANCIAL_ASSETS,5462.61917450,RMB_MILLION,H3B_ATTEMPT005
BASE,2027,BS_OTHER_PAYABLES,5505.29095580,RMB_MILLION,H3B_ATTEMPT005
BASE,2027,BS_OTHER_RECEIVABLES,3641.59203362,RMB_MILLION,H3B_ATTEMPT005
BASE,2027,BS_OTHER_RESERVES,11196.53700000,RMB_MILLION,H3B_ATTEMPT005
BASE,2027,BS_OTHER_TAXES_PAYABLE,3057.53978943,RMB_MILLION,H3B_ATTEMPT005
BASE,2027,BS_PARENT_EQUITY,250321.99398502,RMB_MILLION,H3B_ATTEMPT005
BASE,2027,BS_PPE,46664.56156400,RMB_MILLION,H3B_ATTEMPT005
BASE,2027,BS_PREPAYMENTS,3409.55601934,RMB_MILLION,H3B_ATTEMPT005
BASE,2027,BS_RECEIVABLES_FINANCING,17046.50634625,RMB_MILLION,H3B_ATTEMPT005
BASE,2027,BS_RESTRICTED_CASH,5382.10353699,RMB_MILLION,H3B_ATTEMPT005
BASE,2027,BS_RETAINED_EARNINGS,194328.70898502,RMB_MILLION,H3B_ATTEMPT005
BASE,2027,BS_SHARE_CAPITAL,7597.14500000,RMB_MILLION,H3B_ATTEMPT005
BASE,2027,BS_SHORT_TERM_BORROWING,50110.60945126,RMB_MILLION,H3B_ATTEMPT005
BASE,2027,BS_TAXES_PAYABLE,8176.76223525,RMB_MILLION,H3B_ATTEMPT005
BASE,2027,BS_TERM_DEPOSITS,13630.74136416,RMB_MILLION,H3B_ATTEMPT005
BASE,2027,BS_TOTAL_ASSETS,673410.20154296,RMB_MILLION,H3B_ATTEMPT005
BASE,2027,BS_TOTAL_CURRENT_ASSETS,455882.43774855,RMB_MILLION,H3B_ATTEMPT005
BASE,2027,BS_TOTAL_CURRENT_ASSETS_OTHER_IMMATERIAL_COMPONENTS,0.00000000,RMB_MILLION,H3B_ATTEMPT005
BASE,2027,BS_TOTAL_CURRENT_LIABILITIES,368267.24946235,RMB_MILLION,H3B_ATTEMPT005
BASE,2027,BS_TOTAL_CURRENT_LIABILITIES_OTHER_IMMATERIAL_COMPONENTS,0.00000000,RMB_MILLION,H3B_ATTEMPT005
BASE,2027,BS_TOTAL_EQUITY,264681.46254980,RMB_MILLION,H3B_ATTEMPT005
BASE,2027,BS_TOTAL_LIABILITIES,408728.73899316,RMB_MILLION,H3B_ATTEMPT005
BASE,2027,BS_TOTAL_NONCURRENT_ASSETS,217527.76379441,RMB_MILLION,H3B_ATTEMPT005
BASE,2027,BS_TOTAL_NONCURRENT_ASSETS_OTHER_IMMATERIAL_COMPONENTS,89772.41458124,RMB_MILLION,H3B_ATTEMPT005
BASE,2027,BS_TOTAL_NONCURRENT_LIABILITIES,40461.48953081,RMB_MILLION,H3B_ATTEMPT005
BASE,2027,BS_TOTAL_NONCURRENT_LIABILITIES_OTHER_IMMATERIAL_COMPONENTS,18632.59501104,RMB_MILLION,H3B_ATTEMPT005
BASE,2027,BS_TRADING_FINANCIAL_ASSETS,811.17929730,RMB_MILLION,H3B_ATTEMPT005
BASE,2027,BS_TRADING_FINANCIAL_LIABILITIES,806.29658726,RMB_MILLION,H3B_ATTEMPT005
BASE,2027,BS_TREASURY_SHARES,-8151.11700000,RMB_MILLION,H3B_ATTEMPT005
BASE,2027,CF_ACQUISITION_PAYMENTS,0.00000000,RMB_MILLION,H3B_ATTEMPT005
BASE,2027,CF_CAPEX,-9670.15355500,RMB_MILLION,H3B_ATTEMPT005
BASE,2027,CF_CASH_FROM_SALES,519014.74511418,RMB_MILLION,H3B_ATTEMPT005
BASE,2027,CF_CASH_TO_EMPLOYEES,-29130.84627590,RMB_MILLION,H3B_ATTEMPT005
BASE,2027,CF_CASH_TO_SUPPLIERS,-386946.07944927,RMB_MILLION,H3B_ATTEMPT005
BASE,2027,CF_CFF,-35745.10765404,RMB_MILLION,H3B_ATTEMPT005
BASE,2027,CF_CFI,-24531.75707182,RMB_MILLION,H3B_ATTEMPT005
BASE,2027,CF_CFO,63822.40966614,RMB_MILLION,H3B_ATTEMPT005
BASE,2027,CF_CLOSING_CASH,89827.18288298,RMB_MILLION,H3B_ATTEMPT005
BASE,2027,CF_DEBT_PROCEEDS,0.00000000,RMB_MILLION,H3B_ATTEMPT005
BASE,2027,CF_DEBT_REPAYMENTS,-4432.27933656,RMB_MILLION,H3B_ATTEMPT005
BASE,2027,CF_DIVIDENDS_INTEREST,-34600.12000782,RMB_MILLION,H3B_ATTEMPT005
BASE,2027,CF_FX_EFFECT,0.00000000,RMB_MILLION,H3B_ATTEMPT005
BASE,2027,CF_INVESTMENT_PROCEEDS,0.00000000,RMB_MILLION,H3B_ATTEMPT005
BASE,2027,CF_INVESTMENT_PURCHASES,0.00000000,RMB_MILLION,H3B_ATTEMPT005
BASE,2027,CF_NET_CHANGE_CASH,3545.54494028,RMB_MILLION,H3B_ATTEMPT005
BASE,2027,CF_OPENING_CASH,86281.63794270,RMB_MILLION,H3B_ATTEMPT005
BASE,2027,CF_TAXES_PAID,-7738.25034110,RMB_MILLION,H3B_ATTEMPT005
BASE,2027,DIVIDENDS,31366.97796671,RMB_MILLION,H3B_ATTEMPT005
BASE,2027,DRV_EFFECTIVE_TAX_RATE_PERCENT,15.31642115,PERCENT,H3B_ATTEMPT005
BASE,2027,EBIT,51502.14846315,RMB_MILLION,H3B_ATTEMPT005
BASE,2027,EPS_DENOMINATOR_SHARES,7402513660.00000000,SHARES,H3B_ATTEMPT005
BASE,2027,FCFF,50350.50213590,RMB_MILLION,H3B_ATTEMPT005
BASE,2027,IS_ADJUSTED_ATTRIBUTABLE_NI,42472.50957080,RMB_MILLION,H3B_ATTEMPT005
BASE,2027,IS_ADMIN_EXPENSE,-16874.70476462,RMB_MILLION,H3B_ATTEMPT005
BASE,2027,IS_ASSET_DISPOSAL,-86.77025440,RMB_MILLION,H3B_ATTEMPT005
BASE,2027,IS_ASSET_IMPAIRMENT,-1319.93987870,RMB_MILLION,H3B_ATTEMPT005
BASE,2027,IS_ATTRIBUTABLE_NI,45228.90810951,RMB_MILLION,H3B_ATTEMPT005
BASE,2027,IS_BASIC_EPS,6.10993916,RMB_PER_SHARE,H3B_ATTEMPT005
BASE,2027,IS_CREDIT_IMPAIRMENT,-406.16203740,RMB_MILLION,H3B_ATTEMPT005
BASE,2027,IS_DILUTED_EPS,6.10993916,RMB_PER_SHARE,H3B_ATTEMPT005
BASE,2027,IS_FAIR_VALUE_CHANGE,892.94699955,RMB_MILLION,H3B_ATTEMPT005
BASE,2027,IS_FEE_COMMISSION_EXPENSE,-1.87410236,RMB_MILLION,H3B_ATTEMPT005
BASE,2027,IS_FEE_COMMISSION_INCOME,0.57980755,RMB_MILLION,H3B_ATTEMPT005
BASE,2027,IS_FINANCE_INTEREST_INCOME,3012.02314044,RMB_MILLION,H3B_ATTEMPT005
BASE,2027,IS_FINANCE_RESULT,-221.43277288,RMB_MILLION,H3B_ATTEMPT005
BASE,2027,IS_FINANCIAL_BUSINESS_INTEREST_COST,-0.31387220,RMB_MILLION,H3B_ATTEMPT005
BASE,2027,IS_FINANCIAL_BUSINESS_INTEREST_INCOME,2339.96631232,RMB_MILLION,H3B_ATTEMPT005
BASE,2027,IS_FINANCING_INTEREST_EXPENSE,-3233.14204112,RMB_MILLION,H3B_ATTEMPT005
BASE,2027,IS_INCOME_TAX,-8287.38922343,RMB_MILLION,H3B_ATTEMPT005
BASE,2027,IS_INVESTMENT_INCOME,1934.20717268,RMB_MILLION,H3B_ATTEMPT005
BASE,2027,IS_NCI_PROFIT,591.57252956,RMB_MILLION,H3B_ATTEMPT005
BASE,2027,IS_NET_PROFIT,45820.48063907,RMB_MILLION,H3B_ATTEMPT005
BASE,2027,IS_OPERATING_COST,-387114.87966854,RMB_MILLION,H3B_ATTEMPT005
BASE,2027,IS_OPERATING_PROFIT,54107.86986250,RMB_MILLION,H3B_ATTEMPT005
BASE,2027,IS_OPERATING_REVENUE,520972.75625170,RMB_MILLION,H3B_ATTEMPT005
BASE,2027,IS_OTHER_INCOME,2880.17183430,RMB_MILLION,H3B_ATTEMPT005
BASE,2027,IS_PBT,54107.86986250,RMB_MILLION,H3B_ATTEMPT005
BASE,2027,IS_RD_EXPENSE,-18683.24881992,RMB_MILLION,H3B_ATTEMPT005
BASE,2027,IS_SELLING_EXPENSE,-47673.03577516,RMB_MILLION,H3B_ATTEMPT005
BASE,2027,IS_TAXES_SURCHARGES,-2530.71044162,RMB_MILLION,H3B_ATTEMPT005
BASE,2027,IS_TOTAL_REVENUE,523313.30237157,RMB_MILLION,H3B_ATTEMPT005
BASE,2027,PPE_AMORTIZATION,1756.69611538,RMB_MILLION,H3B_ATTEMPT005
BASE,2027,PPE_CAPEX,9670.15355500,RMB_MILLION,H3B_ATTEMPT005
BASE,2027,PPE_DEPRECIATION,7202.68377753,RMB_MILLION,H3B_ATTEMPT005
BASE,2027,SEGMENT_REVENUE_BUILDING_TECH,43778.28214040,RMB_MILLION,H3B_ATTEMPT005
BASE,2027,SEGMENT_REVENUE_ELIMINATIONS,0.00000000,RMB_MILLION,H3B_ATTEMPT005
BASE,2027,SEGMENT_REVENUE_INDUSTRIAL_TECH,31924.11340234,RMB_MILLION,H3B_ATTEMPT005
BASE,2027,SEGMENT_REVENUE_OTHER,71368.61803675,RMB_MILLION,H3B_ATTEMPT005
BASE,2027,SEGMENT_REVENUE_SMART_HOME,373901.74267221,RMB_MILLION,H3B_ATTEMPT005
BASE,2028,BS_AP,109026.00991860,RMB_MILLION,H3B_ATTEMPT005
BASE,2028,BS_AR,49466.53711289,RMB_MILLION,H3B_ATTEMPT005
BASE,2028,BS_CAPITAL_RESERVE,45350.72000000,RMB_MILLION,H3B_ATTEMPT005
BASE,2028,BS_CASH,123986.58012872,RMB_MILLION,H3B_ATTEMPT005
BASE,2028,BS_CASH_TAXONOMY_OTHER,98.99533867,RMB_MILLION,H3B_ATTEMPT005
BASE,2028,BS_CIP,6502.86981101,RMB_MILLION,H3B_ATTEMPT005
BASE,2028,BS_CONTRACT_ASSETS,5260.78087334,RMB_MILLION,H3B_ATTEMPT005
BASE,2028,BS_CONTRACT_LIABILITIES,57917.33239088,RMB_MILLION,H3B_ATTEMPT005
BASE,2028,BS_CURRENT_PORTION_DEBT,0.00000000,RMB_MILLION,H3B_ATTEMPT005
BASE,2028,BS_CURRENT_PORTION_NONCURRENT_ASSETS,155677.63619096,RMB_MILLION,H3B_ATTEMPT005
BASE,2028,BS_CURRENT_PORTION_NONCURRENT_ASSETS_FINANCE,315.10819096,RMB_MILLION,H3B_ATTEMPT005
BASE,2028,BS_CURRENT_PORTION_NONCURRENT_ASSETS_TREASURY,155362.52800000,RMB_MILLION,H3B_ATTEMPT005
BASE,2028,BS_CUSTOMER_DEPOSITS,165.28596876,RMB_MILLION,H3B_ATTEMPT005
BASE,2028,BS_DERIVATIVE_FINANCIAL_ASSETS,2739.96710920,RMB_MILLION,H3B_ATTEMPT005
BASE,2028,BS_DERIVATIVE_LIABILITIES,1048.77773982,RMB_MILLION,H3B_ATTEMPT005
BASE,2028,BS_EMPLOYEE_COMP,11887.67967276,RMB_MILLION,H3B_ATTEMPT005
BASE,2028,BS_GOODWILL,42220.40210556,RMB_MILLION,H3B_ATTEMPT005
BASE,2028,BS_INCOME_TAX_PAYABLE,5527.88082971,RMB_MILLION,H3B_ATTEMPT005
BASE,2028,BS_INTANGIBLES,27749.70615914,RMB_MILLION,H3B_ATTEMPT005
BASE,2028,BS_INVENTORY,70639.52064605,RMB_MILLION,H3B_ATTEMPT005
BASE,2028,BS_LOANS_ADVANCES_CURRENT,14517.48037462,RMB_MILLION,H3B_ATTEMPT005
BASE,2028,BS_LONG_TERM_BORROWINGS,23200.09882529,RMB_MILLION,H3B_ATTEMPT005
BASE,2028,BS_LONG_TERM_INVESTMENTS,5885.07772273,RMB_MILLION,H3B_ATTEMPT005
BASE,2028,BS_NCI,14988.12387041,RMB_MILLION,H3B_ATTEMPT005
BASE,2028,BS_NOTES_PAYABLE,33426.78678390,RMB_MILLION,H3B_ATTEMPT005
BASE,2028,BS_NOTES_RECEIVABLE,6466.45518822,RMB_MILLION,H3B_ATTEMPT005
BASE,2028,BS_OTHER_CURRENT_ASSETS,30943.87420035,RMB_MILLION,H3B_ATTEMPT005
BASE,2028,BS_OTHER_CURRENT_ASSETS_HEDGE,3945.60937997,RMB_MILLION,H3B_ATTEMPT005
BASE,2028,BS_OTHER_CURRENT_ASSETS_OPERATING,25571.13082038,RMB_MILLION,H3B_ATTEMPT005
BASE,2028,BS_OTHER_CURRENT_ASSETS_TREASURY,1427.13400000,RMB_MILLION,H3B_ATTEMPT005
BASE,2028,BS_OTHER_CURRENT_LIABILITIES,114049.19055744,RMB_MILLION,H3B_ATTEMPT005
BASE,2028,BS_OTHER_CURRENT_LIABILITIES_HEDGE,26.47336223,RMB_MILLION,H3B_ATTEMPT005
BASE,2028,BS_OTHER_CURRENT_LIABILITIES_OPERATING,114022.71719521,RMB_MILLION,H3B_ATTEMPT005
BASE,2028,BS_OTHER_NONCURRENT_FINANCIAL_ASSETS,5898.69030587,RMB_MILLION,H3B_ATTEMPT005
BASE,2028,BS_OTHER_PAYABLES,5944.76849925,RMB_MILLION,H3B_ATTEMPT005
BASE,2028,BS_OTHER_RECEIVABLES,3932.29382105,RMB_MILLION,H3B_ATTEMPT005
BASE,2028,BS_OTHER_RESERVES,11196.53700000,RMB_MILLION,H3B_ATTEMPT005
BASE,2028,BS_OTHER_TAXES_PAYABLE,3301.61772944,RMB_MILLION,H3B_ATTEMPT005
BASE,2028,BS_PARENT_EQUITY,265052.86043858,RMB_MILLION,H3B_ATTEMPT005
BASE,2028,BS_PPE,48846.30130108,RMB_MILLION,H3B_ATTEMPT005
BASE,2028,BS_PREPAYMENTS,3681.73478621,RMB_MILLION,H3B_ATTEMPT005
BASE,2028,BS_RECEIVABLES_FINANCING,18407.29849940,RMB_MILLION,H3B_ATTEMPT005
BASE,2028,BS_RESTRICTED_CASH,5811.74724883,RMB_MILLION,H3B_ATTEMPT005
BASE,2028,BS_RETAINED_EARNINGS,209059.57543858,RMB_MILLION,H3B_ATTEMPT005
BASE,2028,BS_SHARE_CAPITAL,7597.14500000,RMB_MILLION,H3B_ATTEMPT005
BASE,2028,BS_SHORT_TERM_BORROWING,54110.84989618,RMB_MILLION,H3B_ATTEMPT005
BASE,2028,BS_TAXES_PAYABLE,8829.49855915,RMB_MILLION,H3B_ATTEMPT005
BASE,2028,BS_TERM_DEPOSITS,14718.85910003,RMB_MILLION,H3B_ATTEMPT005
BASE,2028,BS_TOTAL_ASSETS,720637.92671386,RMB_MILLION,H3B_ATTEMPT005
BASE,2028,BS_TOTAL_CURRENT_ASSETS,486596.09322269,RMB_MILLION,H3B_ATTEMPT005
BASE,2028,BS_TOTAL_CURRENT_ASSETS_OTHER_IMMATERIAL_COMPONENTS,0.00000000,RMB_MILLION,H3B_ATTEMPT005
BASE,2028,BS_TOTAL_CURRENT_LIABILITIES,397276.84179035,RMB_MILLION,H3B_ATTEMPT005
BASE,2028,BS_TOTAL_CURRENT_LIABILITIES_OTHER_IMMATERIAL_COMPONENTS,0.00000000,RMB_MILLION,H3B_ATTEMPT005
BASE,2028,BS_TOTAL_EQUITY,280040.98430899,RMB_MILLION,H3B_ATTEMPT005
BASE,2028,BS_TOTAL_LIABILITIES,440596.94240487,RMB_MILLION,H3B_ATTEMPT005
BASE,2028,BS_TOTAL_NONCURRENT_ASSETS,234041.83349117,RMB_MILLION,H3B_ATTEMPT005
BASE,2028,BS_TOTAL_NONCURRENT_ASSETS_OTHER_IMMATERIAL_COMPONENTS,96938.78608578,RMB_MILLION,H3B_ATTEMPT005
BASE,2028,BS_TOTAL_NONCURRENT_LIABILITIES,43320.10061452,RMB_MILLION,H3B_ATTEMPT005
BASE,2028,BS_TOTAL_NONCURRENT_LIABILITIES_OTHER_IMMATERIAL_COMPONENTS,20120.00178923,RMB_MILLION,H3B_ATTEMPT005
BASE,2028,BS_TRADING_FINANCIAL_ASSETS,875.93429168,RMB_MILLION,H3B_ATTEMPT005
BASE,2028,BS_TRADING_FINANCIAL_LIABILITIES,870.66180361,RMB_MILLION,H3B_ATTEMPT005
BASE,2028,BS_TREASURY_SHARES,-8151.11700000,RMB_MILLION,H3B_ATTEMPT005
BASE,2028,CF_ACQUISITION_PAYMENTS,0.00000000,RMB_MILLION,H3B_ATTEMPT005
BASE,2028,CF_CAPEX,-10652.14441457,RMB_MILLION,H3B_ATTEMPT005
BASE,2028,CF_CASH_FROM_SALES,559721.80264936,RMB_MILLION,H3B_ATTEMPT005
BASE,2028,CF_CASH_TO_EMPLOYEES,-31897.21322352,RMB_MILLION,H3B_ATTEMPT005
BASE,2028,CF_CASH_TO_SUPPLIERS,-416684.06360037,RMB_MILLION,H3B_ATTEMPT005
BASE,2028,CF_CFF,-27897.40977384,RMB_MILLION,H3B_ATTEMPT005
BASE,2028,CF_CFI,-27905.27809182,RMB_MILLION,H3B_ATTEMPT005
BASE,2028,CF_CFO,69332.48342387,RMB_MILLION,H3B_ATTEMPT005
BASE,2028,CF_CLOSING_CASH,103356.97844119,RMB_MILLION,H3B_ATTEMPT005
BASE,2028,CF_DEBT_PROCEEDS,5371.44475044,RMB_MILLION,H3B_ATTEMPT005
BASE,2028,CF_DEBT_REPAYMENTS,0.00000000,RMB_MILLION,H3B_ATTEMPT005
BASE,2028,CF_DIVIDENDS_INTEREST,-36490.15691244,RMB_MILLION,H3B_ATTEMPT005
BASE,2028,CF_FX_EFFECT,0.00000000,RMB_MILLION,H3B_ATTEMPT005
BASE,2028,CF_INVESTMENT_PROCEEDS,0.00000000,RMB_MILLION,H3B_ATTEMPT005
BASE,2028,CF_INVESTMENT_PURCHASES,0.00000000,RMB_MILLION,H3B_ATTEMPT005
BASE,2028,CF_NET_CHANGE_CASH,13529.79555821,RMB_MILLION,H3B_ATTEMPT005
BASE,2028,CF_OPENING_CASH,89827.18288298,RMB_MILLION,H3B_ATTEMPT005
BASE,2028,CF_TAXES_PAID,-8180.58322323,RMB_MILLION,H3B_ATTEMPT005
BASE,2028,DIVIDENDS,33333.21974063,RMB_MILLION,H3B_ATTEMPT005
BASE,2028,DRV_EFFECTIVE_TAX_RATE_PERCENT,15.35533528,PERCENT,H3B_ATTEMPT005
BASE,2028,EBIT,54470.07304190,RMB_MILLION,H3B_ATTEMPT005
BASE,2028,EPS_DENOMINATOR_SHARES,7402513660.00000000,SHARES,H3B_ATTEMPT005
BASE,2028,FCFF,54197.54304646,RMB_MILLION,H3B_ATTEMPT005
BASE,2028,IS_ADJUSTED_ATTRIBUTABLE_NI,45134.90257054,RMB_MILLION,H3B_ATTEMPT005
BASE,2028,IS_ADMIN_EXPENSE,-18630.57012657,RMB_MILLION,H3B_ATTEMPT005
BASE,2028,IS_ASSET_DISPOSAL,-93.69696882,RMB_MILLION,H3B_ATTEMPT005
BASE,2028,IS_ASSET_IMPAIRMENT,-1425.30832154,RMB_MILLION,H3B_ATTEMPT005
BASE,2028,IS_ATTRIBUTABLE_NI,48064.08619419,RMB_MILLION,H3B_ATTEMPT005
BASE,2028,IS_BASIC_EPS,6.49294124,RMB_PER_SHARE,H3B_ATTEMPT005
BASE,2028,IS_CREDIT_IMPAIRMENT,-438.58522736,RMB_MILLION,H3B_ATTEMPT005
BASE,2028,IS_DILUTED_EPS,6.49294124,RMB_PER_SHARE,H3B_ATTEMPT005
BASE,2028,IS_FAIR_VALUE_CHANGE,964.22936354,RMB_MILLION,H3B_ATTEMPT005
BASE,2028,IS_FEE_COMMISSION_EXPENSE,-2.02370860,RMB_MILLION,H3B_ATTEMPT005
BASE,2028,IS_FEE_COMMISSION_INCOME,0.62609255,RMB_MILLION,H3B_ATTEMPT005
BASE,2028,IS_FINANCE_INTEREST_INCOME,3160.42326499,RMB_MILLION,H3B_ATTEMPT005
BASE,2028,IS_FINANCE_RESULT,3.14716513,RMB_MILLION,H3B_ATTEMPT005
BASE,2028,IS_FINANCIAL_BUSINESS_INTEREST_COST,-0.33892805,RMB_MILLION,H3B_ATTEMPT005
BASE,2028,IS_FINANCIAL_BUSINESS_INTEREST_INCOME,2526.76164338,RMB_MILLION,H3B_ATTEMPT005
BASE,2028,IS_FINANCING_INTEREST_EXPENSE,-3156.93717181,RMB_MILLION,H3B_ATTEMPT005
BASE,2028,IS_INCOME_TAX,-8833.31954714,RMB_MILLION,H3B_ATTEMPT005
BASE,2028,IS_INVESTMENT_INCOME,2088.61147639,RMB_MILLION,H3B_ATTEMPT005
BASE,2028,IS_NCI_PROFIT,628.65530563,RMB_MILLION,H3B_ATTEMPT005
BASE,2028,IS_NET_PROFIT,48692.74149982,RMB_MILLION,H3B_ATTEMPT005
BASE,2028,IS_OPERATING_COST,-417901.24463655,RMB_MILLION,H3B_ATTEMPT005
BASE,2028,IS_OPERATING_PROFIT,57526.06104696,RMB_MILLION,H3B_ATTEMPT005
BASE,2028,IS_OPERATING_REVENUE,562561.08082174,RMB_MILLION,H3B_ATTEMPT005
BASE,2028,IS_OTHER_INCOME,3110.09080727,RMB_MILLION,H3B_ATTEMPT005
BASE,2028,IS_PBT,57526.06104696,RMB_MILLION,H3B_ATTEMPT005
BASE,2028,IS_RD_EXPENSE,-20562.12894190,RMB_MILLION,H3B_ATTEMPT005
BASE,2028,IS_SELLING_EXPENSE,-51942.19585588,RMB_MILLION,H3B_ATTEMPT005
BASE,2028,IS_TAXES_SURCHARGES,-2732.73253582,RMB_MILLION,H3B_ATTEMPT005
BASE,2028,IS_TOTAL_REVENUE,565088.46855767,RMB_MILLION,H3B_ATTEMPT005
BASE,2028,PPE_AMORTIZATION,1907.42294677,RMB_MILLION,H3B_ATTEMPT005
BASE,2028,PPE_CAPEX,10652.14441457,RMB_MILLION,H3B_ATTEMPT005
BASE,2028,PPE_DEPRECIATION,7479.19735653,RMB_MILLION,H3B_ATTEMPT005
BASE,2028,SEGMENT_REVENUE_BUILDING_TECH,47273.02420690,RMB_MILLION,H3B_ATTEMPT005
BASE,2028,SEGMENT_REVENUE_ELIMINATIONS,0.00000000,RMB_MILLION,H3B_ATTEMPT005
BASE,2028,SEGMENT_REVENUE_INDUSTRIAL_TECH,34472.55835240,RMB_MILLION,H3B_ATTEMPT005
BASE,2028,SEGMENT_REVENUE_OTHER,77065.84733599,RMB_MILLION,H3B_ATTEMPT005
BASE,2028,SEGMENT_REVENUE_SMART_HOME,403749.65092645,RMB_MILLION,H3B_ATTEMPT005
BASE,2029,BS_AP,118010.71653288,RMB_MILLION,H3B_ATTEMPT005
BASE,2029,BS_AR,53044.66110561,RMB_MILLION,H3B_ATTEMPT005
BASE,2029,BS_CAPITAL_RESERVE,45350.72000000,RMB_MILLION,H3B_ATTEMPT005
BASE,2029,BS_CASH,140373.28186290,RMB_MILLION,H3B_ATTEMPT005
BASE,2029,BS_CASH_TAXONOMY_OTHER,107.40210337,RMB_MILLION,H3B_ATTEMPT005
BASE,2029,BS_CIP,7432.27444629,RMB_MILLION,H3B_ATTEMPT005
BASE,2029,BS_CONTRACT_ASSETS,5707.53066528,RMB_MILLION,H3B_ATTEMPT005
BASE,2029,BS_CONTRACT_LIABILITIES,62835.71937906,RMB_MILLION,H3B_ATTEMPT005
BASE,2029,BS_CURRENT_PORTION_DEBT,0.00000000,RMB_MILLION,H3B_ATTEMPT005
BASE,2029,BS_CURRENT_PORTION_NONCURRENT_ASSETS,155704.39543491,RMB_MILLION,H3B_ATTEMPT005
BASE,2029,BS_CURRENT_PORTION_NONCURRENT_ASSETS_FINANCE,341.86743491,RMB_MILLION,H3B_ATTEMPT005
BASE,2029,BS_CURRENT_PORTION_NONCURRENT_ASSETS_TREASURY,155362.52800000,RMB_MILLION,H3B_ATTEMPT005
BASE,2029,BS_CUSTOMER_DEPOSITS,179.32218770,RMB_MILLION,H3B_ATTEMPT005
BASE,2029,BS_DERIVATIVE_FINANCIAL_ASSETS,2972.64734535,RMB_MILLION,H3B_ATTEMPT005
BASE,2029,BS_DERIVATIVE_LIABILITIES,1137.84079877,RMB_MILLION,H3B_ATTEMPT005
BASE,2029,BS_EMPLOYEE_COMP,12897.19110239,RMB_MILLION,H3B_ATTEMPT005
BASE,2029,BS_GOODWILL,45805.79300288,RMB_MILLION,H3B_ATTEMPT005
BASE,2029,BS_INCOME_TAX_PAYABLE,5997.31296726,RMB_MILLION,H3B_ATTEMPT005
BASE,2029,BS_INTANGIBLES,30116.66056422,RMB_MILLION,H3B_ATTEMPT005
BASE,2029,BS_INVENTORY,77597.93440896,RMB_MILLION,H3B_ATTEMPT005
BASE,2029,BS_LOANS_ADVANCES_CURRENT,15750.31661945,RMB_MILLION,H3B_ATTEMPT005
BASE,2029,BS_LONG_TERM_BORROWINGS,24748.63488632,RMB_MILLION,H3B_ATTEMPT005
BASE,2029,BS_LONG_TERM_INVESTMENTS,6384.84331105,RMB_MILLION,H3B_ATTEMPT005
BASE,2029,BS_NCI,15663.24430078,RMB_MILLION,H3B_ATTEMPT005
BASE,2029,BS_NOTES_PAYABLE,36265.41671362,RMB_MILLION,H3B_ATTEMPT005
BASE,2029,BS_NOTES_RECEIVABLE,7015.59182391,RMB_MILLION,H3B_ATTEMPT005
BASE,2029,BS_OTHER_CURRENT_ASSETS,33450.45979299,RMB_MILLION,H3B_ATTEMPT005
BASE,2029,BS_OTHER_CURRENT_ASSETS_HEDGE,4280.67373867,RMB_MILLION,H3B_ATTEMPT005
BASE,2029,BS_OTHER_CURRENT_ASSETS_OPERATING,27742.65205432,RMB_MILLION,H3B_ATTEMPT005
BASE,2029,BS_OTHER_CURRENT_ASSETS_TREASURY,1427.13400000,RMB_MILLION,H3B_ATTEMPT005
BASE,2029,BS_OTHER_CURRENT_LIABILITIES,123734.34061000,RMB_MILLION,H3B_ATTEMPT005
BASE,2029,BS_OTHER_CURRENT_LIABILITIES_HEDGE,28.72150169,RMB_MILLION,H3B_ATTEMPT005
BASE,2029,BS_OTHER_CURRENT_LIABILITIES_OPERATING,123705.61910831,RMB_MILLION,H3B_ATTEMPT005
BASE,2029,BS_OTHER_NONCURRENT_FINANCIAL_ASSETS,6399.61188582,RMB_MILLION,H3B_ATTEMPT005
BASE,2029,BS_OTHER_PAYABLES,6449.60307687,RMB_MILLION,H3B_ATTEMPT005
BASE,2029,BS_OTHER_RECEIVABLES,4266.22741165,RMB_MILLION,H3B_ATTEMPT005
BASE,2029,BS_OTHER_RESERVES,11196.53700000,RMB_MILLION,H3B_ATTEMPT005
BASE,2029,BS_OTHER_TAXES_PAYABLE,3581.99379322,RMB_MILLION,H3B_ATTEMPT005
BASE,2029,BS_PARENT_EQUITY,280872.51361074,RMB_MILLION,H3B_ATTEMPT005
BASE,2029,BS_PPE,51744.73741760,RMB_MILLION,H3B_ATTEMPT005
BASE,2029,BS_PREPAYMENTS,3994.39069972,RMB_MILLION,H3B_ATTEMPT005
BASE,2029,BS_RECEIVABLES_FINANCING,19970.46126415,RMB_MILLION,H3B_ATTEMPT005
BASE,2029,BS_RESTRICTED_CASH,6305.28555364,RMB_MILLION,H3B_ATTEMPT005
BASE,2029,BS_RETAINED_EARNINGS,224879.22861074,RMB_MILLION,H3B_ATTEMPT005
BASE,2029,BS_SHARE_CAPITAL,7597.14500000,RMB_MILLION,H3B_ATTEMPT005
BASE,2029,BS_SHORT_TERM_BORROWING,58705.98729395,RMB_MILLION,H3B_ATTEMPT005
BASE,2029,BS_TAXES_PAYABLE,9579.30676048,RMB_MILLION,H3B_ATTEMPT005
BASE,2029,BS_TERM_DEPOSITS,15968.79659007,RMB_MILLION,H3B_ATTEMPT005
BASE,2029,BS_TOTAL_ASSETS,773853.04507671,RMB_MILLION,H3B_ATTEMPT005
BASE,2029,BS_TOTAL_CURRENT_ASSETS,520798.21777927,RMB_MILLION,H3B_ATTEMPT005
BASE,2029,BS_TOTAL_CURRENT_ASSETS_OTHER_IMMATERIAL_COMPONENTS,0.00000000,RMB_MILLION,H3B_ATTEMPT005
BASE,2029,BS_TOTAL_CURRENT_LIABILITIES,430740.04356807,RMB_MILLION,H3B_ATTEMPT005
BASE,2029,BS_TOTAL_CURRENT_LIABILITIES_OTHER_IMMATERIAL_COMPONENTS,0.00000000,RMB_MILLION,H3B_ATTEMPT005
BASE,2029,BS_TOTAL_EQUITY,296535.75791152,RMB_MILLION,H3B_ATTEMPT005
BASE,2029,BS_TOTAL_LIABILITIES,477317.28716519,RMB_MILLION,H3B_ATTEMPT005
BASE,2029,BS_TOTAL_NONCURRENT_ASSETS,253054.82729744,RMB_MILLION,H3B_ATTEMPT005
BASE,2029,BS_TOTAL_NONCURRENT_ASSETS_OTHER_IMMATERIAL_COMPONENTS,105170.90666958,RMB_MILLION,H3B_ATTEMPT005
BASE,2029,BS_TOTAL_NONCURRENT_LIABILITIES,46577.24359712,RMB_MILLION,H3B_ATTEMPT005
BASE,2029,BS_TOTAL_NONCURRENT_LIABILITIES_OTHER_IMMATERIAL_COMPONENTS,21828.60871080,RMB_MILLION,H3B_ATTEMPT005
BASE,2029,BS_TRADING_FINANCIAL_ASSETS,950.31934439,RMB_MILLION,H3B_ATTEMPT005
BASE,2029,BS_TRADING_FINANCIAL_LIABILITIES,944.59911235,RMB_MILLION,H3B_ATTEMPT005
BASE,2029,BS_TREASURY_SHARES,-8151.11700000,RMB_MILLION,H3B_ATTEMPT005
BASE,2029,CF_ACQUISITION_PAYMENTS,0.00000000,RMB_MILLION,H3B_ATTEMPT005
BASE,2029,CF_CAPEX,-11704.85293981,RMB_MILLION,H3B_ATTEMPT005
BASE,2029,CF_CASH_FROM_SALES,606756.10151209,RMB_MILLION,H3B_ATTEMPT005
BASE,2029,CF_CASH_TO_EMPLOYEES,-34916.87505486,RMB_MILLION,H3B_ATTEMPT005
BASE,2029,CF_CASH_TO_SUPPLIERS,-451281.43369569,RMB_MILLION,H3B_ATTEMPT005
BASE,2029,CF_CFF,-29579.33146059,RMB_MILLION,H3B_ATTEMPT005
BASE,2029,CF_CFI,-31262.88357696,RMB_MILLION,H3B_ATTEMPT005
BASE,2029,CF_CFO,75477.03421218,RMB_MILLION,H3B_ATTEMPT005
BASE,2029,CF_CLOSING_CASH,117991.79761582,RMB_MILLION,H3B_ATTEMPT005
BASE,2029,CF_DEBT_PROCEEDS,6143.67345880,RMB_MILLION,H3B_ATTEMPT005
BASE,2029,CF_DEBT_REPAYMENTS,0.00000000,RMB_MILLION,H3B_ATTEMPT005
BASE,2029,CF_DIVIDENDS_INTEREST,-39186.44758941,RMB_MILLION,H3B_ATTEMPT005
BASE,2029,CF_FX_EFFECT,0.00000000,RMB_MILLION,H3B_ATTEMPT005
BASE,2029,CF_INVESTMENT_PROCEEDS,0.00000000,RMB_MILLION,H3B_ATTEMPT005
BASE,2029,CF_INVESTMENT_PURCHASES,0.00000000,RMB_MILLION,H3B_ATTEMPT005
BASE,2029,CF_NET_CHANGE_CASH,14634.81917463,RMB_MILLION,H3B_ATTEMPT005
BASE,2029,CF_OPENING_CASH,103356.97844119,RMB_MILLION,H3B_ATTEMPT005
BASE,2029,CF_TAXES_PAID,-8754.86549814,RMB_MILLION,H3B_ATTEMPT005
BASE,2029,DIVIDENDS,35796.94222813,RMB_MILLION,H3B_ATTEMPT005
BASE,2029,DRV_EFFECTIVE_TAX_RATE_PERCENT,15.38062947,PERCENT,H3B_ATTEMPT005
BASE,2029,EBIT,58289.39194186,RMB_MILLION,H3B_ATTEMPT005
BASE,2029,EPS_DENOMINATOR_SHARES,7402513660.00000000,SHARES,H3B_ATTEMPT005
BASE,2029,FCFF,58626.54292956,RMB_MILLION,H3B_ATTEMPT005
BASE,2029,IS_ADJUSTED_ATTRIBUTABLE_NI,48470.91017195,RMB_MILLION,H3B_ATTEMPT005
BASE,2029,IS_ADMIN_EXPENSE,-20500.96990088,RMB_MILLION,H3B_ATTEMPT005
BASE,2029,IS_ASSET_DISPOSAL,-101.65379165,RMB_MILLION,H3B_ATTEMPT005
BASE,2029,IS_ASSET_IMPAIRMENT,-1546.34666384,RMB_MILLION,H3B_ATTEMPT005
BASE,2029,IS_ATTRIBUTABLE_NI,51616.59540029,RMB_MILLION,H3B_ATTEMPT005
BASE,2029,IS_BASIC_EPS,6.97284703,RMB_PER_SHARE,H3B_ATTEMPT005
BASE,2029,IS_CREDIT_IMPAIRMENT,-475.83024170,RMB_MILLION,H3B_ATTEMPT005
BASE,2029,IS_DILUTED_EPS,6.97284703,RMB_PER_SHARE,H3B_ATTEMPT005
BASE,2029,IS_FAIR_VALUE_CHANGE,1046.11250559,RMB_MILLION,H3B_ATTEMPT005
BASE,2029,IS_FEE_COMMISSION_EXPENSE,-2.19556358,RMB_MILLION,H3B_ATTEMPT005
BASE,2029,IS_FEE_COMMISSION_INCOME,0.67926084,RMB_MILLION,H3B_ATTEMPT005
BASE,2029,IS_FINANCE_INTEREST_INCOME,3584.78009180,RMB_MILLION,H3B_ATTEMPT005
BASE,2029,IS_FINANCE_RESULT,194.90702042,RMB_MILLION,H3B_ATTEMPT005
BASE,2029,IS_FINANCIAL_BUSINESS_INTEREST_COST,-0.36771010,RMB_MILLION,H3B_ATTEMPT005
BASE,2029,IS_FINANCIAL_BUSINESS_INTEREST_INCOME,2741.33629791,RMB_MILLION,H3B_ATTEMPT005
BASE,2029,IS_FINANCING_INTEREST_EXPENSE,-3389.50536128,RMB_MILLION,H3B_ATTEMPT005
BASE,2029,IS_INCOME_TAX,-9504.67369947,RMB_MILLION,H3B_ATTEMPT005
BASE,2029,IS_INVESTMENT_INCOME,2265.97806226,RMB_MILLION,H3B_ATTEMPT005
BASE,2029,IS_NCI_PROFIT,675.12043037,RMB_MILLION,H3B_ATTEMPT005
BASE,2029,IS_NET_PROFIT,52291.71583066,RMB_MILLION,H3B_ATTEMPT005
BASE,2029,IS_OPERATING_COST,-453307.72654706,RMB_MILLION,H3B_ATTEMPT005
BASE,2029,IS_OPERATING_PROFIT,61796.38953013,RMB_MILLION,H3B_ATTEMPT005
BASE,2029,IS_OPERATING_REVENUE,610334.22550481,RMB_MILLION,H3B_ATTEMPT005
BASE,2029,IS_OTHER_INCOME,3374.20224899,RMB_MILLION,H3B_ATTEMPT005
BASE,2029,IS_PBT,61796.38953013,RMB_MILLION,H3B_ATTEMPT005
BASE,2029,IS_RD_EXPENSE,-22581.49655637,RMB_MILLION,H3B_ATTEMPT005
BASE,2029,IS_SELLING_EXPENSE,-56680.03369950,RMB_MILLION,H3B_ATTEMPT005
BASE,2029,IS_TAXES_SURCHARGES,-2964.79840611,RMB_MILLION,H3B_ATTEMPT005
BASE,2029,IS_TOTAL_REVENUE,613076.24106356,RMB_MILLION,H3B_ATTEMPT005
BASE,2029,PPE_AMORTIZATION,2070.17657398,RMB_MILLION,H3B_ATTEMPT005
BASE,2029,PPE_CAPEX,11704.85293981,RMB_MILLION,H3B_ATTEMPT005
BASE,2029,PPE_DEPRECIATION,7877.01218801,RMB_MILLION,H3B_ATTEMPT005
BASE,2029,SEGMENT_REVENUE_BUILDING_TECH,51287.48788388,RMB_MILLION,H3B_ATTEMPT005
BASE,2029,SEGMENT_REVENUE_ELIMINATIONS,0.00000000,RMB_MILLION,H3B_ATTEMPT005
BASE,2029,SEGMENT_REVENUE_INDUSTRIAL_TECH,37399.99605456,RMB_MILLION,H3B_ATTEMPT005
BASE,2029,SEGMENT_REVENUE_OTHER,83610.34179254,RMB_MILLION,H3B_ATTEMPT005
BASE,2029,SEGMENT_REVENUE_SMART_HOME,438036.39977383,RMB_MILLION,H3B_ATTEMPT005
BASE,2030,BS_AP,128229.25120737,RMB_MILLION,H3B_ATTEMPT005
BASE,2030,BS_AR,57284.43825677,RMB_MILLION,H3B_ATTEMPT005
BASE,2030,BS_CAPITAL_RESERVE,45350.72000000,RMB_MILLION,H3B_ATTEMPT005
BASE,2030,BS_CASH,158216.20260816,RMB_MILLION,H3B_ATTEMPT005
BASE,2030,BS_CASH_TAXONOMY_OTHER,116.87829872,RMB_MILLION,H3B_ATTEMPT005
BASE,2030,BS_CIP,8345.57764755,RMB_MILLION,H3B_ATTEMPT005
BASE,2030,BS_CONTRACT_ASSETS,6211.11182281,RMB_MILLION,H3B_ATTEMPT005
BASE,2030,BS_CONTRACT_LIABILITIES,68379.77794923,RMB_MILLION,H3B_ATTEMPT005
BASE,2030,BS_CURRENT_PORTION_DEBT,0.00000000,RMB_MILLION,H3B_ATTEMPT005
BASE,2030,BS_CURRENT_PORTION_NONCURRENT_ASSETS,155734.55874172,RMB_MILLION,H3B_ATTEMPT005
BASE,2030,BS_CURRENT_PORTION_NONCURRENT_ASSETS_FINANCE,372.03074172,RMB_MILLION,H3B_ATTEMPT005
BASE,2030,BS_CURRENT_PORTION_NONCURRENT_ASSETS_TREASURY,155362.52800000,RMB_MILLION,H3B_ATTEMPT005
BASE,2030,BS_CUSTOMER_DEPOSITS,195.14396425,RMB_MILLION,H3B_ATTEMPT005
BASE,2030,BS_DERIVATIVE_FINANCIAL_ASSETS,3234.92700339,RMB_MILLION,H3B_ATTEMPT005
BASE,2030,BS_DERIVATIVE_LIABILITIES,1238.23363416,RMB_MILLION,H3B_ATTEMPT005
BASE,2030,BS_EMPLOYEE_COMP,14035.12321440,RMB_MILLION,H3B_ATTEMPT005
BASE,2030,BS_GOODWILL,49847.28408106,RMB_MILLION,H3B_ATTEMPT005
BASE,2030,BS_INCOME_TAX_PAYABLE,6526.46190806,RMB_MILLION,H3B_ATTEMPT005
BASE,2030,BS_INTANGIBLES,32698.07883083,RMB_MILLION,H3B_ATTEMPT005
BASE,2030,BS_INVENTORY,85123.07970898,RMB_MILLION,H3B_ATTEMPT005
BASE,2030,BS_LOANS_ADVANCES_CURRENT,17139.98285866,RMB_MILLION,H3B_ATTEMPT005
BASE,2030,BS_LONG_TERM_BORROWINGS,26472.29437509,RMB_MILLION,H3B_ATTEMPT005
BASE,2030,BS_LONG_TERM_INVESTMENTS,6948.18444293,RMB_MILLION,H3B_ATTEMPT005
BASE,2030,BS_NCI,16393.54389495,RMB_MILLION,H3B_ATTEMPT005
BASE,2030,BS_NOTES_PAYABLE,39465.15081898,RMB_MILLION,H3B_ATTEMPT005
BASE,2030,BS_NOTES_RECEIVABLE,7634.58452998,RMB_MILLION,H3B_ATTEMPT005
BASE,2030,BS_OTHER_CURRENT_ASSETS,36275.90995991,RMB_MILLION,H3B_ATTEMPT005
BASE,2030,BS_OTHER_CURRENT_ASSETS_HEDGE,4658.36187786,RMB_MILLION,H3B_ATTEMPT005
BASE,2030,BS_OTHER_CURRENT_ASSETS_OPERATING,30190.41408205,RMB_MILLION,H3B_ATTEMPT005
BASE,2030,BS_OTHER_CURRENT_ASSETS_TREASURY,1427.13400000,RMB_MILLION,H3B_ATTEMPT005
BASE,2030,BS_OTHER_CURRENT_LIABILITIES,134651.54563706,RMB_MILLION,H3B_ATTEMPT005
BASE,2030,BS_OTHER_CURRENT_LIABILITIES_HEDGE,31.25562860,RMB_MILLION,H3B_ATTEMPT005
BASE,2030,BS_OTHER_CURRENT_LIABILITIES_OPERATING,134620.29000846,RMB_MILLION,H3B_ATTEMPT005
BASE,2030,BS_OTHER_NONCURRENT_FINANCIAL_ASSETS,6964.25606388,RMB_MILLION,H3B_ATTEMPT005
BASE,2030,BS_OTHER_PAYABLES,7018.65802788,RMB_MILLION,H3B_ATTEMPT005
BASE,2030,BS_OTHER_RECEIVABLES,4642.64093691,RMB_MILLION,H3B_ATTEMPT005
BASE,2030,BS_OTHER_RESERVES,11196.53700000,RMB_MILLION,H3B_ATTEMPT005
BASE,2030,BS_OTHER_TAXES_PAYABLE,3898.03669977,RMB_MILLION,H3B_ATTEMPT005
BASE,2030,BS_PARENT_EQUITY,297985.14384957,RMB_MILLION,H3B_ATTEMPT005
BASE,2030,BS_PPE,55292.03077955,RMB_MILLION,H3B_ATTEMPT005
BASE,2030,BS_PREPAYMENTS,4346.81979913,RMB_MILLION,H3B_ATTEMPT005
BASE,2030,BS_RECEIVABLES_FINANCING,21732.47509984,RMB_MILLION,H3B_ATTEMPT005
BASE,2030,BS_RESTRICTED_CASH,6861.60722476,RMB_MILLION,H3B_ATTEMPT005
BASE,2030,BS_RETAINED_EARNINGS,241991.85884957,RMB_MILLION,H3B_ATTEMPT005
BASE,2030,BS_SHARE_CAPITAL,7597.14500000,RMB_MILLION,H3B_ATTEMPT005
BASE,2030,BS_SHORT_TERM_BORROWING,63885.67545848,RMB_MILLION,H3B_ATTEMPT005
BASE,2030,BS_TAXES_PAYABLE,10424.49860783,RMB_MILLION,H3B_ATTEMPT005
BASE,2030,BS_TERM_DEPOSITS,17377.73953630,RMB_MILLION,H3B_ATTEMPT005
BASE,2030,BS_TOTAL_ASSETS,833156.55143927,RMB_MILLION,H3B_ATTEMPT005
BASE,2030,BS_TOTAL_CURRENT_ASSETS,558610.89829995,RMB_MILLION,H3B_ATTEMPT005
BASE,2030,BS_TOTAL_CURRENT_ASSETS_OTHER_IMMATERIAL_COMPONENTS,0.00000000,RMB_MILLION,H3B_ATTEMPT005
BASE,2030,BS_TOTAL_CURRENT_LIABILITIES,468551.00055948,RMB_MILLION,H3B_ATTEMPT005
BASE,2030,BS_TOTAL_CURRENT_LIABILITIES_OTHER_IMMATERIAL_COMPONENTS,0.00000000,RMB_MILLION,H3B_ATTEMPT005
BASE,2030,BS_TOTAL_EQUITY,314378.68774452,RMB_MILLION,H3B_ATTEMPT005
BASE,2030,BS_TOTAL_LIABILITIES,518777.86369475,RMB_MILLION,H3B_ATTEMPT005
BASE,2030,BS_TOTAL_NONCURRENT_ASSETS,274545.65313932,RMB_MILLION,H3B_ATTEMPT005
BASE,2030,BS_TOTAL_NONCURRENT_ASSETS_OTHER_IMMATERIAL_COMPONENTS,114450.24129352,RMB_MILLION,H3B_ATTEMPT005
BASE,2030,BS_TOTAL_NONCURRENT_LIABILITIES,50226.86313527,RMB_MILLION,H3B_ATTEMPT005
BASE,2030,BS_TOTAL_NONCURRENT_LIABILITIES_OTHER_IMMATERIAL_COMPONENTS,23754.56876018,RMB_MILLION,H3B_ATTEMPT005
BASE,2030,BS_TRADING_FINANCIAL_ASSETS,1034.16697369,RMB_MILLION,H3B_ATTEMPT005
BASE,2030,BS_TRADING_FINANCIAL_LIABILITIES,1027.94203984,RMB_MILLION,H3B_ATTEMPT005
BASE,2030,BS_TREASURY_SHARES,-8151.11700000,RMB_MILLION,H3B_ATTEMPT005
BASE,2030,CF_ACQUISITION_PAYMENTS,0.00000000,RMB_MILLION,H3B_ATTEMPT005
BASE,2030,CF_CAPEX,-12842.35639385,RMB_MILLION,H3B_ATTEMPT005
BASE,2030,CF_CASH_FROM_SALES,659944.84947930,RMB_MILLION,H3B_ATTEMPT005
BASE,2030,CF_CASH_TO_EMPLOYEES,-38217.55849798,RMB_MILLION,H3B_ATTEMPT005
BASE,2030,CF_CASH_TO_SUPPLIERS,-490552.10757327,RMB_MILLION,H3B_ATTEMPT005
BASE,2030,CF_CFF,-31736.01903639,RMB_MILLION,H3B_ATTEMPT005
BASE,2030,CF_CFI,-34715.42018039,RMB_MILLION,H3B_ATTEMPT005
BASE,2030,CF_CFO,82319.61914934,RMB_MILLION,H3B_ATTEMPT005
BASE,2030,CF_CLOSING_CASH,133859.97754838,RMB_MILLION,H3B_ATTEMPT005
BASE,2030,CF_DEBT_PROCEEDS,6903.34765330,RMB_MILLION,H3B_ATTEMPT005
BASE,2030,CF_DEBT_REPAYMENTS,0.00000000,RMB_MILLION,H3B_ATTEMPT005
BASE,2030,CF_DIVIDENDS_INTEREST,-42375.72484995,RMB_MILLION,H3B_ATTEMPT005
BASE,2030,CF_FX_EFFECT,0.00000000,RMB_MILLION,H3B_ATTEMPT005
BASE,2030,CF_INVESTMENT_PROCEEDS,0.00000000,RMB_MILLION,H3B_ATTEMPT005
BASE,2030,CF_INVESTMENT_PURCHASES,0.00000000,RMB_MILLION,H3B_ATTEMPT005
BASE,2030,CF_NET_CHANGE_CASH,15868.17993256,RMB_MILLION,H3B_ATTEMPT005
BASE,2030,CF_OPENING_CASH,117991.79761582,RMB_MILLION,H3B_ATTEMPT005
BASE,2030,CF_TAXES_PAID,-9449.31162129,RMB_MILLION,H3B_ATTEMPT005
BASE,2030,DIVIDENDS,38722.70961718,RMB_MILLION,H3B_ATTEMPT005
BASE,2030,DRV_EFFECTIVE_TAX_RATE_PERCENT,15.39707069,PERCENT,H3B_ATTEMPT005
BASE,2030,EBIT,62861.97000934,RMB_MILLION,H3B_ATTEMPT005
BASE,2030,EPS_DENOMINATOR_SHARES,7402513660.00000000,SHARES,H3B_ATTEMPT005
BASE,2030,FCFF,63639.58236501,RMB_MILLION,H3B_ATTEMPT005
BASE,2030,IS_ADJUSTED_ATTRIBUTABLE_NI,52432.55045382,RMB_MILLION,H3B_ATTEMPT005
BASE,2030,IS_ADMIN_EXPENSE,-22513.70356366,RMB_MILLION,H3B_ATTEMPT005
BASE,2030,IS_ASSET_DISPOSAL,-110.62280768,RMB_MILLION,H3B_ATTEMPT005
BASE,2030,IS_ASSET_IMPAIRMENT,-1682.78238159,RMB_MILLION,H3B_ATTEMPT005
BASE,2030,IS_ATTRIBUTABLE_NI,55835.33985601,RMB_MILLION,H3B_ATTEMPT005
BASE,2030,IS_BASIC_EPS,7.54275405,RMB_PER_SHARE,H3B_ATTEMPT005
BASE,2030,IS_CREDIT_IMPAIRMENT,-517.81322138,RMB_MILLION,H3B_ATTEMPT005
BASE,2030,IS_DILUTED_EPS,7.54275405,RMB_PER_SHARE,H3B_ATTEMPT005
BASE,2030,IS_FAIR_VALUE_CHANGE,1138.41206163,RMB_MILLION,H3B_ATTEMPT005
BASE,2030,IS_FEE_COMMISSION_EXPENSE,-2.38928036,RMB_MILLION,H3B_ATTEMPT005
BASE,2030,IS_FEE_COMMISSION_INCOME,0.73919271,RMB_MILLION,H3B_ATTEMPT005
BASE,2030,IS_FINANCE_INTEREST_INCOME,4047.26865377,RMB_MILLION,H3B_ATTEMPT005
BASE,2030,IS_FINANCE_RESULT,393.85326747,RMB_MILLION,H3B_ATTEMPT005
BASE,2030,IS_FINANCIAL_BUSINESS_INTEREST_COST,-0.40015353,RMB_MILLION,H3B_ATTEMPT005
BASE,2030,IS_FINANCIAL_BUSINESS_INTEREST_INCOME,2983.20715013,RMB_MILLION,H3B_ATTEMPT005
BASE,2030,IS_FINANCING_INTEREST_EXPENSE,-3653.01523277,RMB_MILLION,H3B_ATTEMPT005
BASE,2030,IS_INCOME_TAX,-10294.50346864,RMB_MILLION,H3B_ATTEMPT005
BASE,2030,IS_INVESTMENT_INCOME,2465.90758038,RMB_MILLION,H3B_ATTEMPT005
BASE,2030,IS_NCI_PROFIT,730.29959417,RMB_MILLION,H3B_ATTEMPT005
BASE,2030,IS_NET_PROFIT,56565.63945018,RMB_MILLION,H3B_ATTEMPT005
BASE,2030,IS_OPERATING_COST,-493245.49694774,RMB_MILLION,H3B_ATTEMPT005
BASE,2030,IS_OPERATING_PROFIT,66860.14291882,RMB_MILLION,H3B_ATTEMPT005
BASE,2030,IS_OPERATING_REVENUE,664184.62663046,RMB_MILLION,H3B_ATTEMPT005
BASE,2030,IS_OTHER_INCOME,3671.91149910,RMB_MILLION,H3B_ATTEMPT005
BASE,2030,IS_PBT,66860.14291882,RMB_MILLION,H3B_ATTEMPT005
BASE,2030,IS_RD_EXPENSE,-24767.14325365,RMB_MILLION,H3B_ATTEMPT005
BASE,2030,IS_SELLING_EXPENSE,-61912.17746264,RMB_MILLION,H3B_ATTEMPT005
BASE,2030,IS_TAXES_SURCHARGES,-3226.38554436,RMB_MILLION,H3B_ATTEMPT005
BASE,2030,IS_TOTAL_REVENUE,667168.57297330,RMB_MILLION,H3B_ATTEMPT005
BASE,2030,PPE_AMORTIZATION,2247.20523094,RMB_MILLION,H3B_ATTEMPT005
BASE,2030,PPE_CAPEX,12842.35639385,RMB_MILLION,H3B_ATTEMPT005
BASE,2030,PPE_DEPRECIATION,8381.75983064,RMB_MILLION,H3B_ATTEMPT005
BASE,2030,SEGMENT_REVENUE_BUILDING_TECH,55812.63440174,RMB_MILLION,H3B_ATTEMPT005
BASE,2030,SEGMENT_REVENUE_ELIMINATIONS,0.00000000,RMB_MILLION,H3B_ATTEMPT005
BASE,2030,SEGMENT_REVENUE_INDUSTRIAL_TECH,40699.83523361,RMB_MILLION,H3B_ATTEMPT005
BASE,2030,SEGMENT_REVENUE_OTHER,90987.36614351,RMB_MILLION,H3B_ATTEMPT005
BASE,2030,SEGMENT_REVENUE_SMART_HOME,476684.79085160,RMB_MILLION,H3B_ATTEMPT005
BULL,2025,BS_AP,103680.49100000,RMB_MILLION,H1_CERTIFIED
BULL,2025,BS_AR,40450.09700000,RMB_MILLION,H1_CERTIFIED
BULL,2025,BS_CAPITAL_RESERVE,45350.72000000,RMB_MILLION,H1_CERTIFIED
BULL,2025,BS_CASH,85247.15000000,RMB_MILLION,H1_CERTIFIED
BULL,2025,BS_CASH_TAXONOMY_OTHER,80.32300000,RMB_MILLION,H1_CERTIFIED
BULL,2025,BS_CIP,3054.82800000,RMB_MILLION,H1_CERTIFIED
BULL,2025,BS_CONTRACT_ASSETS,4268.50100000,RMB_MILLION,H1_CERTIFIED
BULL,2025,BS_CONTRACT_LIABILITIES,46993.06000000,RMB_MILLION,H1_CERTIFIED
BULL,2025,BS_CURRENT_PORTION_DEBT,5821.77700000,RMB_MILLION,H1_CERTIFIED
BULL,2025,BS_CURRENT_PORTION_NONCURRENT_ASSETS,155618.20100000,RMB_MILLION,H1_CERTIFIED
BULL,2025,BS_CURRENT_PORTION_NONCURRENT_ASSETS_FINANCE,255.67300000,RMB_MILLION,H1_CERTIFIED
BULL,2025,BS_CURRENT_PORTION_NONCURRENT_ASSETS_TREASURY,155362.52800000,RMB_MILLION,H1_CERTIFIED
BULL,2025,BS_CUSTOMER_DEPOSITS,134.11000000,RMB_MILLION,H1_CERTIFIED
BULL,2025,BS_DERIVATIVE_FINANCIAL_ASSETS,2223.15900000,RMB_MILLION,H1_CERTIFIED
BULL,2025,BS_DERIVATIVE_LIABILITIES,850.95900000,RMB_MILLION,H1_CERTIFIED
BULL,2025,BS_EMPLOYEE_COMP,9645.44500000,RMB_MILLION,H1_CERTIFIED
BULL,2025,BS_GOODWILL,34256.85900000,RMB_MILLION,H1_CERTIFIED
BULL,2025,BS_INCOME_TAX_PAYABLE,4485.22100000,RMB_MILLION,H1_CERTIFIED
BULL,2025,BS_INTANGIBLES,21618.86000000,RMB_MILLION,H1_CERTIFIED
BULL,2025,BS_INVENTORY,64628.83400000,RMB_MILLION,H1_CERTIFIED
BULL,2025,BS_LOANS_ADVANCES_CURRENT,11779.21700000,RMB_MILLION,H1_CERTIFIED
BULL,2025,BS_LONG_TERM_BORROWINGS,12658.84300000,RMB_MILLION,H1_CERTIFIED
BULL,2025,BS_LONG_TERM_INVESTMENTS,4775.04400000,RMB_MILLION,H1_CERTIFIED
BULL,2025,BS_NCI,13202.91800000,RMB_MILLION,H1_CERTIFIED
BULL,2025,BS_NOTES_PAYABLE,27121.88100000,RMB_MILLION,H1_CERTIFIED
BULL,2025,BS_NOTES_RECEIVABLE,5246.76300000,RMB_MILLION,H1_CERTIFIED
BULL,2025,BS_OTHER_CURRENT_ASSETS,25376.47500000,RMB_MILLION,H1_CERTIFIED
BULL,2025,BS_OTHER_CURRENT_ASSETS_HEDGE,3201.39500000,RMB_MILLION,H1_CERTIFIED
BULL,2025,BS_OTHER_CURRENT_ASSETS_OPERATING,20747.94600000,RMB_MILLION,H1_CERTIFIED
BULL,2025,BS_OTHER_CURRENT_ASSETS_TREASURY,1427.13400000,RMB_MILLION,H1_CERTIFIED
BULL,2025,BS_OTHER_CURRENT_LIABILITIES,92537.41900000,RMB_MILLION,H1_CERTIFIED
BULL,2025,BS_OTHER_CURRENT_LIABILITIES_HEDGE,21.48000000,RMB_MILLION,H1_CERTIFIED
BULL,2025,BS_OTHER_CURRENT_LIABILITIES_OPERATING,92515.93900000,RMB_MILLION,H1_CERTIFIED
BULL,2025,BS_OTHER_NONCURRENT_FINANCIAL_ASSETS,4786.08900000,RMB_MILLION,H1_CERTIFIED
BULL,2025,BS_OTHER_PAYABLES,4823.47600000,RMB_MILLION,H1_CERTIFIED
BULL,2025,BS_OTHER_RECEIVABLES,3190.59100000,RMB_MILLION,H1_CERTIFIED
BULL,2025,BS_OTHER_RESERVES,11196.53700000,RMB_MILLION,H1_CERTIFIED
BULL,2025,BS_OTHER_TAXES_PAYABLE,2678.87200000,RMB_MILLION,H1_CERTIFIED
BULL,2025,BS_PARENT_EQUITY,223221.30500000,RMB_MILLION,H1_CERTIFIED
BULL,2025,BS_PPE,44983.39400000,RMB_MILLION,H1_CERTIFIED
BULL,2025,BS_PREPAYMENTS,2987.29200000,RMB_MILLION,H1_CERTIFIED
BULL,2025,BS_RECEIVABLES_FINANCING,14935.34400000,RMB_MILLION,H1_CERTIFIED
BULL,2025,BS_RESTRICTED_CASH,4715.54500000,RMB_MILLION,H1_CERTIFIED
BULL,2025,BS_RETAINED_EARNINGS,167228.02000000,RMB_MILLION,H1_CERTIFIED
BULL,2025,BS_SHARE_CAPITAL,7597.14500000,RMB_MILLION,H1_CERTIFIED
BULL,2025,BS_SHORT_TERM_BORROWING,43904.55000000,RMB_MILLION,H1_CERTIFIED
BULL,2025,BS_TAXES_PAYABLE,7164.09300000,RMB_MILLION,H1_CERTIFIED
BULL,2025,BS_TERM_DEPOSITS,11942.61200000,RMB_MILLION,H1_CERTIFIED
BULL,2025,BS_TOTAL_ASSETS,608791.76600000,RMB_MILLION,H1_CERTIFIED
BULL,2025,BS_TOTAL_CURRENT_ASSETS,416662.34100000,RMB_MILLION,H1_CERTIFIED
BULL,2025,BS_TOTAL_CURRENT_ASSETS_OTHER_IMMATERIAL_COMPONENTS,0.00000000,RMB_MILLION,H1_CERTIFIED
BULL,2025,BS_TOTAL_CURRENT_LIABILITIES,343383.70000000,RMB_MILLION,H1_CERTIFIED
BULL,2025,BS_TOTAL_CURRENT_LIABILITIES_OTHER_IMMATERIAL_COMPONENTS,0.00000000,RMB_MILLION,H1_CERTIFIED
BULL,2025,BS_TOTAL_EQUITY,236424.22300000,RMB_MILLION,H1_CERTIFIED
BULL,2025,BS_TOTAL_LIABILITIES,372367.54300000,RMB_MILLION,H1_CERTIFIED
BULL,2025,BS_TOTAL_NONCURRENT_ASSETS,192129.42500000,RMB_MILLION,H1_CERTIFIED
BULL,2025,BS_TOTAL_NONCURRENT_ASSETS_OTHER_IMMATERIAL_COMPONENTS,78654.35100000,RMB_MILLION,H1_CERTIFIED
BULL,2025,BS_TOTAL_NONCURRENT_LIABILITIES,28983.84300000,RMB_MILLION,H1_CERTIFIED
BULL,2025,BS_TOTAL_NONCURRENT_LIABILITIES_OTHER_IMMATERIAL_COMPONENTS,16325.00000000,RMB_MILLION,H1_CERTIFIED
BULL,2025,BS_TRADING_FINANCIAL_ASSETS,710.71700000,RMB_MILLION,H1_CERTIFIED
BULL,2025,BS_TRADING_FINANCIAL_LIABILITIES,706.43900000,RMB_MILLION,H1_CERTIFIED
BULL,2025,BS_TREASURY_SHARES,-8151.11700000,RMB_MILLION,H1_CERTIFIED
BULL,2025,CF_ACQUISITION_PAYMENTS,-6155.13600000,RMB_MILLION,H1_CERTIFIED
BULL,2025,CF_CAPEX,-11141.88900000,RMB_MILLION,H1_CERTIFIED
BULL,2025,CF_CASH_FROM_SALES,426210.80000000,RMB_MILLION,H1_CERTIFIED
BULL,2025,CF_CASH_TO_EMPLOYEES,-43785.06700000,RMB_MILLION,H1_CERTIFIED
BULL,2025,CF_CASH_TO_SUPPLIERS,-281799.28200000,RMB_MILLION,H1_CERTIFIED
BULL,2025,CF_CFF,-64957.77900000,RMB_MILLION,H1_CERTIFIED
BULL,2025,CF_CFI,25340.27300000,RMB_MILLION,H1_CERTIFIED
BULL,2025,CF_CFO,53345.93000000,RMB_MILLION,H1_CERTIFIED
BULL,2025,CF_CLOSING_CASH,68508.67000000,RMB_MILLION,H1_CERTIFIED
BULL,2025,CF_DEBT_PROCEEDS,88859.53500000,RMB_MILLION,H1_CERTIFIED
BULL,2025,CF_DEBT_REPAYMENTS,-112064.32700000,RMB_MILLION,H1_CERTIFIED
BULL,2025,CF_DIVIDENDS_INTEREST,-33080.13500000,RMB_MILLION,H1_CERTIFIED
BULL,2025,CF_FX_EFFECT,-338.48200000,RMB_MILLION,H1_CERTIFIED
BULL,2025,CF_INVESTMENT_PROCEEDS,197531.96100000,RMB_MILLION,H1_CERTIFIED
BULL,2025,CF_INVESTMENT_PURCHASES,-164904.90800000,RMB_MILLION,H1_CERTIFIED
BULL,2025,CF_NET_CHANGE_CASH,13389.94200000,RMB_MILLION,H1_CERTIFIED
BULL,2025,CF_OPENING_CASH,55118.72800000,RMB_MILLION,H1_CERTIFIED
BULL,2025,CF_TAXES_PAID,-20316.91900000,RMB_MILLION,H1_CERTIFIED
BULL,2025,IS_ADJUSTED_ATTRIBUTABLE_NI,41267.23300000,RMB_MILLION,H1_CERTIFIED
BULL,2025,IS_ADMIN_EXPENSE,-16092.31100000,RMB_MILLION,H1_CERTIFIED
BULL,2025,IS_ASSET_DISPOSAL,-76.02400000,RMB_MILLION,H1_CERTIFIED
BULL,2025,IS_ASSET_IMPAIRMENT,-1156.46900000,RMB_MILLION,H1_CERTIFIED
BULL,2025,IS_ATTRIBUTABLE_NI,43945.41100000,RMB_MILLION,H1_CERTIFIED
BULL,2025,IS_BASIC_EPS,5.80000000,RMB_PER_SHARE,H1_CERTIFIED
BULL,2025,IS_CREDIT_IMPAIRMENT,-355.86000000,RMB_MILLION,H1_CERTIFIED
BULL,2025,IS_DILUTED_EPS,5.76000000,RMB_PER_SHARE,H1_CERTIFIED
BULL,2025,IS_FAIR_VALUE_CHANGE,782.35800000,RMB_MILLION,H1_CERTIFIED
BULL,2025,IS_FEE_COMMISSION_EXPENSE,-1.64200000,RMB_MILLION,H1_CERTIFIED
BULL,2025,IS_FEE_COMMISSION_INCOME,0.50800000,RMB_MILLION,H1_CERTIFIED
BULL,2025,IS_FINANCE_INTEREST_INCOME,8444.30100000,RMB_MILLION,H1_CERTIFIED
BULL,2025,IS_FINANCE_RESULT,5903.54600000,RMB_MILLION,H1_CERTIFIED
BULL,2025,IS_FINANCIAL_BUSINESS_INTEREST_COST,-0.27500000,RMB_MILLION,H1_CERTIFIED
BULL,2025,IS_FINANCIAL_BUSINESS_INTEREST_INCOME,2050.16800000,RMB_MILLION,H1_CERTIFIED
BULL,2025,IS_FINANCING_INTEREST_EXPENSE,-2211.33100000,RMB_MILLION,H1_CERTIFIED
BULL,2025,IS_INCOME_TAX,-8565.14700000,RMB_MILLION,H1_CERTIFIED
BULL,2025,IS_INVESTMENT_INCOME,1694.66100000,RMB_MILLION,H1_CERTIFIED
BULL,2025,IS_NCI_PROFIT,574.78500000,RMB_MILLION,H1_CERTIFIED
BULL,2025,IS_NET_PROFIT,44520.19600000,RMB_MILLION,H1_CERTIFIED
BULL,2025,IS_OPERATING_COST,-335989.52800000,RMB_MILLION,H1_CERTIFIED
BULL,2025,IS_OPERATING_PROFIT,52978.77300000,RMB_MILLION,H1_CERTIFIED
BULL,2025,IS_OPERATING_REVENUE,456451.73100000,RMB_MILLION,H1_CERTIFIED
BULL,2025,IS_OTHER_INCOME,2664.31300000,RMB_MILLION,H1_CERTIFIED
BULL,2025,IS_PBT,53085.34300000,RMB_MILLION,H1_CERTIFIED
BULL,2025,IS_RD_EXPENSE,-17787.62400000,RMB_MILLION,H1_CERTIFIED
BULL,2025,IS_SELLING_EXPENSE,-42891.49000000,RMB_MILLION,H1_CERTIFIED
BULL,2025,IS_TAXES_SURCHARGES,-2217.28900000,RMB_MILLION,H1_CERTIFIED
BULL,2025,IS_TOTAL_REVENUE,458502.40700000,RMB_MILLION,H1_CERTIFIED
BULL,2025,NOTE_ACQUISITIONS,-6155.13600000,RMB_MILLION,H1_CERTIFIED
BULL,2025,NOTE_CASH_EQUIVALENTS,68508.67000000,RMB_MILLION,H1_CERTIFIED
BULL,2025,NOTE_CIP_ADDITIONS,4608.26200000,RMB_MILLION,H1_CERTIFIED
BULL,2025,NOTE_DIVIDENDS,-30476.85200000,RMB_MILLION,H1_CERTIFIED
BULL,2025,NOTE_FINANCE_INTEREST_INCOME,8444.30100000,RMB_MILLION,H1_CERTIFIED
BULL,2025,NOTE_FINANCING_INTEREST_EXPENSE,-2211.33100000,RMB_MILLION,H1_CERTIFIED
BULL,2025,NOTE_FIXED_ASSET_DEPRECIATION,5117.23200000,RMB_MILLION,H1_CERTIFIED
BULL,2025,NOTE_GOODWILL,34256.85900000,RMB_MILLION,H1_CERTIFIED
BULL,2025,NOTE_INTANGIBLE_AMORTIZATION,1501.25700000,RMB_MILLION,H1_CERTIFIED
BULL,2025,NOTE_INTANGIBLE_ASSETS,21618.86000000,RMB_MILLION,H1_CERTIFIED
BULL,2025,NOTE_LONG_TERM_DEBT,12658.84300000,RMB_MILLION,H1_CERTIFIED
BULL,2025,NOTE_PPE_ADDITIONS,17741.10600000,RMB_MILLION,H1_CERTIFIED
BULL,2025,NOTE_REPURCHASES,11606.40500000,RMB_MILLION,H1_CERTIFIED
BULL,2025,NOTE_RESTRICTED_CASH,4715.54500000,RMB_MILLION,H1_CERTIFIED
BULL,2025,NOTE_SHARE_BASED_COMPENSATION,832.31500000,RMB_MILLION,H1_CERTIFIED
BULL,2025,NOTE_SHORT_TERM_DEBT,43904.55000000,RMB_MILLION,H1_CERTIFIED
BULL,2025,NOTE_TERM_DEPOSITS,11942.61200000,RMB_MILLION,H1_CERTIFIED
BULL,2025,NOTE_TOTAL_DA,9339.69500000,RMB_MILLION,H1_CERTIFIED
BULL,2026,BS_AP,105218.45042306,RMB_MILLION,H3B_ATTEMPT005
BULL,2026,BS_AR,43234.40209684,RMB_MILLION,H3B_ATTEMPT005
BULL,2026,BS_CAPITAL_RESERVE,45350.72000000,RMB_MILLION,H3B_ATTEMPT005
BULL,2026,BS_CASH,116717.76877961,RMB_MILLION,H3B_ATTEMPT005
BULL,2026,BS_CASH_TAXONOMY_OTHER,89.49191785,RMB_MILLION,H3B_ATTEMPT005
BULL,2026,BS_CIP,2457.89825163,RMB_MILLION,H3B_ATTEMPT005
BULL,2026,BS_CONTRACT_ASSETS,4755.75290841,RMB_MILLION,H3B_ATTEMPT005
BULL,2026,BS_CONTRACT_LIABILITIES,52357.34553416,RMB_MILLION,H3B_ATTEMPT005
BULL,2026,BS_CURRENT_PORTION_DEBT,8978.96631422,RMB_MILLION,H3B_ATTEMPT005
BULL,2026,BS_CURRENT_PORTION_NONCURRENT_ASSETS,155647.38622385,RMB_MILLION,H3B_ATTEMPT005
BULL,2026,BS_CURRENT_PORTION_NONCURRENT_ASSETS_FINANCE,284.85822385,RMB_MILLION,H3B_ATTEMPT005
BULL,2026,BS_CURRENT_PORTION_NONCURRENT_ASSETS_TREASURY,155362.52800000,RMB_MILLION,H3B_ATTEMPT005
BULL,2026,BS_CUSTOMER_DEPOSITS,149.41873565,RMB_MILLION,H3B_ATTEMPT005
BULL,2026,BS_DERIVATIVE_FINANCIAL_ASSETS,2476.93391195,RMB_MILLION,H3B_ATTEMPT005
BULL,2026,BS_DERIVATIVE_LIABILITIES,948.09647208,RMB_MILLION,H3B_ATTEMPT005
BULL,2026,BS_EMPLOYEE_COMP,10746.47823946,RMB_MILLION,H3B_ATTEMPT005
BULL,2026,BS_GOODWILL,38167.29967314,RMB_MILLION,H3B_ATTEMPT005
BULL,2026,BS_INCOME_TAX_PAYABLE,4997.21162431,RMB_MILLION,H3B_ATTEMPT005
BULL,2026,BS_INTANGIBLES,26189.86523126,RMB_MILLION,H3B_ATTEMPT005
BULL,2026,BS_INVENTORY,58566.34680411,RMB_MILLION,H3B_ATTEMPT005
BULL,2026,BS_LOANS_ADVANCES_CURRENT,13123.82157261,RMB_MILLION,H3B_ATTEMPT005
BULL,2026,BS_LONG_TERM_BORROWINGS,21273.52299527,RMB_MILLION,H3B_ATTEMPT005
BULL,2026,BS_LONG_TERM_INVESTMENTS,5320.11809082,RMB_MILLION,H3B_ATTEMPT005
BULL,2026,BS_NCI,13833.47244924,RMB_MILLION,H3B_ATTEMPT005
BULL,2026,BS_NOTES_PAYABLE,30217.85972340,RMB_MILLION,H3B_ATTEMPT005
BULL,2026,BS_NOTES_RECEIVABLE,5845.68409307,RMB_MILLION,H3B_ATTEMPT005
BULL,2026,BS_OTHER_CURRENT_ASSETS,28110.30640997,RMB_MILLION,H3B_ATTEMPT005
BULL,2026,BS_OTHER_CURRENT_ASSETS_HEDGE,3566.83612870,RMB_MILLION,H3B_ATTEMPT005
BULL,2026,BS_OTHER_CURRENT_ASSETS_OPERATING,23116.33628127,RMB_MILLION,H3B_ATTEMPT005
BULL,2026,BS_OTHER_CURRENT_ASSETS_TREASURY,1427.13400000,RMB_MILLION,H3B_ATTEMPT005
BULL,2026,BS_OTHER_CURRENT_LIABILITIES,103100.61999415,RMB_MILLION,H3B_ATTEMPT005
BULL,2026,BS_OTHER_CURRENT_LIABILITIES_HEDGE,23.93195468,RMB_MILLION,H3B_ATTEMPT005
BULL,2026,BS_OTHER_CURRENT_LIABILITIES_OPERATING,103076.68803947,RMB_MILLION,H3B_ATTEMPT005
BULL,2026,BS_OTHER_NONCURRENT_FINANCIAL_ASSETS,5332.42388409,RMB_MILLION,H3B_ATTEMPT005
BULL,2026,BS_OTHER_PAYABLES,5374.07863220,RMB_MILLION,H3B_ATTEMPT005
BULL,2026,BS_OTHER_RECEIVABLES,3554.79884573,RMB_MILLION,H3B_ATTEMPT005
BULL,2026,BS_OTHER_RESERVES,11196.53700000,RMB_MILLION,H3B_ATTEMPT005
BULL,2026,BS_OTHER_TAXES_PAYABLE,2984.66681986,RMB_MILLION,H3B_ATTEMPT005
BULL,2026,BS_PARENT_EQUITY,237996.67283717,RMB_MILLION,H3B_ATTEMPT005
BULL,2026,BS_PPE,48174.76929522,RMB_MILLION,H3B_ATTEMPT005
BULL,2026,BS_PREPAYMENTS,3328.29314489,RMB_MILLION,H3B_ATTEMPT005
BULL,2026,BS_RECEIVABLES_FINANCING,16640.22233239,RMB_MILLION,H3B_ATTEMPT005
BULL,2026,BS_RESTRICTED_CASH,5253.82724485,RMB_MILLION,H3B_ATTEMPT005
BULL,2026,BS_RETAINED_EARNINGS,182003.38783717,RMB_MILLION,H3B_ATTEMPT005
BULL,2026,BS_SHARE_CAPITAL,7597.14500000,RMB_MILLION,H3B_ATTEMPT005
BULL,2026,BS_SHORT_TERM_BORROWING,48916.28029483,RMB_MILLION,H3B_ATTEMPT005
BULL,2026,BS_TAXES_PAYABLE,7981.87844417,RMB_MILLION,H3B_ATTEMPT005
BULL,2026,BS_TERM_DEPOSITS,13305.86820829,RMB_MILLION,H3B_ATTEMPT005
BULL,2026,BS_TOTAL_ASSETS,666068.72890281,RMB_MILLION,H3B_ATTEMPT005
BULL,2026,BS_TOTAL_CURRENT_ASSETS,452793.56288844,RMB_MILLION,H3B_ATTEMPT005
BULL,2026,BS_TOTAL_CURRENT_ASSETS_OTHER_IMMATERIAL_COMPONENTS,0.00000000,RMB_MILLION,H3B_ATTEMPT005
BULL,2026,BS_TOTAL_CURRENT_LIABILITIES,374776.55223617,RMB_MILLION,H3B_ATTEMPT005
BULL,2026,BS_TOTAL_CURRENT_LIABILITIES_OTHER_IMMATERIAL_COMPONENTS,0.00000000,RMB_MILLION,H3B_ATTEMPT005
BULL,2026,BS_TOTAL_EQUITY,251830.14528641,RMB_MILLION,H3B_ATTEMPT005
BULL,2026,BS_TOTAL_LIABILITIES,414238.58361640,RMB_MILLION,H3B_ATTEMPT005
BULL,2026,BS_TOTAL_NONCURRENT_ASSETS,213275.16601437,RMB_MILLION,H3B_ATTEMPT005
BULL,2026,BS_TOTAL_NONCURRENT_ASSETS_OTHER_IMMATERIAL_COMPONENTS,87632.79158821,RMB_MILLION,H3B_ATTEMPT005
BULL,2026,BS_TOTAL_NONCURRENT_LIABILITIES,39462.03138023,RMB_MILLION,H3B_ATTEMPT005
BULL,2026,BS_TOTAL_NONCURRENT_LIABILITIES_OTHER_IMMATERIAL_COMPONENTS,18188.50838496,RMB_MILLION,H3B_ATTEMPT005
BULL,2026,BS_TRADING_FINANCIAL_ASSETS,791.84576501,RMB_MILLION,H3B_ATTEMPT005
BULL,2026,BS_TRADING_FINANCIAL_LIABILITIES,787.07942879,RMB_MILLION,H3B_ATTEMPT005
BULL,2026,BS_TREASURY_SHARES,-8151.11700000,RMB_MILLION,H3B_ATTEMPT005
BULL,2026,CF_ACQUISITION_PAYMENTS,0.00000000,RMB_MILLION,H3B_ATTEMPT005
BULL,2026,CF_CAPEX,-10290.72323086,RMB_MILLION,H3B_ATTEMPT005
BULL,2026,CF_CASH_FROM_SALES,505771.66039322,RMB_MILLION,H3B_ATTEMPT005
BULL,2026,CF_CASH_TO_EMPLOYEES,-27354.71133788,RMB_MILLION,H3B_ATTEMPT005
BULL,2026,CF_CASH_TO_SUPPLIERS,-368974.47135633,RMB_MILLION,H3B_ATTEMPT005
BULL,2026,CF_CFF,-16569.67808825,RMB_MILLION,H3B_ATTEMPT005
BULL,2026,CF_CFI,-33560.75296055,RMB_MILLION,H3B_ATTEMPT005
BULL,2026,CF_CFO,79690.34245742,RMB_MILLION,H3B_ATTEMPT005
BULL,2026,CF_CLOSING_CASH,98068.58140862,RMB_MILLION,H3B_ATTEMPT005
BULL,2026,CF_DEBT_PROCEEDS,16783.59960432,RMB_MILLION,H3B_ATTEMPT005
BULL,2026,CF_DEBT_REPAYMENTS,0.00000000,RMB_MILLION,H3B_ATTEMPT005
BULL,2026,CF_DIVIDENDS_INTEREST,-36541.62463929,RMB_MILLION,H3B_ATTEMPT005
BULL,2026,CF_FX_EFFECT,0.00000000,RMB_MILLION,H3B_ATTEMPT005
BULL,2026,CF_INVESTMENT_PROCEEDS,0.00000000,RMB_MILLION,H3B_ATTEMPT005
BULL,2026,CF_INVESTMENT_PURCHASES,0.00000000,RMB_MILLION,H3B_ATTEMPT005
BULL,2026,CF_NET_CHANGE_CASH,29559.91140862,RMB_MILLION,H3B_ATTEMPT005
BULL,2026,CF_OPENING_CASH,68508.67000000,RMB_MILLION,H3B_ATTEMPT005
BULL,2026,CF_TAXES_PAID,-8390.51801770,RMB_MILLION,H3B_ATTEMPT005
BULL,2026,DIVIDENDS,33433.91812136,RMB_MILLION,H3B_ATTEMPT005
BULL,2026,DRV_EFFECTIVE_TAX_RATE_PERCENT,15.86321775,PERCENT,H3B_ATTEMPT005
BULL,2026,EBIT,55889.02003482,RMB_MILLION,H3B_ATTEMPT005
BULL,2026,EPS_DENOMINATOR_SHARES,7402513160.00000000,SHARES,H3B_ATTEMPT005
BULL,2026,FCFF,65207.50289787,RMB_MILLION,H3B_ATTEMPT005
BULL,2026,IS_ADJUSTED_ATTRIBUTABLE_NI,45271.25338330,RMB_MILLION,H3B_ATTEMPT005
BULL,2026,IS_ADMIN_EXPENSE,-15692.70452583,RMB_MILLION,H3B_ATTEMPT005
BULL,2026,IS_ASSET_DISPOSAL,-84.70218447,RMB_MILLION,H3B_ATTEMPT005
BULL,2026,IS_ASSET_IMPAIRMENT,-1288.48061889,RMB_MILLION,H3B_ATTEMPT005
BULL,2026,IS_ATTRIBUTABLE_NI,48209.28595853,RMB_MILLION,H3B_ATTEMPT005
BULL,2026,IS_BASIC_EPS,6.51255660,RMB_PER_SHARE,H3B_ATTEMPT005
BULL,2026,IS_CREDIT_IMPAIRMENT,-396.48162903,RMB_MILLION,H3B_ATTEMPT005
BULL,2026,IS_DILUTED_EPS,6.51255660,RMB_PER_SHARE,H3B_ATTEMPT005
BULL,2026,IS_FAIR_VALUE_CHANGE,871.66462745,RMB_MILLION,H3B_ATTEMPT005
BULL,2026,IS_FEE_COMMISSION_EXPENSE,-1.82943527,RMB_MILLION,H3B_ATTEMPT005
BULL,2026,IS_FEE_COMMISSION_INCOME,0.56598850,RMB_MILLION,H3B_ATTEMPT005
BULL,2026,IS_FINANCE_INTEREST_INCOME,2507.36456337,RMB_MILLION,H3B_ATTEMPT005
BULL,2026,IS_FINANCE_RESULT,-600.64834596,RMB_MILLION,H3B_ATTEMPT005
BULL,2026,IS_FINANCIAL_BUSINESS_INTEREST_COST,-0.30639141,RMB_MILLION,H3B_ATTEMPT005
BULL,2026,IS_FINANCIAL_BUSINESS_INTEREST_INCOME,2284.19588720,RMB_MILLION,H3B_ATTEMPT005
BULL,2026,IS_FINANCING_INTEREST_EXPENSE,-3107.70651792,RMB_MILLION,H3B_ATTEMPT005
BULL,2026,IS_INCOME_TAX,-9208.30346187,RMB_MILLION,H3B_ATTEMPT005
BULL,2026,IS_INVESTMENT_INCOME,1888.10755333,RMB_MILLION,H3B_ATTEMPT005
BULL,2026,IS_NCI_PROFIT,630.55444924,RMB_MILLION,H3B_ATTEMPT005
BULL,2026,IS_NET_PROFIT,48839.84040777,RMB_MILLION,H3B_ATTEMPT005
BULL,2026,IS_OPERATING_COST,-376574.91797528,RMB_MILLION,H3B_ATTEMPT005
BULL,2026,IS_OPERATING_PROFIT,58048.14386964,RMB_MILLION,H3B_ATTEMPT005
BULL,2026,IS_OPERATING_REVENUE,508555.96549006,RMB_MILLION,H3B_ATTEMPT005
BULL,2026,IS_OTHER_INCOME,4021.41646823,RMB_MILLION,H3B_ATTEMPT005
BULL,2026,IS_PBT,58048.14386964,RMB_MILLION,H3B_ATTEMPT005
BULL,2026,IS_RD_EXPENSE,-17771.66788687,RMB_MILLION,H3B_ATTEMPT005
BULL,2026,IS_SELLING_EXPENSE,-44691.94569554,RMB_MILLION,H3B_ATTEMPT005
BULL,2026,IS_TAXES_SURCHARGES,-2470.39384799,RMB_MILLION,H3B_ATTEMPT005
BULL,2026,IS_TOTAL_REVENUE,510840.72736576,RMB_MILLION,H3B_ATTEMPT005
BULL,2026,PPE_AMORTIZATION,2207.27151227,RMB_MILLION,H3B_ATTEMPT005
BULL,2026,PPE_CAPEX,10290.72323086,RMB_MILLION,H3B_ATTEMPT005
BULL,2026,PPE_DEPRECIATION,7696.27768401,RMB_MILLION,H3B_ATTEMPT005
BULL,2026,SEGMENT_REVENUE_BUILDING_TECH,41103.28261364,RMB_MILLION,H3B_ATTEMPT005
BULL,2026,SEGMENT_REVENUE_ELIMINATIONS,0.00000000,RMB_MILLION,H3B_ATTEMPT005
BULL,2026,SEGMENT_REVENUE_INDUSTRIAL_TECH,29973.44325111,RMB_MILLION,H3B_ATTEMPT005
BULL,2026,SEGMENT_REVENUE_OTHER,70119.84517028,RMB_MILLION,H3B_ATTEMPT005
BULL,2026,SEGMENT_REVENUE_SMART_HOME,367359.39445503,RMB_MILLION,H3B_ATTEMPT005
BULL,2027,BS_AP,117136.10874683,RMB_MILLION,H3B_ATTEMPT005
BULL,2027,BS_AR,47401.40509553,RMB_MILLION,H3B_ATTEMPT005
BULL,2027,BS_CAPITAL_RESERVE,45350.72000000,RMB_MILLION,H3B_ATTEMPT005
BULL,2027,BS_CASH,125388.61532783,RMB_MILLION,H3B_ATTEMPT005
BULL,2027,BS_CASH_TAXONOMY_OTHER,99.96267469,RMB_MILLION,H3B_ATTEMPT005
BULL,2027,BS_CIP,2484.49894340,RMB_MILLION,H3B_ATTEMPT005
BULL,2027,BS_CONTRACT_ASSETS,5312.18675715,RMB_MILLION,H3B_ATTEMPT005
BULL,2027,BS_CONTRACT_LIABILITIES,58483.27340444,RMB_MILLION,H3B_ATTEMPT005
BULL,2027,BS_CURRENT_PORTION_DEBT,0.00000000,RMB_MILLION,H3B_ATTEMPT005
BULL,2027,BS_CURRENT_PORTION_NONCURRENT_ASSETS,155680.71528044,RMB_MILLION,H3B_ATTEMPT005
BULL,2027,BS_CURRENT_PORTION_NONCURRENT_ASSETS_FINANCE,318.18728044,RMB_MILLION,H3B_ATTEMPT005
BULL,2027,BS_CURRENT_PORTION_NONCURRENT_ASSETS_TREASURY,155362.52800000,RMB_MILLION,H3B_ATTEMPT005
BULL,2027,BS_CUSTOMER_DEPOSITS,166.90106574,RMB_MILLION,H3B_ATTEMPT005
BULL,2027,BS_DERIVATIVE_FINANCIAL_ASSETS,2766.74078297,RMB_MILLION,H3B_ATTEMPT005
BULL,2027,BS_DERIVATIVE_LIABILITIES,1059.02590410,RMB_MILLION,H3B_ATTEMPT005
BULL,2027,BS_EMPLOYEE_COMP,12003.84050416,RMB_MILLION,H3B_ATTEMPT005
BULL,2027,BS_GOODWILL,42632.96007697,RMB_MILLION,H3B_ATTEMPT005
BULL,2027,BS_INCOME_TAX_PAYABLE,5581.89668905,RMB_MILLION,H3B_ATTEMPT005
BULL,2027,BS_INTANGIBLES,31115.49588478,RMB_MILLION,H3B_ATTEMPT005
BULL,2027,BS_INVENTORY,66789.85065029,RMB_MILLION,H3B_ATTEMPT005
BULL,2027,BS_LOANS_ADVANCES_CURRENT,14659.33838531,RMB_MILLION,H3B_ATTEMPT005
BULL,2027,BS_LONG_TERM_BORROWINGS,23134.72105657,RMB_MILLION,H3B_ATTEMPT005
BULL,2027,BS_LONG_TERM_INVESTMENTS,5942.58394261,RMB_MILLION,H3B_ATTEMPT005
BULL,2027,BS_NCI,14531.92779532,RMB_MILLION,H3B_ATTEMPT005
BULL,2027,BS_NOTES_PAYABLE,33753.41766988,RMB_MILLION,H3B_ATTEMPT005
BULL,2027,BS_NOTES_RECEIVABLE,6529.64235607,RMB_MILLION,H3B_ATTEMPT005
BULL,2027,BS_OTHER_CURRENT_ASSETS,31232.29794462,RMB_MILLION,H3B_ATTEMPT005
BULL,2027,BS_OTHER_CURRENT_ASSETS_HEDGE,3984.16402466,RMB_MILLION,H3B_ATTEMPT005
BULL,2027,BS_OTHER_CURRENT_ASSETS_OPERATING,25820.99991996,RMB_MILLION,H3B_ATTEMPT005
BULL,2027,BS_OTHER_CURRENT_ASSETS_TREASURY,1427.13400000,RMB_MILLION,H3B_ATTEMPT005
BULL,2027,BS_OTHER_CURRENT_LIABILITIES,115163.62576768,RMB_MILLION,H3B_ATTEMPT005
BULL,2027,BS_OTHER_CURRENT_LIABILITIES_HEDGE,26.73204751,RMB_MILLION,H3B_ATTEMPT005
BULL,2027,BS_OTHER_CURRENT_LIABILITIES_OPERATING,115136.89372017,RMB_MILLION,H3B_ATTEMPT005
BULL,2027,BS_OTHER_NONCURRENT_FINANCIAL_ASSETS,5956.32954153,RMB_MILLION,H3B_ATTEMPT005
BULL,2027,BS_OTHER_PAYABLES,6002.85798941,RMB_MILLION,H3B_ATTEMPT005
BULL,2027,BS_OTHER_RECEIVABLES,3970.71835234,RMB_MILLION,H3B_ATTEMPT005
BULL,2027,BS_OTHER_RESERVES,11196.53700000,RMB_MILLION,H3B_ATTEMPT005
BULL,2027,BS_OTHER_TAXES_PAYABLE,3333.87958970,RMB_MILLION,H3B_ATTEMPT005
BULL,2027,BS_PARENT_EQUITY,254363.11774711,RMB_MILLION,H3B_ATTEMPT005
BULL,2027,BS_PPE,51611.18795175,RMB_MILLION,H3B_ATTEMPT005
BULL,2027,BS_PREPAYMENTS,3717.71097211,RMB_MILLION,H3B_ATTEMPT005
BULL,2027,BS_RECEIVABLES_FINANCING,18587.16598880,RMB_MILLION,H3B_ATTEMPT005
BULL,2027,BS_RESTRICTED_CASH,5868.53691771,RMB_MILLION,H3B_ATTEMPT005
BULL,2027,BS_RETAINED_EARNINGS,198369.83274711,RMB_MILLION,H3B_ATTEMPT005
BULL,2027,BS_SHARE_CAPITAL,7597.14500000,RMB_MILLION,H3B_ATTEMPT005
BULL,2027,BS_SHORT_TERM_BORROWING,54639.59574773,RMB_MILLION,H3B_ATTEMPT005
BULL,2027,BS_TAXES_PAYABLE,8915.77627875,RMB_MILLION,H3B_ATTEMPT005
BULL,2027,BS_TERM_DEPOSITS,14862.68488920,RMB_MILLION,H3B_ATTEMPT005
BULL,2027,BS_TOTAL_ASSETS,720549.96419226,RMB_MILLION,H3B_ATTEMPT005
BULL,2027,BS_TOTAL_CURRENT_ASSETS,482920.88140429,RMB_MILLION,H3B_ATTEMPT005
BULL,2027,BS_TOTAL_CURRENT_ASSETS_OTHER_IMMATERIAL_COMPONENTS,0.00000000,RMB_MILLION,H3B_ATTEMPT005
BULL,2027,BS_TOTAL_CURRENT_LIABILITIES,408203.59258121,RMB_MILLION,H3B_ATTEMPT005
BULL,2027,BS_TOTAL_CURRENT_LIABILITIES_OTHER_IMMATERIAL_COMPONENTS,0.00000000,RMB_MILLION,H3B_ATTEMPT005
BULL,2027,BS_TOTAL_EQUITY,268895.04554243,RMB_MILLION,H3B_ATTEMPT005
BULL,2027,BS_TOTAL_LIABILITIES,451654.91864983,RMB_MILLION,H3B_ATTEMPT005
BULL,2027,BS_TOTAL_NONCURRENT_ASSETS,237629.08278797,RMB_MILLION,H3B_ATTEMPT005
BULL,2027,BS_TOTAL_NONCURRENT_ASSETS_OTHER_IMMATERIAL_COMPONENTS,97886.02644693,RMB_MILLION,H3B_ATTEMPT005
BULL,2027,BS_TOTAL_NONCURRENT_LIABILITIES,43451.32606862,RMB_MILLION,H3B_ATTEMPT005
BULL,2027,BS_TOTAL_NONCURRENT_LIABILITIES_OTHER_IMMATERIAL_COMPONENTS,20316.60501205,RMB_MILLION,H3B_ATTEMPT005
BULL,2027,BS_TRADING_FINANCIAL_ASSETS,884.49351083,RMB_MILLION,H3B_ATTEMPT005
BULL,2027,BS_TRADING_FINANCIAL_LIABILITIES,879.16950249,RMB_MILLION,H3B_ATTEMPT005
BULL,2027,BS_TREASURY_SHARES,-8151.11700000,RMB_MILLION,H3B_ATTEMPT005
BULL,2027,CF_ACQUISITION_PAYMENTS,0.00000000,RMB_MILLION,H3B_ATTEMPT005
BULL,2027,CF_CAPEX,-11706.85336962,RMB_MILLION,H3B_ATTEMPT005
BULL,2027,CF_CASH_FROM_SALES,563891.16090901,RMB_MILLION,H3B_ATTEMPT005
BULL,2027,CF_CASH_TO_EMPLOYEES,-31000.48629154,RMB_MILLION,H3B_ATTEMPT005
BULL,2027,CF_CASH_TO_SUPPLIERS,-416823.41970965,RMB_MILLION,H3B_ATTEMPT005
BULL,2027,CF_CFF,-38336.59328406,RMB_MILLION,H3B_ATTEMPT005
BULL,2027,CF_CFI,-38111.52069629,RMB_MILLION,H3B_ATTEMPT005
BULL,2027,CF_CFO,82936.96341796,RMB_MILLION,H3B_ATTEMPT005
BULL,2027,CF_CLOSING_CASH,104557.43084623,RMB_MILLION,H3B_ATTEMPT005
BULL,2027,CF_DEBT_PROCEEDS,0.00000000,RMB_MILLION,H3B_ATTEMPT005
BULL,2027,CF_DEBT_REPAYMENTS,-1394.45280002,RMB_MILLION,H3B_ATTEMPT005
BULL,2027,CF_DIVIDENDS_INTEREST,-40437.35392439,RMB_MILLION,H3B_ATTEMPT005
BULL,2027,CF_FX_EFFECT,0.00000000,RMB_MILLION,H3B_ATTEMPT005
BULL,2027,CF_INVESTMENT_PROCEEDS,0.00000000,RMB_MILLION,H3B_ATTEMPT005
BULL,2027,CF_INVESTMENT_PURCHASES,0.00000000,RMB_MILLION,H3B_ATTEMPT005
BULL,2027,CF_NET_CHANGE_CASH,6488.84943761,RMB_MILLION,H3B_ATTEMPT005
BULL,2027,CF_OPENING_CASH,98068.58140862,RMB_MILLION,H3B_ATTEMPT005
BULL,2027,CF_TAXES_PAID,-9295.74926618,RMB_MILLION,H3B_ATTEMPT005
BULL,2027,DIVIDENDS,37034.23055774,RMB_MILLION,H3B_ATTEMPT005
BULL,2027,DRV_EFFECTIVE_TAX_RATE_PERCENT,15.90213188,PERCENT,H3B_ATTEMPT005
BULL,2027,EBIT,61273.58904625,RMB_MILLION,H3B_ATTEMPT005
BULL,2027,EPS_DENOMINATOR_SHARES,7402513160.00000000,SHARES,H3B_ATTEMPT005
BULL,2027,FCFF,65947.97965126,RMB_MILLION,H3B_ATTEMPT005
BULL,2027,IS_ADJUSTED_ATTRIBUTABLE_NI,50146.26252744,RMB_MILLION,H3B_ATTEMPT005
BULL,2027,IS_ADMIN_EXPENSE,-17941.56881728,RMB_MILLION,H3B_ATTEMPT005
BULL,2027,IS_ASSET_DISPOSAL,-94.61253167,RMB_MILLION,H3B_ATTEMPT005
BULL,2027,IS_ASSET_IMPAIRMENT,-1439.23576611,RMB_MILLION,H3B_ATTEMPT005
BULL,2027,IS_ATTRIBUTABLE_NI,53400.67546768,RMB_MILLION,H3B_ATTEMPT005
BULL,2027,IS_BASIC_EPS,7.21385755,RMB_PER_SHARE,H3B_ATTEMPT005
BULL,2027,IS_CREDIT_IMPAIRMENT,-442.87087654,RMB_MILLION,H3B_ATTEMPT005
BULL,2027,IS_DILUTED_EPS,7.21385755,RMB_PER_SHARE,H3B_ATTEMPT005
BULL,2027,IS_FAIR_VALUE_CHANGE,973.65136074,RMB_MILLION,H3B_ATTEMPT005
BULL,2027,IS_FEE_COMMISSION_EXPENSE,-2.04348333,RMB_MILLION,H3B_ATTEMPT005
BULL,2027,IS_FEE_COMMISSION_INCOME,0.63221043,RMB_MILLION,H3B_ATTEMPT005
BULL,2027,IS_FINANCE_INTEREST_INCOME,3375.98270573,RMB_MILLION,H3B_ATTEMPT005
BULL,2027,IS_FINANCE_RESULT,-27.48290082,RMB_MILLION,H3B_ATTEMPT005
BULL,2027,IS_FINANCIAL_BUSINESS_INTEREST_COST,-0.34223990,RMB_MILLION,H3B_ATTEMPT005
BULL,2027,IS_FINANCIAL_BUSINESS_INTEREST_INCOME,2551.45197331,RMB_MILLION,H3B_ATTEMPT005
BULL,2027,IS_FINANCING_INTEREST_EXPENSE,-3403.12336665,RMB_MILLION,H3B_ATTEMPT005
BULL,2027,IS_INCOME_TAX,-10229.64710076,RMB_MILLION,H3B_ATTEMPT005
BULL,2027,IS_INVESTMENT_INCOME,2109.02040835,RMB_MILLION,H3B_ATTEMPT005
BULL,2027,IS_NCI_PROFIT,698.45534608,RMB_MILLION,H3B_ATTEMPT005
BULL,2027,IS_NET_PROFIT,54099.13081376,RMB_MILLION,H3B_ATTEMPT005
BULL,2027,IS_OPERATING_COST,-420517.57418724,RMB_MILLION,H3B_ATTEMPT005
BULL,2027,IS_OPERATING_PROFIT,64328.77791452,RMB_MILLION,H3B_ATTEMPT005
BULL,2027,IS_OPERATING_REVENUE,568058.16390770,RMB_MILLION,H3B_ATTEMPT005
BULL,2027,IS_OTHER_INCOME,4491.93129226,RMB_MILLION,H3B_ATTEMPT005
BULL,2027,IS_PBT,64328.77791452,RMB_MILLION,H3B_ATTEMPT005
BULL,2027,IS_RD_EXPENSE,-20242.20875516,RMB_MILLION,H3B_ATTEMPT005
BULL,2027,IS_SELLING_EXPENSE,-50389.04040339,RMB_MILLION,H3B_ATTEMPT005
BULL,2027,IS_TAXES_SURCHARGES,-2759.43551673,RMB_MILLION,H3B_ATTEMPT005
BULL,2027,IS_TOTAL_REVENUE,570610.24809144,RMB_MILLION,H3B_ATTEMPT005
BULL,2027,PPE_AMORTIZATION,2645.71980281,RMB_MILLION,H3B_ATTEMPT005
BULL,2027,PPE_CAPEX,11706.85336962,RMB_MILLION,H3B_ATTEMPT005
BULL,2027,PPE_DEPRECIATION,8243.83402132,RMB_MILLION,H3B_ATTEMPT005
BULL,2027,SEGMENT_REVENUE_BUILDING_TECH,45912.45966328,RMB_MILLION,H3B_ATTEMPT005
BULL,2027,SEGMENT_REVENUE_ELIMINATIONS,0.00000000,RMB_MILLION,H3B_ATTEMPT005
BULL,2027,SEGMENT_REVENUE_INDUSTRIAL_TECH,33480.40391741,RMB_MILLION,H3B_ATTEMPT005
BULL,2027,SEGMENT_REVENUE_OTHER,78324.02568032,RMB_MILLION,H3B_ATTEMPT005
BULL,2027,SEGMENT_REVENUE_SMART_HOME,410341.27464669,RMB_MILLION,H3B_ATTEMPT005
BULL,2028,BS_AP,131151.20683118,RMB_MILLION,H3B_ATTEMPT005
BULL,2028,BS_AR,52538.63271543,RMB_MILLION,H3B_ATTEMPT005
BULL,2028,BS_CAPITAL_RESERVE,45350.72000000,RMB_MILLION,H3B_ATTEMPT005
BULL,2028,BS_CASH,145278.87002790,RMB_MILLION,H3B_ATTEMPT005
BULL,2028,BS_CASH_TAXONOMY_OTHER,112.16760367,RMB_MILLION,H3B_ATTEMPT005
BULL,2028,BS_CIP,2726.94307848,RMB_MILLION,H3B_ATTEMPT005
BULL,2028,BS_CONTRACT_ASSETS,5960.77746619,RMB_MILLION,H3B_ATTEMPT005
BULL,2028,BS_CONTRACT_LIABILITIES,65623.78060007,RMB_MILLION,H3B_ATTEMPT005
BULL,2028,BS_CURRENT_PORTION_DEBT,0.00000000,RMB_MILLION,H3B_ATTEMPT005
BULL,2028,BS_CURRENT_PORTION_NONCURRENT_ASSETS,155719.56431254,RMB_MILLION,H3B_ATTEMPT005
BULL,2028,BS_CURRENT_PORTION_NONCURRENT_ASSETS_FINANCE,357.03631254,RMB_MILLION,H3B_ATTEMPT005
BULL,2028,BS_CURRENT_PORTION_NONCURRENT_ASSETS_TREASURY,155362.52800000,RMB_MILLION,H3B_ATTEMPT005
BULL,2028,BS_CUSTOMER_DEPOSITS,187.27882833,RMB_MILLION,H3B_ATTEMPT005
BULL,2028,BS_DERIVATIVE_FINANCIAL_ASSETS,3104.54561706,RMB_MILLION,H3B_ATTEMPT005
BULL,2028,BS_DERIVATIVE_LIABILITIES,1188.32752572,RMB_MILLION,H3B_ATTEMPT005
BULL,2028,BS_EMPLOYEE_COMP,13469.44775399,RMB_MILLION,H3B_ATTEMPT005
BULL,2028,BS_GOODWILL,47838.22545421,RMB_MILLION,H3B_ATTEMPT005
BULL,2028,BS_INCOME_TAX_PAYABLE,6263.41759500,RMB_MILLION,H3B_ATTEMPT005
BULL,2028,BS_INTANGIBLES,36490.00445144,RMB_MILLION,H3B_ATTEMPT005
BULL,2028,BS_INVENTORY,75944.11538662,RMB_MILLION,H3B_ATTEMPT005
BULL,2028,BS_LOANS_ADVANCES_CURRENT,16449.16828248,RMB_MILLION,H3B_ATTEMPT005
BULL,2028,BS_LONG_TERM_BORROWINGS,25276.03765472,RMB_MILLION,H3B_ATTEMPT005
BULL,2028,BS_LONG_TERM_INVESTMENTS,6668.14290901,RMB_MILLION,H3B_ATTEMPT005
BULL,2028,BS_NCI,15308.62530117,RMB_MILLION,H3B_ATTEMPT005
BULL,2028,BS_NOTES_PAYABLE,37874.53654231,RMB_MILLION,H3B_ATTEMPT005
BULL,2028,BS_NOTES_RECEIVABLE,7326.87813844,RMB_MILLION,H3B_ATTEMPT005
BULL,2028,BS_OTHER_CURRENT_ASSETS,34871.35532332,RMB_MILLION,H3B_ATTEMPT005
BULL,2028,BS_OTHER_CURRENT_ASSETS_HEDGE,4470.60998143,RMB_MILLION,H3B_ATTEMPT005
BULL,2028,BS_OTHER_CURRENT_ASSETS_OPERATING,28973.61134189,RMB_MILLION,H3B_ATTEMPT005
BULL,2028,BS_OTHER_CURRENT_ASSETS_TREASURY,1427.13400000,RMB_MILLION,H3B_ATTEMPT005
BULL,2028,BS_OTHER_CURRENT_LIABILITIES,129224.51276322,RMB_MILLION,H3B_ATTEMPT005
BULL,2028,BS_OTHER_CURRENT_LIABILITIES_HEDGE,29.99589317,RMB_MILLION,H3B_ATTEMPT005
BULL,2028,BS_OTHER_CURRENT_LIABILITIES_OPERATING,129194.51687005,RMB_MILLION,H3B_ATTEMPT005
BULL,2028,BS_OTHER_NONCURRENT_FINANCIAL_ASSETS,6683.56677493,RMB_MILLION,H3B_ATTEMPT005
BULL,2028,BS_OTHER_PAYABLES,6735.77610723,RMB_MILLION,H3B_ATTEMPT005
BULL,2028,BS_OTHER_RECEIVABLES,4455.52266161,RMB_MILLION,H3B_ATTEMPT005
BULL,2028,BS_OTHER_RESERVES,11196.53700000,RMB_MILLION,H3B_ATTEMPT005
BULL,2028,BS_OTHER_TAXES_PAYABLE,3740.92915813,RMB_MILLION,H3B_ATTEMPT005
BULL,2028,BS_PARENT_EQUITY,272562.95974495,RMB_MILLION,H3B_ATTEMPT005
BULL,2028,BS_PPE,55786.92233848,RMB_MILLION,H3B_ATTEMPT005
BULL,2028,BS_PREPAYMENTS,4171.62438020,RMB_MILLION,H3B_ATTEMPT005
BULL,2028,BS_RECEIVABLES_FINANCING,20856.56345517,RMB_MILLION,H3B_ATTEMPT005
BULL,2028,BS_RESTRICTED_CASH,6585.05512281,RMB_MILLION,H3B_ATTEMPT005
BULL,2028,BS_RETAINED_EARNINGS,216569.67474495,RMB_MILLION,H3B_ATTEMPT005
BULL,2028,BS_SHARE_CAPITAL,7597.14500000,RMB_MILLION,H3B_ATTEMPT005
BULL,2028,BS_SHORT_TERM_BORROWING,61310.80965029,RMB_MILLION,H3B_ATTEMPT005
BULL,2028,BS_TAXES_PAYABLE,10004.34675313,RMB_MILLION,H3B_ATTEMPT005
BULL,2028,BS_TERM_DEPOSITS,16677.34234969,RMB_MILLION,H3B_ATTEMPT005
BULL,2028,BS_TOTAL_ASSETS,793701.31573518,RMB_MILLION,H3B_ATTEMPT005
BULL,2028,BS_TOTAL_CURRENT_ASSETS,527670.10339094,RMB_MILLION,H3B_ATTEMPT005
BULL,2028,BS_TOTAL_CURRENT_ASSETS_OTHER_IMMATERIAL_COMPONENTS,0.00000000,RMB_MILLION,H3B_ATTEMPT005
BULL,2028,BS_TOTAL_CURRENT_LIABILITIES,457756.53493704,RMB_MILLION,H3B_ATTEMPT005
BULL,2028,BS_TOTAL_CURRENT_LIABILITIES_OTHER_IMMATERIAL_COMPONENTS,0.00000000,RMB_MILLION,H3B_ATTEMPT005
BULL,2028,BS_TOTAL_EQUITY,287871.58504612,RMB_MILLION,H3B_ATTEMPT005
BULL,2028,BS_TOTAL_LIABILITIES,505829.73068906,RMB_MILLION,H3B_ATTEMPT005
BULL,2028,BS_TOTAL_NONCURRENT_ASSETS,266031.21234424,RMB_MILLION,H3B_ATTEMPT005
BULL,2028,BS_TOTAL_NONCURRENT_ASSETS_OTHER_IMMATERIAL_COMPONENTS,109837.40733769,RMB_MILLION,H3B_ATTEMPT005
BULL,2028,BS_TOTAL_NONCURRENT_LIABILITIES,48073.19575202,RMB_MILLION,H3B_ATTEMPT005
BULL,2028,BS_TOTAL_NONCURRENT_LIABILITIES_OTHER_IMMATERIAL_COMPONENTS,22797.15809730,RMB_MILLION,H3B_ATTEMPT005
BULL,2028,BS_TRADING_FINANCIAL_ASSETS,992.48562398,RMB_MILLION,H3B_ATTEMPT005
BULL,2028,BS_TRADING_FINANCIAL_LIABILITIES,986.51158157,RMB_MILLION,H3B_ATTEMPT005
BULL,2028,BS_TREASURY_SHARES,-8151.11700000,RMB_MILLION,H3B_ATTEMPT005
BULL,2028,CF_ACQUISITION_PAYMENTS,0.00000000,RMB_MILLION,H3B_ATTEMPT005
BULL,2028,CF_CAPEX,-13290.89187611,RMB_MILLION,H3B_ATTEMPT005
BULL,2028,CF_CASH_FROM_SALES,632277.91941808,RMB_MILLION,H3B_ATTEMPT005
BULL,2028,CF_CASH_TO_EMPLOYEES,-35110.20679664,RMB_MILLION,H3B_ATTEMPT005
BULL,2028,CF_CASH_TO_SUPPLIERS,-466914.10443656,RMB_MILLION,H3B_ATTEMPT005
BULL,2028,CF_CFF,-32262.99568333,RMB_MILLION,H3B_ATTEMPT005
BULL,2028,CF_CFI,-43739.16582067,RMB_MILLION,H3B_ATTEMPT005
BULL,2028,CF_CFO,93349.03560950,RMB_MILLION,H3B_ATTEMPT005
BULL,2028,CF_CLOSING_CASH,121904.30495173,RMB_MILLION,H3B_ATTEMPT005
BULL,2028,CF_DEBT_PROCEEDS,8812.53050071,RMB_MILLION,H3B_ATTEMPT005
BULL,2028,CF_DEBT_REPAYMENTS,0.00000000,RMB_MILLION,H3B_ATTEMPT005
BULL,2028,CF_DIVIDENDS_INTEREST,-44637.37245632,RMB_MILLION,H3B_ATTEMPT005
BULL,2028,CF_FX_EFFECT,0.00000000,RMB_MILLION,H3B_ATTEMPT005
BULL,2028,CF_INVESTMENT_PROCEEDS,0.00000000,RMB_MILLION,H3B_ATTEMPT005
BULL,2028,CF_INVESTMENT_PURCHASES,0.00000000,RMB_MILLION,H3B_ATTEMPT005
BULL,2028,CF_NET_CHANGE_CASH,17346.87410550,RMB_MILLION,H3B_ATTEMPT005
BULL,2028,CF_OPENING_CASH,104557.43084623,RMB_MILLION,H3B_ATTEMPT005
BULL,2028,CF_TAXES_PAID,-10308.54126885,RMB_MILLION,H3B_ATTEMPT005
BULL,2028,DIVIDENDS,41182.86826312,RMB_MILLION,H3B_ATTEMPT005
BULL,2028,DRV_EFFECTIVE_TAX_RATE_PERCENT,15.92742607,PERCENT,H3B_ATTEMPT005
BULL,2028,EBIT,67912.67843844,RMB_MILLION,H3B_ATTEMPT005
BULL,2028,EPS_DENOMINATOR_SHARES,7402513160.00000000,SHARES,H3B_ATTEMPT005
BULL,2028,FCFF,73832.59876338,RMB_MILLION,H3B_ATTEMPT005
BULL,2028,IS_ADJUSTED_ATTRIBUTABLE_NI,55763.73242954,RMB_MILLION,H3B_ATTEMPT005
BULL,2028,IS_ADMIN_EXPENSE,-20433.20974161,RMB_MILLION,H3B_ATTEMPT005
BULL,2028,IS_ASSET_DISPOSAL,-106.16423566,RMB_MILLION,H3B_ATTEMPT005
BULL,2028,IS_ASSET_IMPAIRMENT,-1614.95905835,RMB_MILLION,H3B_ATTEMPT005
BULL,2028,IS_ATTRIBUTABLE_NI,59382.71026096,RMB_MILLION,H3B_ATTEMPT005
BULL,2028,IS_BASIC_EPS,8.02196619,RMB_PER_SHARE,H3B_ATTEMPT005
BULL,2028,IS_CREDIT_IMPAIRMENT,-496.94313510,RMB_MILLION,H3B_ATTEMPT005
BULL,2028,IS_DILUTED_EPS,8.02196619,RMB_PER_SHARE,H3B_ATTEMPT005
BULL,2028,IS_FAIR_VALUE_CHANGE,1092.52918926,RMB_MILLION,H3B_ATTEMPT005
BULL,2028,IS_FEE_COMMISSION_EXPENSE,-2.29298215,RMB_MILLION,H3B_ATTEMPT005
BULL,2028,IS_FEE_COMMISSION_INCOME,0.70940008,RMB_MILLION,H3B_ATTEMPT005
BULL,2028,IS_FINANCE_INTEREST_INCOME,3639.67913710,RMB_MILLION,H3B_ATTEMPT005
BULL,2028,IS_FINANCE_RESULT,184.79091827,RMB_MILLION,H3B_ATTEMPT005
BULL,2028,IS_FINANCIAL_BUSINESS_INTEREST_COST,-0.38402563,RMB_MILLION,H3B_ATTEMPT005
BULL,2028,IS_FINANCIAL_BUSINESS_INTEREST_INCOME,2862.97114989,RMB_MILLION,H3B_ATTEMPT005
BULL,2028,IS_FINANCING_INTEREST_EXPENSE,-3454.50419320,RMB_MILLION,H3B_ATTEMPT005
BULL,2028,IS_INCOME_TAX,-11397.11174322,RMB_MILLION,H3B_ATTEMPT005
BULL,2028,IS_INVESTMENT_INCOME,2366.52096406,RMB_MILLION,H3B_ATTEMPT005
BULL,2028,IS_NCI_PROFIT,776.69750585,RMB_MILLION,H3B_ATTEMPT005
BULL,2028,IS_NET_PROFIT,60159.40776681,RMB_MILLION,H3B_ATTEMPT005
BULL,2028,IS_OPERATING_COST,-471774.93778459,RMB_MILLION,H3B_ATTEMPT005
BULL,2028,IS_OPERATING_PROFIT,71556.51951003,RMB_MILLION,H3B_ATTEMPT005
BULL,2028,IS_OPERATING_REVENUE,637415.14703798,RMB_MILLION,H3B_ATTEMPT005
BULL,2028,IS_OTHER_INCOME,5040.37302351,RMB_MILLION,H3B_ATTEMPT005
BULL,2028,IS_PBT,71556.51951003,RMB_MILLION,H3B_ATTEMPT005
BULL,2028,IS_RD_EXPENSE,-22999.01599169,RMB_MILLION,H3B_ATTEMPT005
BULL,2028,IS_SELLING_EXPENSE,-56882.65082853,RMB_MILLION,H3B_ATTEMPT005
BULL,2028,IS_TAXES_SURCHARGES,-3096.34841534,RMB_MILLION,H3B_ATTEMPT005
BULL,2028,IS_TOTAL_REVENUE,640278.82758795,RMB_MILLION,H3B_ATTEMPT005
BULL,2028,PPE_AMORTIZATION,3121.26487880,RMB_MILLION,H3B_ATTEMPT005
BULL,2028,PPE_CAPEX,13290.89187611,RMB_MILLION,H3B_ATTEMPT005
BULL,2028,PPE_DEPRECIATION,8872.71335430,RMB_MILLION,H3B_ATTEMPT005
BULL,2028,SEGMENT_REVENUE_BUILDING_TECH,51518.13508995,RMB_MILLION,H3B_ATTEMPT005
BULL,2028,SEGMENT_REVENUE_ELIMINATIONS,0.00000000,RMB_MILLION,H3B_ATTEMPT005
BULL,2028,SEGMENT_REVENUE_INDUSTRIAL_TECH,37568.18921341,RMB_MILLION,H3B_ATTEMPT005
BULL,2028,SEGMENT_REVENUE_OTHER,87886.98678704,RMB_MILLION,H3B_ATTEMPT005
BULL,2028,SEGMENT_REVENUE_SMART_HOME,460441.83594758,RMB_MILLION,H3B_ATTEMPT005
BULL,2029,BS_AP,147388.62275052,RMB_MILLION,H3B_ATTEMPT005
BULL,2029,BS_AR,58651.58318497,RMB_MILLION,H3B_ATTEMPT005
BULL,2029,BS_CAPITAL_RESERVE,45350.72000000,RMB_MILLION,H3B_ATTEMPT005
BULL,2029,BS_CASH,167661.17254340,RMB_MILLION,H3B_ATTEMPT005
BULL,2029,BS_CASH_TAXONOMY_OTHER,126.23398780,RMB_MILLION,H3B_ATTEMPT005
BULL,2029,BS_CIP,3064.47776131,RMB_MILLION,H3B_ATTEMPT005
BULL,2029,BS_CONTRACT_ASSETS,6708.28907310,RMB_MILLION,H3B_ATTEMPT005
BULL,2029,BS_CONTRACT_LIABILITIES,73853.33420553,RMB_MILLION,H3B_ATTEMPT005
BULL,2029,BS_CURRENT_PORTION_DEBT,0.00000000,RMB_MILLION,H3B_ATTEMPT005
BULL,2029,BS_CURRENT_PORTION_NONCURRENT_ASSETS,155764.33846981,RMB_MILLION,H3B_ATTEMPT005
BULL,2029,BS_CURRENT_PORTION_NONCURRENT_ASSETS_FINANCE,401.81046981,RMB_MILLION,H3B_ATTEMPT005
BULL,2029,BS_CURRENT_PORTION_NONCURRENT_ASSETS_TREASURY,155362.52800000,RMB_MILLION,H3B_ATTEMPT005
BULL,2029,BS_CUSTOMER_DEPOSITS,210.76453949,RMB_MILLION,H3B_ATTEMPT005
BULL,2029,BS_DERIVATIVE_FINANCIAL_ASSETS,3493.87132098,RMB_MILLION,H3B_ATTEMPT005
BULL,2029,BS_DERIVATIVE_LIABILITIES,1337.34980063,RMB_MILLION,H3B_ATTEMPT005
BULL,2029,BS_EMPLOYEE_COMP,15158.58454729,RMB_MILLION,H3B_ATTEMPT005
BULL,2029,BS_GOODWILL,53837.38059532,RMB_MILLION,H3B_ATTEMPT005
BULL,2029,BS_INCOME_TAX_PAYABLE,7048.88180294,RMB_MILLION,H3B_ATTEMPT005
BULL,2029,BS_INTANGIBLES,42408.53963943,RMB_MILLION,H3B_ATTEMPT005
BULL,2029,BS_INVENTORY,86198.86567801,RMB_MILLION,H3B_ATTEMPT005
BULL,2029,BS_LOANS_ADVANCES_CURRENT,18511.97708301,RMB_MILLION,H3B_ATTEMPT005
BULL,2029,BS_LONG_TERM_BORROWINGS,27716.52538595,RMB_MILLION,H3B_ATTEMPT005
BULL,2029,BS_LONG_TERM_INVESTMENTS,7504.36171592,RMB_MILLION,H3B_ATTEMPT005
BULL,2029,BS_NCI,16177.67370353,RMB_MILLION,H3B_ATTEMPT005
BULL,2029,BS_NOTES_PAYABLE,42624.19475930,RMB_MILLION,H3B_ATTEMPT005
BULL,2029,BS_NOTES_RECEIVABLE,8245.70567093,RMB_MILLION,H3B_ATTEMPT005
BULL,2029,BS_OTHER_CURRENT_ASSETS,39065.42963078,RMB_MILLION,H3B_ATTEMPT005
BULL,2029,BS_OTHER_CURRENT_ASSETS_HEDGE,5031.24705773,RMB_MILLION,H3B_ATTEMPT005
BULL,2029,BS_OTHER_CURRENT_ASSETS_OPERATING,32607.04857305,RMB_MILLION,H3B_ATTEMPT005
BULL,2029,BS_OTHER_CURRENT_ASSETS_TREASURY,1427.13400000,RMB_MILLION,H3B_ATTEMPT005
BULL,2029,BS_OTHER_CURRENT_LIABILITIES,145429.91948011,RMB_MILLION,H3B_ATTEMPT005
BULL,2029,BS_OTHER_CURRENT_LIABILITIES_HEDGE,33.75752970,RMB_MILLION,H3B_ATTEMPT005
BULL,2029,BS_OTHER_CURRENT_LIABILITIES_OPERATING,145396.16195041,RMB_MILLION,H3B_ATTEMPT005
BULL,2029,BS_OTHER_NONCURRENT_FINANCIAL_ASSETS,7521.71981255,RMB_MILLION,H3B_ATTEMPT005
BULL,2029,BS_OTHER_PAYABLES,7580.47645887,RMB_MILLION,H3B_ATTEMPT005
BULL,2029,BS_OTHER_RECEIVABLES,5014.26771179,RMB_MILLION,H3B_ATTEMPT005
BULL,2029,BS_OTHER_RESERVES,11196.53700000,RMB_MILLION,H3B_ATTEMPT005
BULL,2029,BS_OTHER_TAXES_PAYABLE,4210.06057298,RMB_MILLION,H3B_ATTEMPT005
BULL,2029,BS_PARENT_EQUITY,292926.79958256,RMB_MILLION,H3B_ATTEMPT005
BULL,2029,BS_PPE,60881.59415889,RMB_MILLION,H3B_ATTEMPT005
BULL,2029,BS_PREPAYMENTS,4694.76715169,RMB_MILLION,H3B_ATTEMPT005
BULL,2029,BS_RECEIVABLES_FINANCING,23472.08187563,RMB_MILLION,H3B_ATTEMPT005
BULL,2029,BS_RESTRICTED_CASH,7410.85430160,RMB_MILLION,H3B_ATTEMPT005
BULL,2029,BS_RETAINED_EARNINGS,236933.51458256,RMB_MILLION,H3B_ATTEMPT005
BULL,2029,BS_SHARE_CAPITAL,7597.14500000,RMB_MILLION,H3B_ATTEMPT005
BULL,2029,BS_SHORT_TERM_BORROWING,68999.49491038,RMB_MILLION,H3B_ATTEMPT005
BULL,2029,BS_TAXES_PAYABLE,11258.94237592,RMB_MILLION,H3B_ATTEMPT005
BULL,2029,BS_TERM_DEPOSITS,18768.76533094,RMB_MILLION,H3B_ATTEMPT005
BULL,2029,BS_TOTAL_ASSETS,877428.94450703,RMB_MILLION,H3B_ATTEMPT005
BULL,2029,BS_TOTAL_CURRENT_ASSETS,578599.29772916,RMB_MILLION,H3B_ATTEMPT005
BULL,2029,BS_TOTAL_CURRENT_ASSETS_OTHER_IMMATERIAL_COMPONENTS,0.00000000,RMB_MILLION,H3B_ATTEMPT005
BULL,2029,BS_TOTAL_CURRENT_LIABILITIES,514951.90894560,RMB_MILLION,H3B_ATTEMPT005
BULL,2029,BS_TOTAL_CURRENT_LIABILITIES_OTHER_IMMATERIAL_COMPONENTS,0.00000000,RMB_MILLION,H3B_ATTEMPT005
BULL,2029,BS_TOTAL_EQUITY,309104.47328609,RMB_MILLION,H3B_ATTEMPT005
BULL,2029,BS_TOTAL_LIABILITIES,568324.47122094,RMB_MILLION,H3B_ATTEMPT005
BULL,2029,BS_TOTAL_NONCURRENT_ASSETS,298829.64677787,RMB_MILLION,H3B_ATTEMPT005
BULL,2029,BS_TOTAL_NONCURRENT_ASSETS_OTHER_IMMATERIAL_COMPONENTS,123611.57309445,RMB_MILLION,H3B_ATTEMPT005
BULL,2029,BS_TOTAL_NONCURRENT_LIABILITIES,53372.56227534,RMB_MILLION,H3B_ATTEMPT005
BULL,2029,BS_TOTAL_NONCURRENT_LIABILITIES_OTHER_IMMATERIAL_COMPONENTS,25656.03688939,RMB_MILLION,H3B_ATTEMPT005
BULL,2029,BS_TRADING_FINANCIAL_ASSETS,1116.94833506,RMB_MILLION,H3B_ATTEMPT005
BULL,2029,BS_TRADING_FINANCIAL_LIABILITIES,1110.22511756,RMB_MILLION,H3B_ATTEMPT005
BULL,2029,BS_TREASURY_SHARES,-8151.11700000,RMB_MILLION,H3B_ATTEMPT005
BULL,2029,CF_ACQUISITION_PAYMENTS,0.00000000,RMB_MILLION,H3B_ATTEMPT005
BULL,2029,CF_CAPEX,-15070.79606087,RMB_MILLION,H3B_ATTEMPT005
BULL,2029,CF_CASH_FROM_SALES,711237.27610084,RMB_MILLION,H3B_ATTEMPT005
BULL,2029,CF_CASH_TO_EMPLOYEES,-39750.74143055,RMB_MILLION,H3B_ATTEMPT005
BULL,2029,CF_CASH_TO_SUPPLIERS,-524892.56279961,RMB_MILLION,H3B_ATTEMPT005
BULL,2029,CF_CFF,-35826.70765075,RMB_MILLION,H3B_ATTEMPT005
BULL,2029,CF_CFI,-49932.60528177,RMB_MILLION,H3B_ATTEMPT005
BULL,2029,CF_CFO,105210.32690385,RMB_MILLION,H3B_ATTEMPT005
BULL,2029,CF_CLOSING_CASH,141355.31892306,RMB_MILLION,H3B_ATTEMPT005
BULL,2029,CF_DEBT_PROCEEDS,10129.17299133,RMB_MILLION,H3B_ATTEMPT005
BULL,2029,CF_DEBT_REPAYMENTS,0.00000000,RMB_MILLION,H3B_ATTEMPT005
BULL,2029,CF_DIVIDENDS_INTEREST,-49912.91426547,RMB_MILLION,H3B_ATTEMPT005
BULL,2029,CF_FX_EFFECT,0.00000000,RMB_MILLION,H3B_ATTEMPT005
BULL,2029,CF_INVESTMENT_PROCEEDS,0.00000000,RMB_MILLION,H3B_ATTEMPT005
BULL,2029,CF_INVESTMENT_PURCHASES,0.00000000,RMB_MILLION,H3B_ATTEMPT005
BULL,2029,CF_NET_CHANGE_CASH,19451.01397133,RMB_MILLION,H3B_ATTEMPT005
BULL,2029,CF_OPENING_CASH,121904.30495173,RMB_MILLION,H3B_ATTEMPT005
BULL,2029,CF_TAXES_PAID,-11513.31615274,RMB_MILLION,H3B_ATTEMPT005
BULL,2029,DIVIDENDS,46079.59417806,RMB_MILLION,H3B_ATTEMPT005
BULL,2029,DRV_EFFECTIVE_TAX_RATE_PERCENT,15.94386729,PERCENT,H3B_ATTEMPT005
BULL,2029,EBIT,75813.26317264,RMB_MILLION,H3B_ATTEMPT005
BULL,2029,EPS_DENOMINATOR_SHARES,7402513160.00000000,SHARES,H3B_ATTEMPT005
BULL,2029,FCFF,82908.40252909,RMB_MILLION,H3B_ATTEMPT005
BULL,2029,IS_ADJUSTED_ATTRIBUTABLE_NI,62394.15243712,RMB_MILLION,H3B_ATTEMPT005
BULL,2029,IS_ADMIN_EXPENSE,-23215.87245199,RMB_MILLION,H3B_ATTEMPT005
BULL,2029,IS_ASSET_DISPOSAL,-119.47776714,RMB_MILLION,H3B_ATTEMPT005
BULL,2029,IS_ASSET_IMPAIRMENT,-1817.48308272,RMB_MILLION,H3B_ATTEMPT005
BULL,2029,IS_ATTRIBUTABLE_NI,66443.43401567,RMB_MILLION,H3B_ATTEMPT005
BULL,2029,IS_BASIC_EPS,8.97579411,RMB_PER_SHARE,H3B_ATTEMPT005
BULL,2029,IS_CREDIT_IMPAIRMENT,-559.26231470,RMB_MILLION,H3B_ATTEMPT005
BULL,2029,IS_DILUTED_EPS,8.97579411,RMB_PER_SHARE,H3B_ATTEMPT005
BULL,2029,IS_FAIR_VALUE_CHANGE,1229.53786883,RMB_MILLION,H3B_ATTEMPT005
BULL,2029,IS_FEE_COMMISSION_EXPENSE,-2.58053370,RMB_MILLION,H3B_ATTEMPT005
BULL,2029,IS_FEE_COMMISSION_INCOME,0.79836243,RMB_MILLION,H3B_ATTEMPT005
BULL,2029,IS_FINANCE_INTEREST_INCOME,4208.05077575,RMB_MILLION,H3B_ATTEMPT005
BULL,2029,IS_FINANCE_RESULT,374.29850395,RMB_MILLION,H3B_ATTEMPT005
BULL,2029,IS_FINANCIAL_BUSINESS_INTEREST_COST,-0.43218439,RMB_MILLION,H3B_ATTEMPT005
BULL,2029,IS_FINANCIAL_BUSINESS_INTEREST_INCOME,3222.00219525,RMB_MILLION,H3B_ATTEMPT005
BULL,2029,IS_FINANCING_INTEREST_EXPENSE,-3833.32008741,RMB_MILLION,H3B_ATTEMPT005
BULL,2029,IS_INCOME_TAX,-12767.91177554,RMB_MILLION,H3B_ATTEMPT005
BULL,2029,IS_INVESTMENT_INCOME,2663.29464815,RMB_MILLION,H3B_ATTEMPT005
BULL,2029,IS_NCI_PROFIT,869.04840236,RMB_MILLION,H3B_ATTEMPT005
BULL,2029,IS_NET_PROFIT,67312.48241803,RMB_MILLION,H3B_ATTEMPT005
BULL,2029,IS_OPERATING_COST,-530875.22842756,RMB_MILLION,H3B_ATTEMPT005
BULL,2029,IS_OPERATING_PROFIT,80080.39419357,RMB_MILLION,H3B_ATTEMPT005
BULL,2029,IS_OPERATING_REVENUE,717350.22657038,RMB_MILLION,H3B_ATTEMPT005
BULL,2029,IS_OTHER_INCOME,5672.46126361,RMB_MILLION,H3B_ATTEMPT005
BULL,2029,IS_PBT,80080.39419357,RMB_MILLION,H3B_ATTEMPT005
BULL,2029,IS_RD_EXPENSE,-26091.93703973,RMB_MILLION,H3B_ATTEMPT005
BULL,2029,IS_SELLING_EXPENSE,-64265.73745273,RMB_MILLION,H3B_ATTEMPT005
BULL,2029,IS_TAXES_SURCHARGES,-3484.64614876,RMB_MILLION,H3B_ATTEMPT005
BULL,2029,IS_TOTAL_REVENUE,720573.02712806,RMB_MILLION,H3B_ATTEMPT005
BULL,2029,PPE_AMORTIZATION,3642.65116647,RMB_MILLION,H3B_ATTEMPT005
BULL,2029,PPE_CAPEX,15070.79606087,RMB_MILLION,H3B_ATTEMPT005
BULL,2029,PPE_DEPRECIATION,9638.58955763,RMB_MILLION,H3B_ATTEMPT005
BULL,2029,SEGMENT_REVENUE_BUILDING_TECH,57978.76948954,RMB_MILLION,H3B_ATTEMPT005
BULL,2029,SEGMENT_REVENUE_ELIMINATIONS,0.00000000,RMB_MILLION,H3B_ATTEMPT005
BULL,2029,SEGMENT_REVENUE_INDUSTRIAL_TECH,42279.42992775,RMB_MILLION,H3B_ATTEMPT005
BULL,2029,SEGMENT_REVENUE_OTHER,98908.45891761,RMB_MILLION,H3B_ATTEMPT005
BULL,2029,SEGMENT_REVENUE_SMART_HOME,518183.56823548,RMB_MILLION,H3B_ATTEMPT005
BULL,2030,BS_AP,166035.42870274,RMB_MILLION,H3B_ATTEMPT005
BULL,2030,BS_AR,65784.36765262,RMB_MILLION,H3B_ATTEMPT005
BULL,2030,BS_CAPITAL_RESERVE,45350.72000000,RMB_MILLION,H3B_ATTEMPT005
BULL,2030,BS_CASH,192863.71295757,RMB_MILLION,H3B_ATTEMPT005
BULL,2030,BS_CASH_TAXONOMY_OTHER,142.33597560,RMB_MILLION,H3B_ATTEMPT005
BULL,2030,BS_CIP,3464.48260159,RMB_MILLION,H3B_ATTEMPT005
BULL,2030,BS_CONTRACT_ASSETS,7563.97612355,RMB_MILLION,H3B_ATTEMPT005
BULL,2030,BS_CONTRACT_LIABILITIES,83273.81996922,RMB_MILLION,H3B_ATTEMPT005
BULL,2030,BS_CURRENT_PORTION_DEBT,0.00000000,RMB_MILLION,H3B_ATTEMPT005
BULL,2030,BS_CURRENT_PORTION_NONCURRENT_ASSETS,155815.59207740,RMB_MILLION,H3B_ATTEMPT005
BULL,2030,BS_CURRENT_PORTION_NONCURRENT_ASSETS_FINANCE,453.06407740,RMB_MILLION,H3B_ATTEMPT005
BULL,2030,BS_CURRENT_PORTION_NONCURRENT_ASSETS_TREASURY,155362.52800000,RMB_MILLION,H3B_ATTEMPT005
BULL,2030,BS_CUSTOMER_DEPOSITS,237.64896340,RMB_MILLION,H3B_ATTEMPT005
BULL,2030,BS_DERIVATIVE_FINANCIAL_ASSETS,3939.53793026,RMB_MILLION,H3B_ATTEMPT005
BULL,2030,BS_DERIVATIVE_LIABILITIES,1507.93769478,RMB_MILLION,H3B_ATTEMPT005
BULL,2030,BS_EMPLOYEE_COMP,17092.16319288,RMB_MILLION,H3B_ATTEMPT005
BULL,2030,BS_GOODWILL,60704.69786554,RMB_MILLION,H3B_ATTEMPT005
BULL,2030,BS_INCOME_TAX_PAYABLE,7948.01372961,RMB_MILLION,H3B_ATTEMPT005
BULL,2030,BS_INTANGIBLES,48970.46029012,RMB_MILLION,H3B_ATTEMPT005
BULL,2030,BS_INVENTORY,97729.74051615,RMB_MILLION,H3B_ATTEMPT005
BULL,2030,BS_LOANS_ADVANCES_CURRENT,20873.30333110,RMB_MILLION,H3B_ATTEMPT005
BULL,2030,BS_LONG_TERM_BORROWINGS,30484.40466470,RMB_MILLION,H3B_ATTEMPT005
BULL,2030,BS_LONG_TERM_INVESTMENTS,8461.59314591,RMB_MILLION,H3B_ATTEMPT005
BULL,2030,BS_NCI,17154.27097090,RMB_MILLION,H3B_ATTEMPT005
BULL,2030,BS_NOTES_PAYABLE,48061.19532588,RMB_MILLION,H3B_ATTEMPT005
BULL,2030,BS_NOTES_RECEIVABLE,9297.50047099,RMB_MILLION,H3B_ATTEMPT005
BULL,2030,BS_OTHER_CURRENT_ASSETS,43866.44548164,RMB_MILLION,H3B_ATTEMPT005
BULL,2030,BS_OTHER_CURRENT_ASSETS_HEDGE,5673.01620453,RMB_MILLION,H3B_ATTEMPT005
BULL,2030,BS_OTHER_CURRENT_ASSETS_OPERATING,36766.29527711,RMB_MILLION,H3B_ATTEMPT005
BULL,2030,BS_OTHER_CURRENT_ASSETS_TREASURY,1427.13400000,RMB_MILLION,H3B_ATTEMPT005
BULL,2030,BS_OTHER_CURRENT_LIABILITIES,163980.47648360,RMB_MILLION,H3B_ATTEMPT005
BULL,2030,BS_OTHER_CURRENT_LIABILITIES_HEDGE,38.06352795,RMB_MILLION,H3B_ATTEMPT005
BULL,2030,BS_OTHER_CURRENT_LIABILITIES_OPERATING,163942.41295565,RMB_MILLION,H3B_ATTEMPT005
BULL,2030,BS_OTHER_NONCURRENT_FINANCIAL_ASSETS,8481.16538363,RMB_MILLION,H3B_ATTEMPT005
BULL,2030,BS_OTHER_PAYABLES,8547.41683240,RMB_MILLION,H3B_ATTEMPT005
BULL,2030,BS_OTHER_RECEIVABLES,5653.87102967,RMB_MILLION,H3B_ATTEMPT005
BULL,2030,BS_OTHER_RESERVES,11196.53700000,RMB_MILLION,H3B_ATTEMPT005
BULL,2030,BS_OTHER_TAXES_PAYABLE,4747.08190206,RMB_MILLION,H3B_ATTEMPT005
BULL,2030,BS_PARENT_EQUITY,315810.76126362,RMB_MILLION,H3B_ATTEMPT005
BULL,2030,BS_PPE,66993.29573999,RMB_MILLION,H3B_ATTEMPT005
BULL,2030,BS_PREPAYMENTS,5293.61604040,RMB_MILLION,H3B_ATTEMPT005
BULL,2030,BS_RECEIVABLES_FINANCING,26466.10259971,RMB_MILLION,H3B_ATTEMPT005
BULL,2030,BS_RESTRICTED_CASH,8356.15823670,RMB_MILLION,H3B_ATTEMPT005
BULL,2030,BS_RETAINED_EARNINGS,259817.47626362,RMB_MILLION,H3B_ATTEMPT005
BULL,2030,BS_SHARE_CAPITAL,7597.14500000,RMB_MILLION,H3B_ATTEMPT005
BULL,2030,BS_SHORT_TERM_BORROWING,77800.84107163,RMB_MILLION,H3B_ATTEMPT005
BULL,2030,BS_TAXES_PAYABLE,12695.09563167,RMB_MILLION,H3B_ATTEMPT005
BULL,2030,BS_TERM_DEPOSITS,21162.84663417,RMB_MILLION,H3B_ATTEMPT005
BULL,2030,BS_TOTAL_ASSETS,972861.93816351,RMB_MILLION,H3B_ATTEMPT005
BULL,2030,BS_TOTAL_CURRENT_ASSETS,636407.18876211,RMB_MILLION,H3B_ATTEMPT005
BULL,2030,BS_TOTAL_CURRENT_ASSETS_OTHER_IMMATERIAL_COMPONENTS,0.00000000,RMB_MILLION,H3B_ATTEMPT005
BULL,2030,BS_TOTAL_CURRENT_LIABILITIES,580483.86561048,RMB_MILLION,H3B_ATTEMPT005
BULL,2030,BS_TOTAL_CURRENT_LIABILITIES_OTHER_IMMATERIAL_COMPONENTS,0.00000000,RMB_MILLION,H3B_ATTEMPT005
BULL,2030,BS_TOTAL_EQUITY,332965.03223452,RMB_MILLION,H3B_ATTEMPT005
BULL,2030,BS_TOTAL_LIABILITIES,639896.90592899,RMB_MILLION,H3B_ATTEMPT005
BULL,2030,BS_TOTAL_NONCURRENT_ASSETS,336454.74940140,RMB_MILLION,H3B_ATTEMPT005
BULL,2030,BS_TOTAL_NONCURRENT_ASSETS_OTHER_IMMATERIAL_COMPONENTS,139379.05437462,RMB_MILLION,H3B_ATTEMPT005
BULL,2030,BS_TOTAL_NONCURRENT_LIABILITIES,59413.04031851,RMB_MILLION,H3B_ATTEMPT005
BULL,2030,BS_TOTAL_NONCURRENT_LIABILITIES_OTHER_IMMATERIAL_COMPONENTS,28928.63565381,RMB_MILLION,H3B_ATTEMPT005
BULL,2030,BS_TRADING_FINANCIAL_ASSETS,1259.42255105,RMB_MILLION,H3B_ATTEMPT005
BULL,2030,BS_TRADING_FINANCIAL_LIABILITIES,1251.84174228,RMB_MILLION,H3B_ATTEMPT005
BULL,2030,BS_TREASURY_SHARES,-8151.11700000,RMB_MILLION,H3B_ATTEMPT005
BULL,2030,CF_ACQUISITION_PAYMENTS,0.00000000,RMB_MILLION,H3B_ATTEMPT005
BULL,2030,CF_CAPEX,-17076.11244509,RMB_MILLION,H3B_ATTEMPT005
BULL,2030,CF_CASH_FROM_SALES,801720.25195802,RMB_MILLION,H3B_ATTEMPT005
BULL,2030,CF_CASH_TO_EMPLOYEES,-44995.30776829,RMB_MILLION,H3B_ATTEMPT005
BULL,2030,CF_CASH_TO_SUPPLIERS,-591430.04486922,RMB_MILLION,H3B_ATTEMPT005
BULL,2030,CF_CFF,-40071.32062452,RMB_MILLION,H3B_ATTEMPT005
BULL,2030,CF_CFI,-56818.87079916,RMB_MILLION,H3B_ATTEMPT005
BULL,2030,CF_CFO,118737.24461172,RMB_MILLION,H3B_ATTEMPT005
BULL,2030,CF_CLOSING_CASH,163202.37211110,RMB_MILLION,H3B_ATTEMPT005
BULL,2030,CF_DEBT_PROCEEDS,11569.22544000,RMB_MILLION,H3B_ATTEMPT005
BULL,2030,CF_DEBT_REPAYMENTS,0.00000000,RMB_MILLION,H3B_ATTEMPT005
BULL,2030,CF_DIVIDENDS_INTEREST,-56049.35951629,RMB_MILLION,H3B_ATTEMPT005
BULL,2030,CF_FX_EFFECT,0.00000000,RMB_MILLION,H3B_ATTEMPT005
BULL,2030,CF_INVESTMENT_PROCEEDS,0.00000000,RMB_MILLION,H3B_ATTEMPT005
BULL,2030,CF_INVESTMENT_PURCHASES,0.00000000,RMB_MILLION,H3B_ATTEMPT005
BULL,2030,CF_NET_CHANGE_CASH,21847.05318804,RMB_MILLION,H3B_ATTEMPT005
BULL,2030,CF_OPENING_CASH,141355.31892306,RMB_MILLION,H3B_ATTEMPT005
BULL,2030,CF_TAXES_PAID,-12923.29098083,RMB_MILLION,H3B_ATTEMPT005
BULL,2030,DIVIDENDS,51782.16268924,RMB_MILLION,H3B_ATTEMPT005
BULL,2030,DRV_EFFECTIVE_TAX_RATE_PERCENT,15.95455409,PERCENT,H3B_ATTEMPT005
BULL,2030,EBIT,85032.27127578,RMB_MILLION,H3B_ATTEMPT005
BULL,2030,EPS_DENOMINATOR_SHARES,7402513160.00000000,SHARES,H3B_ATTEMPT005
BULL,2030,FCFF,93312.43139900,RMB_MILLION,H3B_ATTEMPT005
BULL,2030,IS_ADJUSTED_ATTRIBUTABLE_NI,70115.72497516,RMB_MILLION,H3B_ATTEMPT005
BULL,2030,IS_ADMIN_EXPENSE,-26338.62472453,RMB_MILLION,H3B_ATTEMPT005
BULL,2030,IS_ASSET_DISPOSAL,-134.71795387,RMB_MILLION,H3B_ATTEMPT005
BULL,2030,IS_ASSET_IMPAIRMENT,-2049.31518199,RMB_MILLION,H3B_ATTEMPT005
BULL,2030,IS_ATTRIBUTABLE_NI,74666.12437030,RMB_MILLION,H3B_ATTEMPT005
BULL,2030,IS_BASIC_EPS,10.08659124,RMB_PER_SHARE,H3B_ATTEMPT005
BULL,2030,IS_CREDIT_IMPAIRMENT,-630.59995613,RMB_MILLION,H3B_ATTEMPT005
BULL,2030,IS_DILUTED_EPS,10.08659124,RMB_PER_SHARE,H3B_ATTEMPT005
BULL,2030,IS_FAIR_VALUE_CHANGE,1386.37363141,RMB_MILLION,H3B_ATTEMPT005
BULL,2030,IS_FEE_COMMISSION_EXPENSE,-2.90969799,RMB_MILLION,H3B_ATTEMPT005
BULL,2030,IS_FEE_COMMISSION_INCOME,0.90019889,RMB_MILLION,H3B_ATTEMPT005
BULL,2030,IS_FINANCE_INTEREST_INCOME,4848.18944796,RMB_MILLION,H3B_ATTEMPT005
BULL,2030,IS_FINANCE_RESULT,580.50530852,RMB_MILLION,H3B_ATTEMPT005
BULL,2030,IS_FINANCIAL_BUSINESS_INTEREST_COST,-0.48731239,RMB_MILLION,H3B_ATTEMPT005
BULL,2030,IS_FINANCIAL_BUSINESS_INTEREST_INCOME,3632.99008276,RMB_MILLION,H3B_ATTEMPT005
BULL,2030,IS_FINANCING_INTEREST_EXPENSE,-4267.19682705,RMB_MILLION,H3B_ATTEMPT005
BULL,2030,IS_INCOME_TAX,-14359.44423658,RMB_MILLION,H3B_ATTEMPT005
BULL,2030,IS_INVESTMENT_INCOME,3003.01565854,RMB_MILLION,H3B_ATTEMPT005
BULL,2030,IS_NCI_PROFIT,976.59726737,RMB_MILLION,H3B_ATTEMPT005
BULL,2030,IS_NET_PROFIT,75642.72163767,RMB_MILLION,H3B_ATTEMPT005
BULL,2030,IS_OPERATING_COST,-598545.97598330,RMB_MILLION,H3B_ATTEMPT005
BULL,2030,IS_OPERATING_PROFIT,90002.16587425,RMB_MILLION,H3B_ATTEMPT005
BULL,2030,IS_OPERATING_REVENUE,808853.03642567,RMB_MILLION,H3B_ATTEMPT005
BULL,2030,IS_OTHER_INCOME,6396.02156260,RMB_MILLION,H3B_ATTEMPT005
BULL,2030,IS_PBT,90002.16587425,RMB_MILLION,H3B_ATTEMPT005
BULL,2030,IS_RD_EXPENSE,-29573.11720433,RMB_MILLION,H3B_ATTEMPT005
BULL,2030,IS_SELLING_EXPENSE,-72646.28026626,RMB_MILLION,H3B_ATTEMPT005
BULL,2030,IS_TAXES_SURCHARGES,-3929.13602574,RMB_MILLION,H3B_ATTEMPT005
BULL,2030,IS_TOTAL_REVENUE,812486.92670732,RMB_MILLION,H3B_ATTEMPT005
BULL,2030,PPE_AMORTIZATION,4218.85884612,RMB_MILLION,H3B_ATTEMPT005
BULL,2030,PPE_CAPEX,17076.11244509,RMB_MILLION,H3B_ATTEMPT005
BULL,2030,PPE_DEPRECIATION,10564.40602371,RMB_MILLION,H3B_ATTEMPT005
BULL,2030,SEGMENT_REVENUE_BUILDING_TECH,65374.34855781,RMB_MILLION,H3B_ATTEMPT005
BULL,2030,SEGMENT_REVENUE_ELIMINATIONS,0.00000000,RMB_MILLION,H3B_ATTEMPT005
BULL,2030,SEGMENT_REVENUE_INDUSTRIAL_TECH,47672.45343869,RMB_MILLION,H3B_ATTEMPT005
BULL,2030,SEGMENT_REVENUE_OTHER,111524.89308630,RMB_MILLION,H3B_ATTEMPT005
BULL,2030,SEGMENT_REVENUE_SMART_HOME,584281.34134287,RMB_MILLION,H3B_ATTEMPT005
