H1_Fact_ID,Year,Economic_Period,Metric_ID,Canonical_Metric_ID,Source_Fact_ID,Value,Unit,Analytical_Value,Analytical_Unit,Conversion_Factor,Accounting_Basis,Scope,Fact_Type,Original_or_Restated,Transformation,Source_ID,Source_Report_Period
2020::G1R2020-0001,2020,2020A,IS_TOTAL_REVENUE,IS_TOTAL_REVENUE,G1R2020-0001,285709.729,RMB_MILLION,285709.729,RMB_MILLION,1,CAS,GROUP_CONSOLIDATED,SOURCE_REPORTED_DIRECT,ORIGINAL,UNIT_NORMALIZATION_ONLY,SRC010,2020A
2020::G1R2020-0002,2020,2020A,IS_OPERATING_REVENUE,IS_OPERATING_REVENUE,G1R2020-0002,284221.249,RMB_MILLION,284221.249,RMB_MILLION,1,CAS,GROUP_CONSOLIDATED,SOURCE_REPORTED_DIRECT,ORIGINAL,UNIT_NORMALIZATION_ONLY,SRC010,2020A
2020::G1R2020-0003,2020,2020A,IS_FINANCIAL_BUSINESS_INTEREST_INCOME,IS_FINANCIAL_BUSINESS_INTEREST_INCOME,G1R2020-0003,1488.211,RMB_MILLION,1488.211,RMB_MILLION,1,CAS,GROUP_CONSOLIDATED,SOURCE_REPORTED_DIRECT,ORIGINAL,UNIT_NORMALIZATION_ONLY,SRC010,2020A
2020::G1R2020-0004,2020,2020A,IS_FEE_COMMISSION_INCOME,IS_FEE_COMMISSION_INCOME,G1R2020-0004,0.269,RMB_MILLION,0.269,RMB_MILLION,1,CAS,GROUP_CONSOLIDATED,SOURCE_REPORTED_DIRECT,ORIGINAL,UNIT_NORMALIZATION_ONLY,SRC010,2020A
2020::G1R2020-0005,2020,2020A,IS_OPERATING_COST,IS_OPERATING_COST,G1R2020-0005,-212839.592,RMB_MILLION,-212839.592,RMB_MILLION,1,CAS,GROUP_CONSOLIDATED,SOURCE_REPORTED_DIRECT,ORIGINAL,UNIT_NORMALIZATION_ONLY,SRC010,2020A
2020::G1R2020-0006,2020,2020A,IS_FINANCIAL_BUSINESS_INTEREST_COST,IS_FINANCIAL_BUSINESS_INTEREST_COST,G1R2020-0006,-105.168,RMB_MILLION,-105.168,RMB_MILLION,1,CAS,GROUP_CONSOLIDATED,SOURCE_REPORTED_DIRECT,ORIGINAL,UNIT_NORMALIZATION_ONLY,SRC010,2020A
2020::G1R2020-0007,2020,2020A,IS_FEE_COMMISSION_EXPENSE,IS_FEE_COMMISSION_EXPENSE,G1R2020-0007,-6.972,RMB_MILLION,-6.972,RMB_MILLION,1,CAS,GROUP_CONSOLIDATED,SOURCE_REPORTED_DIRECT,ORIGINAL,UNIT_NORMALIZATION_ONLY,SRC010,2020A
2020::G1R2020-0008,2020,2020A,IS_TAXES_SURCHARGES,IS_TAXES_SURCHARGES,G1R2020-0008,-1533.646,RMB_MILLION,-1533.646,RMB_MILLION,1,CAS,GROUP_CONSOLIDATED,SOURCE_REPORTED_DIRECT,ORIGINAL,UNIT_NORMALIZATION_ONLY,SRC010,2020A
2020::G1R2020-0009,2020,2020A,IS_SELLING_EXPENSE,IS_SELLING_EXPENSE,G1R2020-0009,-27522.276,RMB_MILLION,-27522.276,RMB_MILLION,1,CAS,GROUP_CONSOLIDATED,SOURCE_REPORTED_DIRECT,ORIGINAL,UNIT_NORMALIZATION_ONLY,SRC010,2020A
2020::G1R2020-0010,2020,2020A,IS_ADMIN_EXPENSE,IS_ADMIN_EXPENSE,G1R2020-0010,-9264.148,RMB_MILLION,-9264.148,RMB_MILLION,1,CAS,GROUP_CONSOLIDATED,SOURCE_REPORTED_DIRECT,ORIGINAL,UNIT_NORMALIZATION_ONLY,SRC010,2020A
2020::G1R2020-0011,2020,2020A,IS_RD_EXPENSE,IS_RD_EXPENSE,G1R2020-0011,-10118.667,RMB_MILLION,-10118.667,RMB_MILLION,1,CAS,GROUP_CONSOLIDATED,SOURCE_REPORTED_DIRECT,ORIGINAL,UNIT_NORMALIZATION_ONLY,SRC010,2020A
2020::G1R2020-0012,2020,2020A,IS_FINANCE_RESULT,IS_FINANCE_RESULT,G1R2020-0012,2638.032,RMB_MILLION,2638.032,RMB_MILLION,1,CAS,GROUP_CONSOLIDATED,SOURCE_REPORTED_DIRECT,ORIGINAL,UNIT_NORMALIZATION_ONLY,SRC010,2020A
2020::G1R2020-0013,2020,2020A,IS_FINANCE_INTEREST_INCOME,IS_FINANCE_INTEREST_INCOME,G1R2020-0013,3663.028,RMB_MILLION,3663.028,RMB_MILLION,1,CAS,GROUP_CONSOLIDATED,SOURCE_REPORTED_DIRECT,ORIGINAL,UNIT_NORMALIZATION_ONLY,SRC010,2020A
2020::G1R2020-0014,2020,2020A,IS_OTHER_INCOME,IS_OTHER_INCOME,G1R2020-0014,1424.09,RMB_MILLION,1424.09,RMB_MILLION,1,CAS,GROUP_CONSOLIDATED,SOURCE_REPORTED_DIRECT,ORIGINAL,UNIT_NORMALIZATION_ONLY,SRC010,2020A
2020::G1R2020-0015,2020,2020A,IS_INVESTMENT_INCOME,IS_INVESTMENT_INCOME,G1R2020-0015,2362.462,RMB_MILLION,2362.462,RMB_MILLION,1,CAS,GROUP_CONSOLIDATED,SOURCE_REPORTED_DIRECT,ORIGINAL,UNIT_NORMALIZATION_ONLY,SRC010,2020A
2020::G1R2020-0016,2020,2020A,IS_FAIR_VALUE_CHANGE,IS_FAIR_VALUE_CHANGE,G1R2020-0016,1762.95,RMB_MILLION,1762.95,RMB_MILLION,1,CAS,GROUP_CONSOLIDATED,SOURCE_REPORTED_DIRECT,ORIGINAL,UNIT_NORMALIZATION_ONLY,SRC010,2020A
2020::G1R2020-0017,2020,2020A,IS_CREDIT_IMPAIRMENT,IS_CREDIT_IMPAIRMENT,G1R2020-0017,-247.605,RMB_MILLION,-247.605,RMB_MILLION,1,CAS,GROUP_CONSOLIDATED,SOURCE_REPORTED_DIRECT,ORIGINAL,UNIT_NORMALIZATION_ONLY,SRC010,2020A
2020::G1R2020-0018,2020,2020A,IS_ASSET_IMPAIRMENT,IS_ASSET_IMPAIRMENT,G1R2020-0018,-705.209,RMB_MILLION,-705.209,RMB_MILLION,1,CAS,GROUP_CONSOLIDATED,SOURCE_REPORTED_DIRECT,ORIGINAL,UNIT_NORMALIZATION_ONLY,SRC010,2020A
2020::G1R2020-0019,2020,2020A,IS_ASSET_DISPOSAL,IS_ASSET_DISPOSAL,G1R2020-0019,-60.523,RMB_MILLION,-60.523,RMB_MILLION,1,CAS,GROUP_CONSOLIDATED,SOURCE_REPORTED_DIRECT,ORIGINAL,UNIT_NORMALIZATION_ONLY,SRC010,2020A
2020::G1R2020-0020,2020,2020A,IS_OPERATING_PROFIT,IS_OPERATING_PROFIT,G1R2020-0020,31493.457,RMB_MILLION,31493.457,RMB_MILLION,1,CAS,GROUP_CONSOLIDATED,SOURCE_REPORTED_DIRECT,ORIGINAL,UNIT_NORMALIZATION_ONLY,SRC010,2020A
2020::G1R2020-0021,2020,2020A,IS_PBT,IS_PBT,G1R2020-0021,31663.539,RMB_MILLION,31663.539,RMB_MILLION,1,CAS,GROUP_CONSOLIDATED,SOURCE_REPORTED_DIRECT,ORIGINAL,UNIT_NORMALIZATION_ONLY,SRC010,2020A
2020::G1R2020-0022,2020,2020A,IS_INCOME_TAX,IS_INCOME_TAX,G1R2020-0022,-4156.997,RMB_MILLION,-4156.997,RMB_MILLION,1,CAS,GROUP_CONSOLIDATED,SOURCE_REPORTED_DIRECT,ORIGINAL,UNIT_NORMALIZATION_ONLY,SRC010,2020A
2020::G1R2020-0023,2020,2020A,IS_NET_PROFIT,IS_NET_PROFIT,G1R2020-0023,27506.542,RMB_MILLION,27506.542,RMB_MILLION,1,CAS,GROUP_CONSOLIDATED,SOURCE_REPORTED_DIRECT,ORIGINAL,UNIT_NORMALIZATION_ONLY,SRC010,2020A
2020::G1R2020-0024,2020,2020A,IS_ATTRIBUTABLE_NI,IS_ATTRIBUTABLE_NI,G1R2020-0024,27222.969,RMB_MILLION,27222.969,RMB_MILLION,1,CAS,GROUP_CONSOLIDATED,SOURCE_REPORTED_DIRECT,ORIGINAL,UNIT_NORMALIZATION_ONLY,SRC010,2020A
2020::G1R2020-0025,2020,2020A,IS_NCI_PROFIT,IS_NCI_PROFIT,G1R2020-0025,283.573,RMB_MILLION,283.573,RMB_MILLION,1,CAS,GROUP_CONSOLIDATED,SOURCE_REPORTED_DIRECT,ORIGINAL,UNIT_NORMALIZATION_ONLY,SRC010,2020A
2020::G1R2020-0026,2020,2020A,IS_BASIC_EPS,IS_BASIC_EPS,G1R2020-0026,3.93,RMB_PER_SHARE,3.93,RMB_PER_SHARE,1,CAS,GROUP_CONSOLIDATED,SOURCE_REPORTED_DIRECT,ORIGINAL,UNIT_NORMALIZATION_ONLY,SRC010,2020A
2020::G1R2020-0027,2020,2020A,IS_DILUTED_EPS,IS_DILUTED_EPS,G1R2020-0027,3.9,RMB_PER_SHARE,3.9,RMB_PER_SHARE,1,CAS,GROUP_CONSOLIDATED,SOURCE_REPORTED_DIRECT,ORIGINAL,UNIT_NORMALIZATION_ONLY,SRC010,2020A
2020::G1R2020-0080,2020,2020A,IS_FINANCING_INTEREST_EXPENSE,IS_FINANCING_INTEREST_EXPENSE,G1R2020-0080,-1305.591,RMB_MILLION,-1305.591,RMB_MILLION,1,CAS,GROUP_CONSOLIDATED,SOURCE_REPORTED_DIRECT,ORIGINAL,UNIT_NORMALIZATION_ONLY,SRC010,2020A
2020::G1R2020-0081,2020,2020A,IS_ADJUSTED_ATTRIBUTABLE_NI,IS_ADJUSTED_ATTRIBUTABLE_NI,G1R2020-0081,24614.653,RMB_MILLION,24614.653,RMB_MILLION,1,CAS,GROUP_CONSOLIDATED,SOURCE_REPORTED_DIRECT,ORIGINAL,UNIT_NORMALIZATION_ONLY,SRC010,2020A
2020::G1R2020-0028,2020,2020A,BS_CASH,BS_CASH,G1R2020-0028,81210.482,RMB_MILLION,81210.482,RMB_MILLION,1,CAS,GROUP_CONSOLIDATED,SOURCE_REPORTED_DIRECT,ORIGINAL,UNIT_NORMALIZATION_ONLY,SRC010,2020A
2020::G1R2020-0029,2020,2020A,BS_TRADING_FINANCIAL_ASSETS,BS_TRADING_FINANCIAL_ASSETS,G1R2020-0029,28239.601,RMB_MILLION,28239.601,RMB_MILLION,1,CAS,GROUP_CONSOLIDATED,SOURCE_REPORTED_DIRECT,ORIGINAL,UNIT_NORMALIZATION_ONLY,SRC010,2020A
2020::G1R2020-0030,2020,2020A,BS_DERIVATIVE_FINANCIAL_ASSETS,BS_DERIVATIVE_FINANCIAL_ASSETS,G1R2020-0030,420.494,RMB_MILLION,420.494,RMB_MILLION,1,CAS,GROUP_CONSOLIDATED,SOURCE_REPORTED_DIRECT,ORIGINAL,UNIT_NORMALIZATION_ONLY,SRC010,2020A
2020::G1R2020-0031,2020,2020A,BS_NOTES_RECEIVABLE,BS_NOTES_RECEIVABLE,G1R2020-0031,5304.51,RMB_MILLION,5304.51,RMB_MILLION,1,CAS,GROUP_CONSOLIDATED,SOURCE_REPORTED_DIRECT,ORIGINAL,UNIT_NORMALIZATION_ONLY,SRC010,2020A
2020::G1R2020-0032,2020,2020A,BS_AR,BS_AR,G1R2020-0032,22978.363,RMB_MILLION,22978.363,RMB_MILLION,1,CAS,GROUP_CONSOLIDATED,SOURCE_REPORTED_DIRECT,ORIGINAL,UNIT_NORMALIZATION_ONLY,SRC010,2020A
2020::G1R2020-0033,2020,2020A,BS_RECEIVABLES_FINANCING,BS_RECEIVABLES_FINANCING,G1R2020-0033,13901.856,RMB_MILLION,13901.856,RMB_MILLION,1,CAS,GROUP_CONSOLIDATED,SOURCE_REPORTED_DIRECT,ORIGINAL,UNIT_NORMALIZATION_ONLY,SRC010,2020A
2020::G1R2020-0034,2020,2020A,BS_CONTRACT_ASSETS,BS_CONTRACT_ASSETS,G1R2020-0034,3236.848,RMB_MILLION,3236.848,RMB_MILLION,1,CAS,GROUP_CONSOLIDATED,SOURCE_REPORTED_DIRECT,ORIGINAL,UNIT_NORMALIZATION_ONLY,SRC010,2020A
2020::G1R2020-0035,2020,2020A,BS_INVENTORY,BS_INVENTORY,G1R2020-0035,31076.529,RMB_MILLION,31076.529,RMB_MILLION,1,CAS,GROUP_CONSOLIDATED,SOURCE_REPORTED_DIRECT,ORIGINAL,UNIT_NORMALIZATION_ONLY,SRC010,2020A
2020::G1R2020-0036,2020,2020A,BS_TOTAL_CURRENT_ASSETS,BS_TOTAL_CURRENT_ASSETS,G1R2020-0036,241655.325,RMB_MILLION,241655.325,RMB_MILLION,1,CAS,GROUP_CONSOLIDATED,SOURCE_REPORTED_DIRECT,ORIGINAL,UNIT_NORMALIZATION_ONLY,SRC010,2020A
2020::G1R2020-0037,2020,2020A,BS_OTHER_NONCURRENT_FINANCIAL_ASSETS,BS_OTHER_NONCURRENT_FINANCIAL_ASSETS,G1R2020-0037,3360.849,RMB_MILLION,3360.849,RMB_MILLION,1,CAS,GROUP_CONSOLIDATED,SOURCE_REPORTED_DIRECT,ORIGINAL,UNIT_NORMALIZATION_ONLY,SRC010,2020A
2020::G1R2020-0038,2020,2020A,BS_PPE,BS_PPE,G1R2020-0038,22239.214,RMB_MILLION,22239.214,RMB_MILLION,1,CAS,GROUP_CONSOLIDATED,SOURCE_REPORTED_DIRECT,ORIGINAL,UNIT_NORMALIZATION_ONLY,SRC010,2020A
2020::G1R2020-0039,2020,2020A,BS_CIP,BS_CIP,G1R2020-0039,1477.302,RMB_MILLION,1477.302,RMB_MILLION,1,CAS,GROUP_CONSOLIDATED,SOURCE_REPORTED_DIRECT,ORIGINAL,UNIT_NORMALIZATION_ONLY,SRC010,2020A
2020::G1R2020-0040,2020,2020A,BS_INTANGIBLES,BS_INTANGIBLES,G1R2020-0040,15422.393,RMB_MILLION,15422.393,RMB_MILLION,1,CAS,GROUP_CONSOLIDATED,SOURCE_REPORTED_DIRECT,ORIGINAL,UNIT_NORMALIZATION_ONLY,SRC010,2020A
2020::G1R2020-0041,2020,2020A,BS_GOODWILL,BS_GOODWILL,G1R2020-0041,29557.218,RMB_MILLION,29557.218,RMB_MILLION,1,CAS,GROUP_CONSOLIDATED,SOURCE_REPORTED_DIRECT,ORIGINAL,UNIT_NORMALIZATION_ONLY,SRC010,2020A
2020::G1R2020-0042,2020,2020A,BS_TOTAL_NONCURRENT_ASSETS,BS_TOTAL_NONCURRENT_ASSETS,G1R2020-0042,118727.278,RMB_MILLION,118727.278,RMB_MILLION,1,CAS,GROUP_CONSOLIDATED,SOURCE_REPORTED_DIRECT,ORIGINAL,UNIT_NORMALIZATION_ONLY,SRC010,2020A
2020::G1R2020-0043,2020,2020A,BS_TOTAL_ASSETS,BS_TOTAL_ASSETS,G1R2020-0043,360382.603,RMB_MILLION,360382.603,RMB_MILLION,1,CAS,GROUP_CONSOLIDATED,SOURCE_REPORTED_DIRECT,ORIGINAL,UNIT_NORMALIZATION_ONLY,SRC010,2020A
2020::G1R2020-0044,2020,2020A,BS_SHORT_TERM_BORROWING,BS_SHORT_TERM_BORROWING,G1R2020-0044,9943.929,RMB_MILLION,9943.929,RMB_MILLION,1,CAS,GROUP_CONSOLIDATED,SOURCE_REPORTED_DIRECT,ORIGINAL,UNIT_NORMALIZATION_ONLY,SRC010,2020A
2020::G1R2020-0045,2020,2020A,BS_NOTES_PAYABLE,BS_NOTES_PAYABLE,G1R2020-0045,28249.939,RMB_MILLION,28249.939,RMB_MILLION,1,CAS,GROUP_CONSOLIDATED,SOURCE_REPORTED_DIRECT,ORIGINAL,UNIT_NORMALIZATION_ONLY,SRC010,2020A
2020::G1R2020-0046,2020,2020A,BS_AP,BS_AP,G1R2020-0046,53930.261,RMB_MILLION,53930.261,RMB_MILLION,1,CAS,GROUP_CONSOLIDATED,SOURCE_REPORTED_DIRECT,ORIGINAL,UNIT_NORMALIZATION_ONLY,SRC010,2020A
2020::G1R2020-0047,2020,2020A,BS_CONTRACT_LIABILITIES,BS_CONTRACT_LIABILITIES,G1R2020-0047,18400.922,RMB_MILLION,18400.922,RMB_MILLION,1,CAS,GROUP_CONSOLIDATED,SOURCE_REPORTED_DIRECT,ORIGINAL,UNIT_NORMALIZATION_ONLY,SRC010,2020A
2020::G1R2020-0048,2020,2020A,BS_EMPLOYEE_COMP,BS_EMPLOYEE_COMP,G1R2020-0048,6954.822,RMB_MILLION,6954.822,RMB_MILLION,1,CAS,GROUP_CONSOLIDATED,SOURCE_REPORTED_DIRECT,ORIGINAL,UNIT_NORMALIZATION_ONLY,SRC010,2020A
2020::G1R2020-0049,2020,2020A,BS_TAXES_PAYABLE,BS_TAXES_PAYABLE,G1R2020-0049,5758.058,RMB_MILLION,5758.058,RMB_MILLION,1,CAS,GROUP_CONSOLIDATED,SOURCE_REPORTED_DIRECT,ORIGINAL,UNIT_NORMALIZATION_ONLY,SRC010,2020A
2020::G1R2020-0050,2020,2020A,BS_OTHER_PAYABLES,BS_OTHER_PAYABLES,G1R2020-0050,4501.391,RMB_MILLION,4501.391,RMB_MILLION,1,CAS,GROUP_CONSOLIDATED,SOURCE_REPORTED_DIRECT,ORIGINAL,UNIT_NORMALIZATION_ONLY,SRC010,2020A
2020::G1R2020-0051,2020,2020A,BS_CURRENT_PORTION_DEBT,BS_CURRENT_PORTION_DEBT,G1R2020-0051,6310.181,RMB_MILLION,6310.181,RMB_MILLION,1,CAS,GROUP_CONSOLIDATED,SOURCE_REPORTED_DIRECT,ORIGINAL,UNIT_NORMALIZATION_ONLY,SRC010,2020A
2020::G1R2020-0052,2020,2020A,BS_TOTAL_CURRENT_LIABILITIES,BS_TOTAL_CURRENT_LIABILITIES,G1R2020-0052,184150.502,RMB_MILLION,184150.502,RMB_MILLION,1,CAS,GROUP_CONSOLIDATED,SOURCE_REPORTED_DIRECT,ORIGINAL,UNIT_NORMALIZATION_ONLY,SRC010,2020A
2020::G1R2020-0053,2020,2020A,BS_LONG_TERM_BORROWINGS,BS_LONG_TERM_BORROWINGS,G1R2020-0053,42827.287,RMB_MILLION,42827.287,RMB_MILLION,1,CAS,GROUP_CONSOLIDATED,SOURCE_REPORTED_DIRECT,ORIGINAL,UNIT_NORMALIZATION_ONLY,SRC010,2020A
2020::G1R2020-0054,2020,2020A,BS_TOTAL_NONCURRENT_LIABILITIES,BS_TOTAL_NONCURRENT_LIABILITIES,G1R2020-0054,51995.001,RMB_MILLION,51995.001,RMB_MILLION,1,CAS,GROUP_CONSOLIDATED,SOURCE_REPORTED_DIRECT,ORIGINAL,UNIT_NORMALIZATION_ONLY,SRC010,2020A
2020::G1R2020-0055,2020,2020A,BS_TOTAL_LIABILITIES,BS_TOTAL_LIABILITIES,G1R2020-0055,236145.503,RMB_MILLION,236145.503,RMB_MILLION,1,CAS,GROUP_CONSOLIDATED,SOURCE_REPORTED_DIRECT,ORIGINAL,UNIT_NORMALIZATION_ONLY,SRC010,2020A
2020::G1R2020-0056,2020,2020A,BS_SHARE_CAPITAL,BS_SHARE_CAPITAL,G1R2020-0056,7029.976,RMB_MILLION,7029.976,RMB_MILLION,1,CAS,GROUP_CONSOLIDATED,SOURCE_REPORTED_DIRECT,ORIGINAL,UNIT_NORMALIZATION_ONLY,SRC010,2020A
2020::G1R2020-0057,2020,2020A,BS_RETAINED_EARNINGS,BS_RETAINED_EARNINGS,G1R2020-0057,87074.453,RMB_MILLION,87074.453,RMB_MILLION,1,CAS,GROUP_CONSOLIDATED,SOURCE_REPORTED_DIRECT,ORIGINAL,UNIT_NORMALIZATION_ONLY,SRC010,2020A
2020::G1R2020-0058,2020,2020A,BS_PARENT_EQUITY,BS_PARENT_EQUITY,G1R2020-0058,117516.26,RMB_MILLION,117516.26,RMB_MILLION,1,CAS,GROUP_CONSOLIDATED,SOURCE_REPORTED_DIRECT,ORIGINAL,UNIT_NORMALIZATION_ONLY,SRC010,2020A
2020::G1R2020-0059,2020,2020A,BS_NCI,BS_NCI,G1R2020-0059,6720.84,RMB_MILLION,6720.84,RMB_MILLION,1,CAS,GROUP_CONSOLIDATED,SOURCE_REPORTED_DIRECT,ORIGINAL,UNIT_NORMALIZATION_ONLY,SRC010,2020A
2020::G1R2020-0060,2020,2020A,BS_TOTAL_EQUITY,BS_TOTAL_EQUITY,G1R2020-0060,124237.1,RMB_MILLION,124237.1,RMB_MILLION,1,CAS,GROUP_CONSOLIDATED,SOURCE_REPORTED_DIRECT,ORIGINAL,UNIT_NORMALIZATION_ONLY,SRC010,2020A
2020::G1R2020-0082,2020,2020A,BS_PREPAYMENTS,BS_PREPAYMENTS,G1R2020-0082,2763.71,RMB_MILLION,2763.71,RMB_MILLION,1,CAS,GROUP_CONSOLIDATED,SOURCE_REPORTED_DIRECT,ORIGINAL,UNIT_NORMALIZATION_ONLY,SRC010,2020A
2020::G1R2020-0083,2020,2020A,BS_OTHER_RECEIVABLES,BS_OTHER_RECEIVABLES,G1R2020-0083,2973.945,RMB_MILLION,2973.945,RMB_MILLION,1,CAS,GROUP_CONSOLIDATED,SOURCE_REPORTED_DIRECT,ORIGINAL,UNIT_NORMALIZATION_ONLY,SRC010,2020A
2020::G1R2020-0084,2020,2020A,BS_LONG_TERM_INVESTMENTS,BS_LONG_TERM_INVESTMENTS,G1R2020-0084,2901.337,RMB_MILLION,2901.337,RMB_MILLION,1,CAS,GROUP_CONSOLIDATED,SOURCE_REPORTED_DIRECT,ORIGINAL,UNIT_NORMALIZATION_ONLY,SRC010,2020A
2020::G1R2020-0085,2020,2020A,BS_CAPITAL_RESERVE,BS_CAPITAL_RESERVE,G1R2020-0085,22488.105,RMB_MILLION,22488.105,RMB_MILLION,1,CAS,GROUP_CONSOLIDATED,SOURCE_REPORTED_DIRECT,ORIGINAL,UNIT_NORMALIZATION_ONLY,SRC010,2020A
2020::G1R2020-0086,2020,2020A,BS_TREASURY_SHARES,BS_TREASURY_SHARES,G1R2020-0086,-6094.347,RMB_MILLION,-6094.347,RMB_MILLION,1,CAS,GROUP_CONSOLIDATED,SOURCE_REPORTED_DIRECT,ORIGINAL,UNIT_NORMALIZATION_ONLY,SRC010,2020A
2020::G1R2020-0087,2020,2020A,BS_OTHER_RESERVES,BS_OTHER_RESERVES,G1R2020-0087,7018.073,RMB_MILLION,7018.073,RMB_MILLION,1,CAS,GROUP_CONSOLIDATED,SOURCE_CERTIFIED_DERIVED_AGGREGATION,ORIGINAL,UNIT_NORMALIZATION_ONLY,SRC010,2020A
2020::G1R2020-0102,2020,2020A,BS_BONDS,BS_BONDS,G1R2020-0102,3030.785,RMB_MILLION,3030.785,RMB_MILLION,1,CAS,GROUP_CONSOLIDATED,SOURCE_REPORTED_DIRECT,ORIGINAL,UNIT_NORMALIZATION_ONLY,SRC010,2020A
2020::G1R2020-0104,2020,2020A,BS_TERM_DEPOSITS,BS_TERM_DEPOSITS,G1R2020-0104,54567.298,RMB_MILLION,54567.298,RMB_MILLION,1,CAS,GROUP_CONSOLIDATED,SOURCE_CERTIFIED_DERIVED_AGGREGATION,ORIGINAL,UNIT_NORMALIZATION_ONLY,SRC010,2020A
2020::G1R2020-0106,2020,2020A,BS_RESTRICTED_CASH,BS_RESTRICTED_CASH,G1R2020-0106,2396.126,RMB_MILLION,2396.126,RMB_MILLION,1,CAS,GROUP_CONSOLIDATED,SOURCE_CERTIFIED_DERIVED_AGGREGATION,ORIGINAL,UNIT_NORMALIZATION_ONLY,SRC010,2020A
2020::G1R2020-0061,2020,2020A,CF_CASH_FROM_SALES,CF_CASH_FROM_SALES,G1R2020-0061,240052.501,RMB_MILLION,240052.501,RMB_MILLION,1,CAS,GROUP_CONSOLIDATED,SOURCE_REPORTED_DIRECT,ORIGINAL,UNIT_NORMALIZATION_ONLY,SRC010,2020A
2020::G1R2020-0062,2020,2020A,CF_CASH_TO_SUPPLIERS,CF_CASH_TO_SUPPLIERS,G1R2020-0062,-139660.744,RMB_MILLION,-139660.744,RMB_MILLION,1,CAS,GROUP_CONSOLIDATED,SOURCE_REPORTED_DIRECT,ORIGINAL,UNIT_NORMALIZATION_ONLY,SRC010,2020A
2020::G1R2020-0063,2020,2020A,CF_CASH_TO_EMPLOYEES,CF_CASH_TO_EMPLOYEES,G1R2020-0063,-28460.318,RMB_MILLION,-28460.318,RMB_MILLION,1,CAS,GROUP_CONSOLIDATED,SOURCE_REPORTED_DIRECT,ORIGINAL,UNIT_NORMALIZATION_ONLY,SRC010,2020A
2020::G1R2020-0064,2020,2020A,CF_TAXES_PAID,CF_TAXES_PAID,G1R2020-0064,-13407.607,RMB_MILLION,-13407.607,RMB_MILLION,1,CAS,GROUP_CONSOLIDATED,SOURCE_REPORTED_DIRECT,ORIGINAL,UNIT_NORMALIZATION_ONLY,SRC010,2020A
2020::G1R2020-0065,2020,2020A,CF_CFO,CF_CFO,G1R2020-0065,29557.117,RMB_MILLION,29557.117,RMB_MILLION,1,CAS,GROUP_CONSOLIDATED,SOURCE_REPORTED_DIRECT,ORIGINAL,UNIT_NORMALIZATION_ONLY,SRC010,2020A
2020::G1R2020-0066,2020,2020A,CF_INVESTMENT_PROCEEDS,CF_INVESTMENT_PROCEEDS,G1R2020-0066,141821.724,RMB_MILLION,141821.724,RMB_MILLION,1,CAS,GROUP_CONSOLIDATED,SOURCE_REPORTED_DIRECT,ORIGINAL,UNIT_NORMALIZATION_ONLY,SRC010,2020A
2020::G1R2020-0067,2020,2020A,CF_CAPEX,CF_CAPEX,G1R2020-0067,-4656.582,RMB_MILLION,-4656.582,RMB_MILLION,1,CAS,GROUP_CONSOLIDATED,SOURCE_REPORTED_DIRECT,ORIGINAL,UNIT_NORMALIZATION_ONLY,SRC010,2020A
2020::G1R2020-0068,2020,2020A,CF_CFI,CF_CFI,G1R2020-0068,-35310.663,RMB_MILLION,-35310.663,RMB_MILLION,1,CAS,GROUP_CONSOLIDATED,SOURCE_REPORTED_DIRECT,ORIGINAL,UNIT_NORMALIZATION_ONLY,SRC010,2020A
2020::G1R2020-0069,2020,2020A,CF_DEBT_PROCEEDS,CF_DEBT_PROCEEDS,G1R2020-0069,18070.961,RMB_MILLION,18070.961,RMB_MILLION,1,CAS,GROUP_CONSOLIDATED,SOURCE_REPORTED_DIRECT,ORIGINAL,UNIT_NORMALIZATION_ONLY,SRC010,2020A
2020::G1R2020-0070,2020,2020A,CF_DEBT_REPAYMENTS,CF_DEBT_REPAYMENTS,G1R2020-0070,-8354.338,RMB_MILLION,-8354.338,RMB_MILLION,1,CAS,GROUP_CONSOLIDATED,SOURCE_REPORTED_DIRECT,ORIGINAL,UNIT_NORMALIZATION_ONLY,SRC010,2020A
2020::G1R2020-0071,2020,2020A,CF_DIVIDENDS_INTEREST,CF_DIVIDENDS_INTEREST,G1R2020-0071,-12822.636,RMB_MILLION,-12822.636,RMB_MILLION,1,CAS,GROUP_CONSOLIDATED,SOURCE_REPORTED_DIRECT,ORIGINAL,UNIT_NORMALIZATION_ONLY,SRC010,2020A
2020::G1R2020-0072,2020,2020A,CF_CFF,CF_CFF,G1R2020-0072,-756.295,RMB_MILLION,-756.295,RMB_MILLION,1,CAS,GROUP_CONSOLIDATED,SOURCE_REPORTED_DIRECT,ORIGINAL,UNIT_NORMALIZATION_ONLY,SRC010,2020A
2020::G1R2020-0073,2020,2020A,CF_FX_EFFECT,CF_FX_EFFECT,G1R2020-0073,-383.411,RMB_MILLION,-383.411,RMB_MILLION,1,CAS,GROUP_CONSOLIDATED,SOURCE_REPORTED_DIRECT,ORIGINAL,UNIT_NORMALIZATION_ONLY,SRC010,2020A
2020::G1R2020-0074,2020,2020A,CF_NET_CHANGE_CASH,CF_NET_CHANGE_CASH,G1R2020-0074,-6893.252,RMB_MILLION,-6893.252,RMB_MILLION,1,CAS,GROUP_CONSOLIDATED,SOURCE_REPORTED_DIRECT,ORIGINAL,UNIT_NORMALIZATION_ONLY,SRC010,2020A
2020::G1R2020-0075,2020,2020A,CF_OPENING_CASH,CF_OPENING_CASH,G1R2020-0075,30441.76,RMB_MILLION,30441.76,RMB_MILLION,1,CAS,GROUP_CONSOLIDATED,SOURCE_REPORTED_DIRECT,ORIGINAL,UNIT_NORMALIZATION_ONLY,SRC010,2020A
2020::G1R2020-0076,2020,2020A,CF_CLOSING_CASH,CF_CLOSING_CASH,G1R2020-0076,23548.508,RMB_MILLION,23548.508,RMB_MILLION,1,CAS,GROUP_CONSOLIDATED,SOURCE_REPORTED_DIRECT,ORIGINAL,UNIT_NORMALIZATION_ONLY,SRC010,2020A
2020::G1R2020-0088,2020,2020A,CF_ACQUISITION_PAYMENTS,CF_ACQUISITION_PAYMENTS,G1R2020-0088,-1045.39,RMB_MILLION,-1045.39,RMB_MILLION,1,CAS,GROUP_CONSOLIDATED,SOURCE_REPORTED_DIRECT,ORIGINAL,UNIT_NORMALIZATION_ONLY,SRC010,2020A
2020::G1R2020-0089,2020,2020A,CF_INVESTMENT_PURCHASES,CF_INVESTMENT_PURCHASES,G1R2020-0089,-176621.347,RMB_MILLION,-176621.347,RMB_MILLION,1,CAS,GROUP_CONSOLIDATED,SOURCE_REPORTED_DIRECT,ORIGINAL,UNIT_NORMALIZATION_ONLY,SRC010,2020A
2020::G1R2020-0077,2020,2020A,NOTE_TOTAL_DA,NOTE_TOTAL_DA,G1R2020-0077,5020.256,RMB_MILLION,5020.256,RMB_MILLION,1,CAS,GROUP_CONSOLIDATED,SOURCE_REPORTED_DIRECT,ORIGINAL,UNIT_NORMALIZATION_ONLY,SRC010,2020A
2020::G1R2020-0078,2020,2020A,NOTE_FIXED_ASSET_DEPRECIATION,NOTE_FIXED_ASSET_DEPRECIATION,G1R2020-0078,3409.521,RMB_MILLION,3409.521,RMB_MILLION,1,CAS,GROUP_CONSOLIDATED,SOURCE_REPORTED_DIRECT,ORIGINAL,UNIT_NORMALIZATION_ONLY,SRC010,2020A
2020::G1R2020-0079,2020,2020A,NOTE_INTANGIBLE_AMORTIZATION,NOTE_INTANGIBLE_AMORTIZATION,G1R2020-0079,1083.684,RMB_MILLION,1083.684,RMB_MILLION,1,CAS,GROUP_CONSOLIDATED,SOURCE_REPORTED_DIRECT,ORIGINAL,UNIT_NORMALIZATION_ONLY,SRC010,2020A
2020::G1R2020-0090,2020,2020A,NOTE_CIP_ADDITIONS,NOTE_CIP_ADDITIONS,G1R2020-0090,1078.74,RMB_MILLION,1078.74,RMB_MILLION,1,CAS,GROUP_CONSOLIDATED,SOURCE_REPORTED_DIRECT,ORIGINAL,UNIT_NORMALIZATION_ONLY,SRC010,2020A
2020::G1R2020-0091,2020,2020A,NOTE_SHARE_BASED_COMPENSATION,NOTE_SHARE_BASED_COMPENSATION,G1R2020-0091,1077.55,RMB_MILLION,1077.55,RMB_MILLION,1,CAS,GROUP_CONSOLIDATED,SOURCE_REPORTED_DIRECT,ORIGINAL,UNIT_NORMALIZATION_ONLY,SRC010,2020A
2020::G1R2020-0092,2020,2020A,NOTE_DIVIDENDS,NOTE_DIVIDENDS,G1R2020-0092,11122.406,RMB_MILLION,11122.406,RMB_MILLION,1,CAS,GROUP_CONSOLIDATED,SOURCE_REPORTED_DIRECT,ORIGINAL,UNIT_NORMALIZATION_ONLY,SRC010,2020A
2020::G1R2020-0093,2020,2020A,NOTE_REPURCHASES,NOTE_REPURCHASES,G1R2020-0093,2798.468,RMB_MILLION,2798.468,RMB_MILLION,1,CAS,GROUP_CONSOLIDATED,SOURCE_REPORTED_DIRECT,ORIGINAL,UNIT_NORMALIZATION_ONLY,SRC010,2020A
2020::G1R2020-0094,2020,2020A,NOTE_INTANGIBLE_ASSETS,NOTE_INTANGIBLE_ASSETS,G1R2020-0094,15422.393,RMB_MILLION,15422.393,RMB_MILLION,1,CAS,GROUP_CONSOLIDATED,SOURCE_REPORTED_DIRECT,ORIGINAL,UNIT_NORMALIZATION_ONLY,SRC010,2020A
2020::G1R2020-0095,2020,2020A,NOTE_GOODWILL,NOTE_GOODWILL,G1R2020-0095,29557.218,RMB_MILLION,29557.218,RMB_MILLION,1,CAS,GROUP_CONSOLIDATED,SOURCE_REPORTED_DIRECT,ORIGINAL,UNIT_NORMALIZATION_ONLY,SRC010,2020A
2020::G1R2020-0096,2020,2020A,NOTE_PPE_ADDITIONS,NOTE_PPE_ADDITIONS,G1R2020-0096,4491.503,RMB_MILLION,4491.503,RMB_MILLION,1,CAS,GROUP_CONSOLIDATED,SOURCE_CERTIFIED_DERIVED_AGGREGATION,ORIGINAL,UNIT_NORMALIZATION_ONLY,SRC010,2020A
2020::G1R2020-0097,2020,2020A,NOTE_SHORT_TERM_DEBT,NOTE_SHORT_TERM_DEBT,G1R2020-0097,9943.929,RMB_MILLION,9943.929,RMB_MILLION,1,CAS,GROUP_CONSOLIDATED,SOURCE_REPORTED_DIRECT,ORIGINAL,UNIT_NORMALIZATION_ONLY,SRC010,2020A
2020::G1R2020-0098,2020,2020A,NOTE_LONG_TERM_DEBT,NOTE_LONG_TERM_DEBT,G1R2020-0098,42827.287,RMB_MILLION,42827.287,RMB_MILLION,1,CAS,GROUP_CONSOLIDATED,SOURCE_REPORTED_DIRECT,ORIGINAL,UNIT_NORMALIZATION_ONLY,SRC010,2020A
2020::G1R2020-0099,2020,2020A,NOTE_CASH_EQUIVALENTS,NOTE_CASH_EQUIVALENTS,G1R2020-0099,23548.508,RMB_MILLION,23548.508,RMB_MILLION,1,CAS,GROUP_CONSOLIDATED,SOURCE_REPORTED_DIRECT,ORIGINAL,UNIT_NORMALIZATION_ONLY,SRC010,2020A
2020::G1R2020-0100,2020,2020A,NOTE_FINANCE_INTEREST_INCOME,NOTE_FINANCE_INTEREST_INCOME,G1R2020-0100,3663.028,RMB_MILLION,3663.028,RMB_MILLION,1,CAS,GROUP_CONSOLIDATED,SOURCE_REPORTED_DIRECT,ORIGINAL,UNIT_NORMALIZATION_ONLY,SRC010,2020A
2020::G1R2020-0101,2020,2020A,NOTE_FINANCING_INTEREST_EXPENSE,NOTE_FINANCING_INTEREST_EXPENSE,G1R2020-0101,-1305.591,RMB_MILLION,-1305.591,RMB_MILLION,1,CAS,GROUP_CONSOLIDATED,SOURCE_REPORTED_DIRECT,ORIGINAL,UNIT_NORMALIZATION_ONLY,SRC010,2020A
2020::G1R2020-0103,2020,2020A,NOTE_BONDS,NOTE_BONDS,G1R2020-0103,3030.785,RMB_MILLION,3030.785,RMB_MILLION,1,CAS,GROUP_CONSOLIDATED,SOURCE_REPORTED_DIRECT,ORIGINAL,UNIT_NORMALIZATION_ONLY,SRC010,2020A
2020::G1R2020-0105,2020,2020A,NOTE_TERM_DEPOSITS,NOTE_TERM_DEPOSITS,G1R2020-0105,54567.298,RMB_MILLION,54567.298,RMB_MILLION,1,CAS,GROUP_CONSOLIDATED,SOURCE_CERTIFIED_DERIVED_AGGREGATION,ORIGINAL,UNIT_NORMALIZATION_ONLY,SRC010,2020A
2020::G1R2020-0107,2020,2020A,NOTE_RESTRICTED_CASH,NOTE_RESTRICTED_CASH,G1R2020-0107,2396.126,RMB_MILLION,2396.126,RMB_MILLION,1,CAS,GROUP_CONSOLIDATED,SOURCE_CERTIFIED_DERIVED_AGGREGATION,ORIGINAL,UNIT_NORMALIZATION_ONLY,SRC010,2020A
2020::G1R2020-0108,2020,2020A,NOTE_ACQUISITIONS,NOTE_ACQUISITIONS,G1R2020-0108,-1045.39,RMB_MILLION,-1045.39,RMB_MILLION,1,CAS,GROUP_CONSOLIDATED,SOURCE_REPORTED_DIRECT,ORIGINAL,UNIT_NORMALIZATION_ONLY,SRC010,2020A
2021::IS_TOTAL_REVENUE,2021,2021A,IS_TOTAL_REVENUE,IS_TOTAL_REVENUE,2021::IS_TOTAL_REVENUE,343360.825,RMB_MILLION,343360.825,RMB_MILLION,1,CAS,GROUP_CONSOLIDATED,DIRECT,ORIGINAL,UNIT_NORMALIZATION_ONLY,SRC051,2021A
2021::IS_OPERATING_REVENUE,2021,2021A,IS_OPERATING_REVENUE,IS_OPERATING_REVENUE,2021::IS_OPERATING_REVENUE,341233.208,RMB_MILLION,341233.208,RMB_MILLION,1,CAS,GROUP_CONSOLIDATED,DIRECT,ORIGINAL,UNIT_NORMALIZATION_ONLY,SRC051,2021A
2021::IS_FINANCIAL_BUSINESS_INTEREST_INCOME,2021,2021A,IS_FINANCIAL_BUSINESS_INTEREST_INCOME,IS_FINANCIAL_BUSINESS_INTEREST_INCOME,2021::IS_FINANCIAL_BUSINESS_INTEREST_INCOME,2127.043,RMB_MILLION,2127.043,RMB_MILLION,1,CAS,GROUP_CONSOLIDATED,DIRECT,ORIGINAL,UNIT_NORMALIZATION_ONLY,SRC051,2021A
2021::IS_FEE_COMMISSION_INCOME,2021,2021A,IS_FEE_COMMISSION_INCOME,IS_FEE_COMMISSION_INCOME,2021::IS_FEE_COMMISSION_INCOME,0.574,RMB_MILLION,0.574,RMB_MILLION,1,CAS,GROUP_CONSOLIDATED,DIRECT,ORIGINAL,UNIT_NORMALIZATION_ONLY,SRC051,2021A
2021::IS_OPERATING_COST,2021,2021A,IS_OPERATING_COST,IS_OPERATING_COST,2021::IS_OPERATING_COST,-264525.999,RMB_MILLION,-264525.999,RMB_MILLION,1,CAS,GROUP_CONSOLIDATED,DIRECT,ORIGINAL,UNIT_NORMALIZATION_ONLY,SRC051,2021A
2021::IS_FINANCIAL_BUSINESS_INTEREST_COST,2021,2021A,IS_FINANCIAL_BUSINESS_INTEREST_COST,IS_FINANCIAL_BUSINESS_INTEREST_COST,2021::IS_FINANCIAL_BUSINESS_INTEREST_COST,-87.066,RMB_MILLION,-87.066,RMB_MILLION,1,CAS,GROUP_CONSOLIDATED,DIRECT,ORIGINAL,UNIT_NORMALIZATION_ONLY,SRC051,2021A
2021::IS_FEE_COMMISSION_EXPENSE,2021,2021A,IS_FEE_COMMISSION_EXPENSE,IS_FEE_COMMISSION_EXPENSE,2021::IS_FEE_COMMISSION_EXPENSE,-13.015,RMB_MILLION,-13.015,RMB_MILLION,1,CAS,GROUP_CONSOLIDATED,DIRECT,ORIGINAL,UNIT_NORMALIZATION_ONLY,SRC051,2021A
2021::IS_TAXES_SURCHARGES,2021,2021A,IS_TAXES_SURCHARGES,IS_TAXES_SURCHARGES,2021::IS_TAXES_SURCHARGES,-1609.384,RMB_MILLION,-1609.384,RMB_MILLION,1,CAS,GROUP_CONSOLIDATED,DIRECT,ORIGINAL,UNIT_NORMALIZATION_ONLY,SRC051,2021A
2021::IS_SELLING_EXPENSE,2021,2021A,IS_SELLING_EXPENSE,IS_SELLING_EXPENSE,2021::IS_SELLING_EXPENSE,-28647.344,RMB_MILLION,-28647.344,RMB_MILLION,1,CAS,GROUP_CONSOLIDATED,DIRECT,ORIGINAL,UNIT_NORMALIZATION_ONLY,SRC051,2021A
2021::IS_ADMIN_EXPENSE,2021,2021A,IS_ADMIN_EXPENSE,IS_ADMIN_EXPENSE,2021::IS_ADMIN_EXPENSE,-10266.283,RMB_MILLION,-10266.283,RMB_MILLION,1,CAS,GROUP_CONSOLIDATED,DIRECT,ORIGINAL,UNIT_NORMALIZATION_ONLY,SRC051,2021A
2021::IS_RD_EXPENSE,2021,2021A,IS_RD_EXPENSE,IS_RD_EXPENSE,2021::IS_RD_EXPENSE,-12014.907,RMB_MILLION,-12014.907,RMB_MILLION,1,CAS,GROUP_CONSOLIDATED,DIRECT,ORIGINAL,UNIT_NORMALIZATION_ONLY,SRC051,2021A
2021::IS_FINANCE_RESULT,2021,2021A,IS_FINANCE_RESULT,IS_FINANCE_RESULT,2021::IS_FINANCE_RESULT,4386.111,RMB_MILLION,4386.111,RMB_MILLION,1,CAS,GROUP_CONSOLIDATED,DIRECT,ORIGINAL,UNIT_NORMALIZATION_ONLY,SRC051,2021A
2021::IS_FINANCE_INTEREST_INCOME,2021,2021A,IS_FINANCE_INTEREST_INCOME,IS_FINANCE_INTEREST_INCOME,2021::IS_FINANCE_INTEREST_INCOME,5181.658,RMB_MILLION,5181.658,RMB_MILLION,1,CAS,GROUP_CONSOLIDATED,DIRECT,ORIGINAL,UNIT_NORMALIZATION_ONLY,SRC051,2021A
2021::IS_FINANCING_INTEREST_EXPENSE,2021,2021A,IS_FINANCING_INTEREST_EXPENSE,IS_FINANCING_INTEREST_EXPENSE,2021::IS_FINANCING_INTEREST_EXPENSE,-1357.564,RMB_MILLION,-1357.564,RMB_MILLION,1,CAS,GROUP_CONSOLIDATED,DIRECT,ORIGINAL,UNIT_NORMALIZATION_ONLY,SRC051,2021A
2021::IS_LEASE_INTEREST_EXPENSE,2021,2021A,IS_LEASE_INTEREST_EXPENSE,IS_LEASE_INTEREST_EXPENSE,2021::IS_LEASE_INTEREST_EXPENSE,-104.903,RMB_MILLION,-104.903,RMB_MILLION,1,CAS,GROUP_CONSOLIDATED,DIRECT,ORIGINAL,UNIT_NORMALIZATION_ONLY,SRC051,2021A
2021::IS_OTHER_INCOME,2021,2021A,IS_OTHER_INCOME,IS_OTHER_INCOME,2021::IS_OTHER_INCOME,1307.504,RMB_MILLION,1307.504,RMB_MILLION,1,CAS,GROUP_CONSOLIDATED,DIRECT,ORIGINAL,UNIT_NORMALIZATION_ONLY,SRC051,2021A
2021::IS_INVESTMENT_INCOME,2021,2021A,IS_INVESTMENT_INCOME,IS_INVESTMENT_INCOME,2021::IS_INVESTMENT_INCOME,2365.773,RMB_MILLION,2365.773,RMB_MILLION,1,CAS,GROUP_CONSOLIDATED,DIRECT,ORIGINAL,UNIT_NORMALIZATION_ONLY,SRC051,2021A
2021::IS_FAIR_VALUE_CHANGE,2021,2021A,IS_FAIR_VALUE_CHANGE,IS_FAIR_VALUE_CHANGE,2021::IS_FAIR_VALUE_CHANGE,-166.406,RMB_MILLION,-166.406,RMB_MILLION,1,CAS,GROUP_CONSOLIDATED,DIRECT,ORIGINAL,UNIT_NORMALIZATION_ONLY,SRC051,2021A
2021::IS_CREDIT_IMPAIRMENT,2021,2021A,IS_CREDIT_IMPAIRMENT,IS_CREDIT_IMPAIRMENT,2021::IS_CREDIT_IMPAIRMENT,-383.451,RMB_MILLION,-383.451,RMB_MILLION,1,CAS,GROUP_CONSOLIDATED,DIRECT,ORIGINAL,UNIT_NORMALIZATION_ONLY,SRC051,2021A
2021::IS_ASSET_IMPAIRMENT,2021,2021A,IS_ASSET_IMPAIRMENT,IS_ASSET_IMPAIRMENT,2021::IS_ASSET_IMPAIRMENT,-483.420,RMB_MILLION,-483.420,RMB_MILLION,1,CAS,GROUP_CONSOLIDATED,DIRECT,ORIGINAL,UNIT_NORMALIZATION_ONLY,SRC051,2021A
2021::IS_ASSET_DISPOSAL,2021,2021A,IS_ASSET_DISPOSAL,IS_ASSET_DISPOSAL,2021::IS_ASSET_DISPOSAL,58.257,RMB_MILLION,58.257,RMB_MILLION,1,CAS,GROUP_CONSOLIDATED,DIRECT,ORIGINAL,UNIT_NORMALIZATION_ONLY,SRC051,2021A
2021::IS_OPERATING_PROFIT,2021,2021A,IS_OPERATING_PROFIT,IS_OPERATING_PROFIT,2021::IS_OPERATING_PROFIT,33281.195,RMB_MILLION,33281.195,RMB_MILLION,1,CAS,GROUP_CONSOLIDATED,DIRECT,ORIGINAL,UNIT_NORMALIZATION_ONLY,SRC051,2021A
2021::IS_PBT,2021,2021A,IS_PBT,IS_PBT,2021::IS_PBT,33717.544,RMB_MILLION,33717.544,RMB_MILLION,1,CAS,GROUP_CONSOLIDATED,DIRECT,ORIGINAL,UNIT_NORMALIZATION_ONLY,SRC051,2021A
2021::IS_INCOME_TAX,2021,2021A,IS_INCOME_TAX,IS_INCOME_TAX,2021::IS_INCOME_TAX,-4702.168,RMB_MILLION,-4702.168,RMB_MILLION,1,CAS,GROUP_CONSOLIDATED,DIRECT,ORIGINAL,UNIT_NORMALIZATION_ONLY,SRC051,2021A
2021::IS_NET_PROFIT,2021,2021A,IS_NET_PROFIT,IS_NET_PROFIT,2021::IS_NET_PROFIT,29015.376,RMB_MILLION,29015.376,RMB_MILLION,1,CAS,GROUP_CONSOLIDATED,DIRECT,ORIGINAL,UNIT_NORMALIZATION_ONLY,SRC051,2021A
2021::IS_ATTRIBUTABLE_NI,2021,2021A,IS_ATTRIBUTABLE_NI,IS_ATTRIBUTABLE_NI,2021::IS_ATTRIBUTABLE_NI,28573.650,RMB_MILLION,28573.650,RMB_MILLION,1,CAS,GROUP_CONSOLIDATED,DIRECT,ORIGINAL,UNIT_NORMALIZATION_ONLY,SRC051,2021A
2021::IS_NCI_PROFIT,2021,2021A,IS_NCI_PROFIT,IS_NCI_PROFIT,2021::IS_NCI_PROFIT,441.726,RMB_MILLION,441.726,RMB_MILLION,1,CAS,GROUP_CONSOLIDATED,DIRECT,ORIGINAL,UNIT_NORMALIZATION_ONLY,SRC051,2021A
2021::IS_ADJUSTED_ATTRIBUTABLE_NI,2021,2021A,IS_ADJUSTED_ATTRIBUTABLE_NI,IS_ADJUSTED_ATTRIBUTABLE_NI,2021::IS_ADJUSTED_ATTRIBUTABLE_NI,25929.086,RMB_MILLION,25929.086,RMB_MILLION,1,CAS,GROUP_CONSOLIDATED,DIRECT,ORIGINAL,UNIT_NORMALIZATION_ONLY,SRC051,2021A
2021::IS_BASIC_EPS,2021,2021A,IS_BASIC_EPS,IS_BASIC_EPS,2021::IS_BASIC_EPS,4.17,RMB_PER_SHARE,4.17,RMB_PER_SHARE,1,CAS,GROUP_CONSOLIDATED,DIRECT,ORIGINAL,UNIT_NORMALIZATION_ONLY,SRC051,2021A
2021::IS_DILUTED_EPS,2021,2021A,IS_DILUTED_EPS,IS_DILUTED_EPS,2021::IS_DILUTED_EPS,4.14,RMB_PER_SHARE,4.14,RMB_PER_SHARE,1,CAS,GROUP_CONSOLIDATED,DIRECT,ORIGINAL,UNIT_NORMALIZATION_ONLY,SRC051,2021A
2021::BS_CASH,2021,2021A,BS_CASH,BS_CASH,2021::BS_CASH,71875.556,RMB_MILLION,71875.556,RMB_MILLION,1,CAS,GROUP_CONSOLIDATED,DIRECT,ORIGINAL,UNIT_NORMALIZATION_ONLY,SRC051,2021A
2021::BS_CASH_EQUIVALENTS,2021,2021A,BS_CASH_EQUIVALENTS,BS_CASH_EQUIVALENTS,2021::BS_CASH_EQUIVALENTS,40550.039,RMB_MILLION,40550.039,RMB_MILLION,1,CAS,GROUP_CONSOLIDATED,DIRECT,ORIGINAL,UNIT_NORMALIZATION_ONLY,SRC051,2021A
2021::BS_RESTRICTED_CASH,2021,2021A,BS_RESTRICTED_CASH,BS_RESTRICTED_CASH,2021::BS_RESTRICTED_CASH,863.611,RMB_MILLION,863.611,RMB_MILLION,1,CAS,GROUP_CONSOLIDATED,DERIVED,ORIGINAL,UNIT_NORMALIZATION_ONLY,SRC051,2021A
2021::BS_TERM_DEPOSITS,2021,2021A,BS_TERM_DEPOSITS,BS_TERM_DEPOSITS,2021::BS_TERM_DEPOSITS,29767.516,RMB_MILLION,29767.516,RMB_MILLION,1,CAS,GROUP_CONSOLIDATED,DERIVED,ORIGINAL,UNIT_NORMALIZATION_ONLY,SRC051,2021A
2021::BS_TRADING_FINANCIAL_ASSETS,2021,2021A,BS_TRADING_FINANCIAL_ASSETS,BS_TRADING_FINANCIAL_ASSETS,2021::BS_TRADING_FINANCIAL_ASSETS,5879.202,RMB_MILLION,5879.202,RMB_MILLION,1,CAS,GROUP_CONSOLIDATED,DIRECT,ORIGINAL,UNIT_NORMALIZATION_ONLY,SRC051,2021A
2021::BS_DERIVATIVE_FINANCIAL_ASSETS,2021,2021A,BS_DERIVATIVE_FINANCIAL_ASSETS,BS_DERIVATIVE_FINANCIAL_ASSETS,2021::BS_DERIVATIVE_FINANCIAL_ASSETS,545.865,RMB_MILLION,545.865,RMB_MILLION,1,CAS,GROUP_CONSOLIDATED,DIRECT,ORIGINAL,UNIT_NORMALIZATION_ONLY,SRC051,2021A
2021::BS_NOTES_RECEIVABLE,2021,2021A,BS_NOTES_RECEIVABLE,BS_NOTES_RECEIVABLE,2021::BS_NOTES_RECEIVABLE,4784.914,RMB_MILLION,4784.914,RMB_MILLION,1,CAS,GROUP_CONSOLIDATED,DIRECT,ORIGINAL,UNIT_NORMALIZATION_ONLY,SRC051,2021A
2021::BS_AR,2021,2021A,BS_AR,BS_AR,2021::BS_AR,24636.440,RMB_MILLION,24636.440,RMB_MILLION,1,CAS,GROUP_CONSOLIDATED,DIRECT,ORIGINAL,UNIT_NORMALIZATION_ONLY,SRC051,2021A
2021::BS_RECEIVABLES_FINANCING,2021,2021A,BS_RECEIVABLES_FINANCING,BS_RECEIVABLES_FINANCING,2021::BS_RECEIVABLES_FINANCING,10273.552,RMB_MILLION,10273.552,RMB_MILLION,1,CAS,GROUP_CONSOLIDATED,DIRECT,ORIGINAL,UNIT_NORMALIZATION_ONLY,SRC051,2021A
2021::BS_PREPAYMENTS,2021,2021A,BS_PREPAYMENTS,BS_PREPAYMENTS,2021::BS_PREPAYMENTS,4352.807,RMB_MILLION,4352.807,RMB_MILLION,1,CAS,GROUP_CONSOLIDATED,DIRECT,ORIGINAL,UNIT_NORMALIZATION_ONLY,SRC051,2021A
2021::BS_OTHER_RECEIVABLES,2021,2021A,BS_OTHER_RECEIVABLES,BS_OTHER_RECEIVABLES,2021::BS_OTHER_RECEIVABLES,3104.065,RMB_MILLION,3104.065,RMB_MILLION,1,CAS,GROUP_CONSOLIDATED,DIRECT,ORIGINAL,UNIT_NORMALIZATION_ONLY,SRC051,2021A
2021::BS_INVENTORY,2021,2021A,BS_INVENTORY,BS_INVENTORY,2021::BS_INVENTORY,45924.439,RMB_MILLION,45924.439,RMB_MILLION,1,CAS,GROUP_CONSOLIDATED,DIRECT,ORIGINAL,UNIT_NORMALIZATION_ONLY,SRC051,2021A
2021::BS_CONTRACT_ASSETS,2021,2021A,BS_CONTRACT_ASSETS,BS_CONTRACT_ASSETS,2021::BS_CONTRACT_ASSETS,3823.476,RMB_MILLION,3823.476,RMB_MILLION,1,CAS,GROUP_CONSOLIDATED,DIRECT,ORIGINAL,UNIT_NORMALIZATION_ONLY,SRC051,2021A
2021::BS_TOTAL_CURRENT_ASSETS,2021,2021A,BS_TOTAL_CURRENT_ASSETS,BS_TOTAL_CURRENT_ASSETS,2021::BS_TOTAL_CURRENT_ASSETS,248864.505,RMB_MILLION,248864.505,RMB_MILLION,1,CAS,GROUP_CONSOLIDATED,DIRECT,ORIGINAL,UNIT_NORMALIZATION_ONLY,SRC051,2021A
2021::BS_PPE,2021,2021A,BS_PPE,BS_PPE,2021::BS_PPE,22852.848,RMB_MILLION,22852.848,RMB_MILLION,1,CAS,GROUP_CONSOLIDATED,DIRECT,ORIGINAL,UNIT_NORMALIZATION_ONLY,SRC051,2021A
2021::BS_CIP,2021,2021A,BS_CIP,BS_CIP,2021::BS_CIP,2690.930,RMB_MILLION,2690.930,RMB_MILLION,1,CAS,GROUP_CONSOLIDATED,DIRECT,ORIGINAL,UNIT_NORMALIZATION_ONLY,SRC051,2021A
2021::BS_ROU_ASSETS,2021,2021A,BS_ROU_ASSETS,BS_ROU_ASSETS,2021::BS_ROU_ASSETS,2297.354,RMB_MILLION,2297.354,RMB_MILLION,1,CAS,GROUP_CONSOLIDATED,DIRECT,ORIGINAL,UNIT_NORMALIZATION_ONLY,SRC051,2021A
2021::BS_INTANGIBLES,2021,2021A,BS_INTANGIBLES,BS_INTANGIBLES,2021::BS_INTANGIBLES,17173.072,RMB_MILLION,17173.072,RMB_MILLION,1,CAS,GROUP_CONSOLIDATED,DIRECT,ORIGINAL,UNIT_NORMALIZATION_ONLY,SRC051,2021A
2021::BS_GOODWILL,2021,2021A,BS_GOODWILL,BS_GOODWILL,2021::BS_GOODWILL,27874.752,RMB_MILLION,27874.752,RMB_MILLION,1,CAS,GROUP_CONSOLIDATED,DIRECT,ORIGINAL,UNIT_NORMALIZATION_ONLY,SRC051,2021A
2021::BS_LONG_TERM_INVESTMENTS,2021,2021A,BS_LONG_TERM_INVESTMENTS,BS_LONG_TERM_INVESTMENTS,2021::BS_LONG_TERM_INVESTMENTS,3796.705,RMB_MILLION,3796.705,RMB_MILLION,1,CAS,GROUP_CONSOLIDATED,DIRECT,ORIGINAL,UNIT_NORMALIZATION_ONLY,SRC051,2021A
2021::BS_OTHER_NONCURRENT_FINANCIAL_ASSETS,2021,2021A,BS_OTHER_NONCURRENT_FINANCIAL_ASSETS,BS_OTHER_NONCURRENT_FINANCIAL_ASSETS,2021::BS_OTHER_NONCURRENT_FINANCIAL_ASSETS,5912.873,RMB_MILLION,5912.873,RMB_MILLION,1,CAS,GROUP_CONSOLIDATED,DIRECT,ORIGINAL,UNIT_NORMALIZATION_ONLY,SRC051,2021A
2021::BS_TOTAL_NONCURRENT_ASSETS,2021,2021A,BS_TOTAL_NONCURRENT_ASSETS,BS_TOTAL_NONCURRENT_ASSETS,2021::BS_TOTAL_NONCURRENT_ASSETS,139081.599,RMB_MILLION,139081.599,RMB_MILLION,1,CAS,GROUP_CONSOLIDATED,DIRECT,ORIGINAL,UNIT_NORMALIZATION_ONLY,SRC051,2021A
2021::BS_TOTAL_ASSETS,2021,2021A,BS_TOTAL_ASSETS,BS_TOTAL_ASSETS,2021::BS_TOTAL_ASSETS,387946.104,RMB_MILLION,387946.104,RMB_MILLION,1,CAS,GROUP_CONSOLIDATED,DIRECT,ORIGINAL,UNIT_NORMALIZATION_ONLY,SRC051,2021A
2021::BS_SHORT_TERM_BORROWING,2021,2021A,BS_SHORT_TERM_BORROWING,BS_SHORT_TERM_BORROWING,2021::BS_SHORT_TERM_BORROWING,5381.623,RMB_MILLION,5381.623,RMB_MILLION,1,CAS,GROUP_CONSOLIDATED,DIRECT,ORIGINAL,UNIT_NORMALIZATION_ONLY,SRC051,2021A
2021::BS_NOTES_PAYABLE,2021,2021A,BS_NOTES_PAYABLE,BS_NOTES_PAYABLE,2021::BS_NOTES_PAYABLE,32752.007,RMB_MILLION,32752.007,RMB_MILLION,1,CAS,GROUP_CONSOLIDATED,DIRECT,ORIGINAL,UNIT_NORMALIZATION_ONLY,SRC051,2021A
2021::BS_AP,2021,2021A,BS_AP,BS_AP,2021::BS_AP,65983.559,RMB_MILLION,65983.559,RMB_MILLION,1,CAS,GROUP_CONSOLIDATED,DIRECT,ORIGINAL,UNIT_NORMALIZATION_ONLY,SRC051,2021A
2021::BS_CONTRACT_LIABILITIES,2021,2021A,BS_CONTRACT_LIABILITIES,BS_CONTRACT_LIABILITIES,2021::BS_CONTRACT_LIABILITIES,23916.595,RMB_MILLION,23916.595,RMB_MILLION,1,CAS,GROUP_CONSOLIDATED,DIRECT,ORIGINAL,UNIT_NORMALIZATION_ONLY,SRC051,2021A
2021::BS_EMPLOYEE_COMP,2021,2021A,BS_EMPLOYEE_COMP,BS_EMPLOYEE_COMP,2021::BS_EMPLOYEE_COMP,7535.168,RMB_MILLION,7535.168,RMB_MILLION,1,CAS,GROUP_CONSOLIDATED,DIRECT,ORIGINAL,UNIT_NORMALIZATION_ONLY,SRC051,2021A
2021::BS_TAXES_PAYABLE,2021,2021A,BS_TAXES_PAYABLE,BS_TAXES_PAYABLE,2021::BS_TAXES_PAYABLE,5404.267,RMB_MILLION,5404.267,RMB_MILLION,1,CAS,GROUP_CONSOLIDATED,DIRECT,ORIGINAL,UNIT_NORMALIZATION_ONLY,SRC051,2021A
2021::BS_OTHER_PAYABLES,2021,2021A,BS_OTHER_PAYABLES,BS_OTHER_PAYABLES,2021::BS_OTHER_PAYABLES,4288.104,RMB_MILLION,4288.104,RMB_MILLION,1,CAS,GROUP_CONSOLIDATED,DIRECT,ORIGINAL,UNIT_NORMALIZATION_ONLY,SRC051,2021A
2021::BS_CURRENT_PORTION_DEBT,2021,2021A,BS_CURRENT_PORTION_DEBT,BS_CURRENT_PORTION_DEBT,2021::BS_CURRENT_PORTION_DEBT,28947.540,RMB_MILLION,28947.540,RMB_MILLION,1,CAS,GROUP_CONSOLIDATED,DIRECT,ORIGINAL,UNIT_NORMALIZATION_ONLY,SRC051,2021A
2021::BS_LONG_TERM_BORROWINGS,2021,2021A,BS_LONG_TERM_BORROWINGS,BS_LONG_TERM_BORROWINGS,2021::BS_LONG_TERM_BORROWINGS,19734.020,RMB_MILLION,19734.020,RMB_MILLION,1,CAS,GROUP_CONSOLIDATED,DIRECT,ORIGINAL,UNIT_NORMALIZATION_ONLY,SRC051,2021A
2021::BS_LEASE_LIABILITIES,2021,2021A,BS_LEASE_LIABILITIES,BS_LEASE_LIABILITIES,2021::BS_LEASE_LIABILITIES,1533.552,RMB_MILLION,1533.552,RMB_MILLION,1,CAS,GROUP_CONSOLIDATED,DIRECT,ORIGINAL,UNIT_NORMALIZATION_ONLY,SRC051,2021A
2021::BS_TOTAL_CURRENT_LIABILITIES,2021,2021A,BS_TOTAL_CURRENT_LIABILITIES,BS_TOTAL_CURRENT_LIABILITIES,2021::BS_TOTAL_CURRENT_LIABILITIES,222851.476,RMB_MILLION,222851.476,RMB_MILLION,1,CAS,GROUP_CONSOLIDATED,DIRECT,ORIGINAL,UNIT_NORMALIZATION_ONLY,SRC051,2021A
2021::BS_TOTAL_NONCURRENT_LIABILITIES,2021,2021A,BS_TOTAL_NONCURRENT_LIABILITIES,BS_TOTAL_NONCURRENT_LIABILITIES,2021::BS_TOTAL_NONCURRENT_LIABILITIES,30269.552,RMB_MILLION,30269.552,RMB_MILLION,1,CAS,GROUP_CONSOLIDATED,DIRECT,ORIGINAL,UNIT_NORMALIZATION_ONLY,SRC051,2021A
2021::BS_TOTAL_LIABILITIES,2021,2021A,BS_TOTAL_LIABILITIES,BS_TOTAL_LIABILITIES,2021::BS_TOTAL_LIABILITIES,253121.028,RMB_MILLION,253121.028,RMB_MILLION,1,CAS,GROUP_CONSOLIDATED,DIRECT,ORIGINAL,UNIT_NORMALIZATION_ONLY,SRC051,2021A
2021::BS_SHARE_CAPITAL,2021,2021A,BS_SHARE_CAPITAL,BS_SHARE_CAPITAL,2021::BS_SHARE_CAPITAL,6986.564,RMB_MILLION,6986.564,RMB_MILLION,1,CAS,GROUP_CONSOLIDATED,DIRECT,ORIGINAL,UNIT_NORMALIZATION_ONLY,SRC051,2021A
2021::BS_CAPITAL_RESERVE,2021,2021A,BS_CAPITAL_RESERVE,BS_CAPITAL_RESERVE,2021::BS_CAPITAL_RESERVE,20516.930,RMB_MILLION,20516.930,RMB_MILLION,1,CAS,GROUP_CONSOLIDATED,DIRECT,ORIGINAL,UNIT_NORMALIZATION_ONLY,SRC051,2021A
2021::BS_TREASURY_SHARES,2021,2021A,BS_TREASURY_SHARES,BS_TREASURY_SHARES,2021::BS_TREASURY_SHARES,-14044.550,RMB_MILLION,-14044.550,RMB_MILLION,1,CAS,GROUP_CONSOLIDATED,DIRECT,ORIGINAL,UNIT_NORMALIZATION_ONLY,SRC051,2021A
2021::BS_OTHER_RESERVES,2021,2021A,BS_OTHER_RESERVES,BS_OTHER_RESERVES,2021::BS_OTHER_RESERVES,8426.417,RMB_MILLION,8426.417,RMB_MILLION,1,CAS,GROUP_CONSOLIDATED,DERIVED,ORIGINAL,UNIT_NORMALIZATION_ONLY,SRC051,2021A
2021::BS_RETAINED_EARNINGS,2021,2021A,BS_RETAINED_EARNINGS,BS_RETAINED_EARNINGS,2021::BS_RETAINED_EARNINGS,102982.763,RMB_MILLION,102982.763,RMB_MILLION,1,CAS,GROUP_CONSOLIDATED,DIRECT,ORIGINAL,UNIT_NORMALIZATION_ONLY,SRC051,2021A
2021::BS_PARENT_EQUITY,2021,2021A,BS_PARENT_EQUITY,BS_PARENT_EQUITY,2021::BS_PARENT_EQUITY,124868.124,RMB_MILLION,124868.124,RMB_MILLION,1,CAS,GROUP_CONSOLIDATED,DIRECT,ORIGINAL,UNIT_NORMALIZATION_ONLY,SRC051,2021A
2021::BS_NCI,2021,2021A,BS_NCI,BS_NCI,2021::BS_NCI,9956.952,RMB_MILLION,9956.952,RMB_MILLION,1,CAS,GROUP_CONSOLIDATED,DIRECT,ORIGINAL,UNIT_NORMALIZATION_ONLY,SRC051,2021A
2021::BS_TOTAL_EQUITY,2021,2021A,BS_TOTAL_EQUITY,BS_TOTAL_EQUITY,2021::BS_TOTAL_EQUITY,134825.076,RMB_MILLION,134825.076,RMB_MILLION,1,CAS,GROUP_CONSOLIDATED,DIRECT,ORIGINAL,UNIT_NORMALIZATION_ONLY,SRC051,2021A
2021::CF_CASH_FROM_SALES,2021,2021A,CF_CASH_FROM_SALES,CF_CASH_FROM_SALES,2021::CF_CASH_FROM_SALES,310489.824,RMB_MILLION,310489.824,RMB_MILLION,1,CAS,GROUP_CONSOLIDATED,DIRECT,ORIGINAL,UNIT_NORMALIZATION_ONLY,SRC051,2021A
2021::CF_CASH_TO_SUPPLIERS,2021,2021A,CF_CASH_TO_SUPPLIERS,CF_CASH_TO_SUPPLIERS,2021::CF_CASH_TO_SUPPLIERS,-209216.044,RMB_MILLION,-209216.044,RMB_MILLION,1,CAS,GROUP_CONSOLIDATED,DIRECT,ORIGINAL,UNIT_NORMALIZATION_ONLY,SRC051,2021A
2021::CF_CASH_TO_EMPLOYEES,2021,2021A,CF_CASH_TO_EMPLOYEES,CF_CASH_TO_EMPLOYEES,2021::CF_CASH_TO_EMPLOYEES,-32095.846,RMB_MILLION,-32095.846,RMB_MILLION,1,CAS,GROUP_CONSOLIDATED,DIRECT,ORIGINAL,UNIT_NORMALIZATION_ONLY,SRC051,2021A
2021::CF_TAXES_PAID,2021,2021A,CF_TAXES_PAID,CF_TAXES_PAID,2021::CF_TAXES_PAID,-15613.276,RMB_MILLION,-15613.276,RMB_MILLION,1,CAS,GROUP_CONSOLIDATED,DIRECT,ORIGINAL,UNIT_NORMALIZATION_ONLY,SRC051,2021A
2021::CF_CFO,2021,2021A,CF_CFO,CF_CFO,2021::CF_CFO,35091.704,RMB_MILLION,35091.704,RMB_MILLION,1,CAS,GROUP_CONSOLIDATED,DIRECT,ORIGINAL,UNIT_NORMALIZATION_ONLY,SRC051,2021A
2021::CF_CAPEX,2021,2021A,CF_CAPEX,CF_CAPEX,2021::CF_CAPEX,-6825.357,RMB_MILLION,-6825.357,RMB_MILLION,1,CAS,GROUP_CONSOLIDATED,DIRECT,ORIGINAL,UNIT_NORMALIZATION_ONLY,SRC051,2021A
2021::CF_ACQUISITION_PAYMENTS,2021,2021A,CF_ACQUISITION_PAYMENTS,CF_ACQUISITION_PAYMENTS,2021::CF_ACQUISITION_PAYMENTS,-2028.912,RMB_MILLION,-2028.912,RMB_MILLION,1,CAS,GROUP_CONSOLIDATED,DIRECT,ORIGINAL,UNIT_NORMALIZATION_ONLY,SRC051,2021A
2021::CF_INVESTMENT_PURCHASES,2021,2021A,CF_INVESTMENT_PURCHASES,CF_INVESTMENT_PURCHASES,2021::CF_INVESTMENT_PURCHASES,-105347.246,RMB_MILLION,-105347.246,RMB_MILLION,1,CAS,GROUP_CONSOLIDATED,DIRECT,ORIGINAL,UNIT_NORMALIZATION_ONLY,SRC051,2021A
2021::CF_INVESTMENT_PROCEEDS,2021,2021A,CF_INVESTMENT_PROCEEDS,CF_INVESTMENT_PROCEEDS,2021::CF_INVESTMENT_PROCEEDS,121628.148,RMB_MILLION,121628.148,RMB_MILLION,1,CAS,GROUP_CONSOLIDATED,DIRECT,ORIGINAL,UNIT_NORMALIZATION_ONLY,SRC051,2021A
2021::CF_CFI,2021,2021A,CF_CFI,CF_CFI,2021::CF_CFI,13599.586,RMB_MILLION,13599.586,RMB_MILLION,1,CAS,GROUP_CONSOLIDATED,DIRECT,ORIGINAL,UNIT_NORMALIZATION_ONLY,SRC051,2021A
2021::CF_DEBT_PROCEEDS,2021,2021A,CF_DEBT_PROCEEDS,CF_DEBT_PROCEEDS,2021::CF_DEBT_PROCEEDS,16033.803,RMB_MILLION,16033.803,RMB_MILLION,1,CAS,GROUP_CONSOLIDATED,DIRECT,ORIGINAL,UNIT_NORMALIZATION_ONLY,SRC051,2021A
2021::CF_DEBT_REPAYMENTS,2021,2021A,CF_DEBT_REPAYMENTS,CF_DEBT_REPAYMENTS,2021::CF_DEBT_REPAYMENTS,-18225.351,RMB_MILLION,-18225.351,RMB_MILLION,1,CAS,GROUP_CONSOLIDATED,DIRECT,ORIGINAL,UNIT_NORMALIZATION_ONLY,SRC051,2021A
2021::CF_DIVIDENDS_INTEREST,2021,2021A,CF_DIVIDENDS_INTEREST,CF_DIVIDENDS_INTEREST,2021::CF_DIVIDENDS_INTEREST,-12894.125,RMB_MILLION,-12894.125,RMB_MILLION,1,CAS,GROUP_CONSOLIDATED,DIRECT,ORIGINAL,UNIT_NORMALIZATION_ONLY,SRC051,2021A
2021::CF_SHARE_REPURCHASES,2021,2021A,CF_SHARE_REPURCHASES,CF_SHARE_REPURCHASES,2021::CF_SHARE_REPURCHASES,-13665.744,RMB_MILLION,-13665.744,RMB_MILLION,1,CAS,GROUP_CONSOLIDATED,DIRECT,ORIGINAL,UNIT_NORMALIZATION_ONLY,SRC051,2021A
2021::CF_CFF,2021,2021A,CF_CFF,CF_CFF,2021::CF_CFF,-31204.539,RMB_MILLION,-31204.539,RMB_MILLION,1,CAS,GROUP_CONSOLIDATED,DIRECT,ORIGINAL,UNIT_NORMALIZATION_ONLY,SRC051,2021A
2021::CF_FX_EFFECT,2021,2021A,CF_FX_EFFECT,CF_FX_EFFECT,2021::CF_FX_EFFECT,-485.220,RMB_MILLION,-485.220,RMB_MILLION,1,CAS,GROUP_CONSOLIDATED,DIRECT,ORIGINAL,UNIT_NORMALIZATION_ONLY,SRC051,2021A
2021::CF_NET_CHANGE_CASH,2021,2021A,CF_NET_CHANGE_CASH,CF_NET_CHANGE_CASH,2021::CF_NET_CHANGE_CASH,17001.531,RMB_MILLION,17001.531,RMB_MILLION,1,CAS,GROUP_CONSOLIDATED,DIRECT,ORIGINAL,UNIT_NORMALIZATION_ONLY,SRC051,2021A
2021::CF_OPENING_CASH,2021,2021A,CF_OPENING_CASH,CF_OPENING_CASH,2021::CF_OPENING_CASH,23548.508,RMB_MILLION,23548.508,RMB_MILLION,1,CAS,GROUP_CONSOLIDATED,DIRECT,ORIGINAL,UNIT_NORMALIZATION_ONLY,SRC051,2021A
2021::CF_CLOSING_CASH,2021,2021A,CF_CLOSING_CASH,CF_CLOSING_CASH,2021::CF_CLOSING_CASH,40550.039,RMB_MILLION,40550.039,RMB_MILLION,1,CAS,GROUP_CONSOLIDATED,DIRECT,ORIGINAL,UNIT_NORMALIZATION_ONLY,SRC051,2021A
2021::NOTE_TOTAL_DA,2021,2021A,NOTE_TOTAL_DA,NOTE_TOTAL_DA,2021::NOTE_TOTAL_DA,6182.852,RMB_MILLION,6182.852,RMB_MILLION,1,CAS,GROUP_CONSOLIDATED,DIRECT,ORIGINAL,UNIT_NORMALIZATION_ONLY,SRC051,2021A
2021::NOTE_FIXED_ASSET_DEPRECIATION,2021,2021A,NOTE_FIXED_ASSET_DEPRECIATION,NOTE_FIXED_ASSET_DEPRECIATION,2021::NOTE_FIXED_ASSET_DEPRECIATION,3230.049,RMB_MILLION,3230.049,RMB_MILLION,1,CAS,GROUP_CONSOLIDATED,DIRECT,ORIGINAL,UNIT_NORMALIZATION_ONLY,SRC051,2021A
2021::NOTE_ROU_DEPRECIATION,2021,2021A,NOTE_ROU_DEPRECIATION,NOTE_ROU_DEPRECIATION,2021::NOTE_ROU_DEPRECIATION,912.458,RMB_MILLION,912.458,RMB_MILLION,1,CAS,GROUP_CONSOLIDATED,DIRECT,ORIGINAL,UNIT_NORMALIZATION_ONLY,SRC051,2021A
2021::NOTE_INTANGIBLE_AMORTIZATION,2021,2021A,NOTE_INTANGIBLE_AMORTIZATION,NOTE_INTANGIBLE_AMORTIZATION,2021::NOTE_INTANGIBLE_AMORTIZATION,1212.553,RMB_MILLION,1212.553,RMB_MILLION,1,CAS,GROUP_CONSOLIDATED,DIRECT,ORIGINAL,UNIT_NORMALIZATION_ONLY,SRC051,2021A
2021::NOTE_PPE_ADDITIONS,2021,2021A,NOTE_PPE_ADDITIONS,NOTE_PPE_ADDITIONS,2021::NOTE_PPE_ADDITIONS,4931.262,RMB_MILLION,4931.262,RMB_MILLION,1,CAS,GROUP_CONSOLIDATED,DERIVED,ORIGINAL,UNIT_NORMALIZATION_ONLY,SRC051,2021A
2021::NOTE_CIP_ADDITIONS,2021,2021A,NOTE_CIP_ADDITIONS,NOTE_CIP_ADDITIONS,2021::NOTE_CIP_ADDITIONS,2381.015,RMB_MILLION,2381.015,RMB_MILLION,1,CAS,GROUP_CONSOLIDATED,DIRECT,ORIGINAL,UNIT_NORMALIZATION_ONLY,SRC051,2021A
2021::NOTE_GOODWILL,2021,2021A,NOTE_GOODWILL,NOTE_GOODWILL,2021::NOTE_GOODWILL,27874.752,RMB_MILLION,27874.752,RMB_MILLION,1,CAS,GROUP_CONSOLIDATED,DIRECT,ORIGINAL,UNIT_NORMALIZATION_ONLY,SRC051,2021A
2021::NOTE_INTANGIBLE_ASSETS,2021,2021A,NOTE_INTANGIBLE_ASSETS,NOTE_INTANGIBLE_ASSETS,2021::NOTE_INTANGIBLE_ASSETS,17173.072,RMB_MILLION,17173.072,RMB_MILLION,1,CAS,GROUP_CONSOLIDATED,DIRECT,ORIGINAL,UNIT_NORMALIZATION_ONLY,SRC051,2021A
2021::NOTE_SHORT_TERM_DEBT,2021,2021A,NOTE_SHORT_TERM_DEBT,NOTE_SHORT_TERM_DEBT,2021::NOTE_SHORT_TERM_DEBT,5381.623,RMB_MILLION,5381.623,RMB_MILLION,1,CAS,GROUP_CONSOLIDATED,DIRECT,ORIGINAL,UNIT_NORMALIZATION_ONLY,SRC051,2021A
2021::NOTE_LONG_TERM_DEBT,2021,2021A,NOTE_LONG_TERM_DEBT,NOTE_LONG_TERM_DEBT,2021::NOTE_LONG_TERM_DEBT,19734.020,RMB_MILLION,19734.020,RMB_MILLION,1,CAS,GROUP_CONSOLIDATED,DIRECT,ORIGINAL,UNIT_NORMALIZATION_ONLY,SRC051,2021A
2021::NOTE_LEASE_LIABILITIES,2021,2021A,NOTE_LEASE_LIABILITIES,NOTE_LEASE_LIABILITIES,2021::NOTE_LEASE_LIABILITIES,2394.055,RMB_MILLION,2394.055,RMB_MILLION,1,CAS,GROUP_CONSOLIDATED,DIRECT,ORIGINAL,UNIT_NORMALIZATION_ONLY,SRC051,2021A
2021::NOTE_CASH_EQUIVALENTS,2021,2021A,NOTE_CASH_EQUIVALENTS,NOTE_CASH_EQUIVALENTS,2021::NOTE_CASH_EQUIVALENTS,40550.039,RMB_MILLION,40550.039,RMB_MILLION,1,CAS,GROUP_CONSOLIDATED,DIRECT,ORIGINAL,UNIT_NORMALIZATION_ONLY,SRC051,2021A
2021::NOTE_RESTRICTED_CASH,2021,2021A,NOTE_RESTRICTED_CASH,NOTE_RESTRICTED_CASH,2021::NOTE_RESTRICTED_CASH,863.611,RMB_MILLION,863.611,RMB_MILLION,1,CAS,GROUP_CONSOLIDATED,DERIVED,ORIGINAL,UNIT_NORMALIZATION_ONLY,SRC051,2021A
2021::NOTE_TERM_DEPOSITS,2021,2021A,NOTE_TERM_DEPOSITS,NOTE_TERM_DEPOSITS,2021::NOTE_TERM_DEPOSITS,29767.516,RMB_MILLION,29767.516,RMB_MILLION,1,CAS,GROUP_CONSOLIDATED,DERIVED,ORIGINAL,UNIT_NORMALIZATION_ONLY,SRC051,2021A
2021::NOTE_FINANCE_INTEREST_INCOME,2021,2021A,NOTE_FINANCE_INTEREST_INCOME,NOTE_FINANCE_INTEREST_INCOME,2021::NOTE_FINANCE_INTEREST_INCOME,5181.658,RMB_MILLION,5181.658,RMB_MILLION,1,CAS,GROUP_CONSOLIDATED,DIRECT,ORIGINAL,UNIT_NORMALIZATION_ONLY,SRC051,2021A
2021::NOTE_FINANCING_INTEREST_EXPENSE,2021,2021A,NOTE_FINANCING_INTEREST_EXPENSE,NOTE_FINANCING_INTEREST_EXPENSE,2021::NOTE_FINANCING_INTEREST_EXPENSE,-1357.564,RMB_MILLION,-1357.564,RMB_MILLION,1,CAS,GROUP_CONSOLIDATED,DIRECT,ORIGINAL,UNIT_NORMALIZATION_ONLY,SRC051,2021A
2021::NOTE_SHARE_BASED_COMPENSATION,2021,2021A,NOTE_SHARE_BASED_COMPENSATION,NOTE_SHARE_BASED_COMPENSATION,2021::NOTE_SHARE_BASED_COMPENSATION,1578.070,RMB_MILLION,1578.070,RMB_MILLION,1,CAS,GROUP_CONSOLIDATED,DIRECT,ORIGINAL,UNIT_NORMALIZATION_ONLY,SRC051,2021A
2021::NOTE_DIVIDENDS,2021,2021A,NOTE_DIVIDENDS,NOTE_DIVIDENDS,2021::NOTE_DIVIDENDS,11052.729,RMB_MILLION,11052.729,RMB_MILLION,1,CAS,GROUP_CONSOLIDATED,DIRECT,ORIGINAL,UNIT_NORMALIZATION_ONLY,SRC051,2021A
2021::NOTE_REPURCHASES,2021,2021A,NOTE_REPURCHASES,NOTE_REPURCHASES,2021::NOTE_REPURCHASES,13665.744,RMB_MILLION,13665.744,RMB_MILLION,1,CAS,GROUP_CONSOLIDATED,DIRECT,ORIGINAL,UNIT_NORMALIZATION_ONLY,SRC051,2021A
2021::NOTE_ACQUISITIONS,2021,2021A,NOTE_ACQUISITIONS,NOTE_ACQUISITIONS,2021::NOTE_ACQUISITIONS,-2028.912,RMB_MILLION,-2028.912,RMB_MILLION,1,CAS,GROUP_CONSOLIDATED,DIRECT,ORIGINAL,UNIT_NORMALIZATION_ONLY,SRC051,2021A
2021::BS_SHORT_TERM_FINANCING_BONDS,2021,2021A,BS_SHORT_TERM_FINANCING_BONDS,BS_SHORT_TERM_FINANCING_BONDS,2021::BS_SHORT_TERM_FINANCING_BONDS,0.000,RMB_MILLION,0.000,RMB_MILLION,1,CAS,GROUP_CONSOLIDATED,DIRECT,ORIGINAL,UNIT_NORMALIZATION_ONLY,SRC051,2021A
2021::NOTE_SHORT_TERM_FINANCING_BONDS,2021,2021A,NOTE_SHORT_TERM_FINANCING_BONDS,NOTE_SHORT_TERM_FINANCING_BONDS,2021::NOTE_SHORT_TERM_FINANCING_BONDS,0.000,RMB_MILLION,0.000,RMB_MILLION,1,CAS,GROUP_CONSOLIDATED,DIRECT,ORIGINAL,UNIT_NORMALIZATION_ONLY,SRC051,2021A
2021::BS_LONG_TERM_BONDS,2021,2021A,BS_LONG_TERM_BONDS,BS_LONG_TERM_BONDS,2021::BS_LONG_TERM_BONDS,0.000,RMB_MILLION,0.000,RMB_MILLION,1,CAS,GROUP_CONSOLIDATED,DIRECT,ORIGINAL,UNIT_NORMALIZATION_ONLY,SRC029,2021A
2021::NOTE_LONG_TERM_BONDS,2021,2021A,NOTE_LONG_TERM_BONDS,NOTE_LONG_TERM_BONDS,2021::NOTE_LONG_TERM_BONDS,0.000,RMB_MILLION,0.000,RMB_MILLION,1,CAS,GROUP_CONSOLIDATED,DIRECT,ORIGINAL,UNIT_NORMALIZATION_ONLY,SRC029,2021A
2021::TOTAL_RESTRICTED_USE_CASH_AND_DEPOSITS,2021,2021A,TOTAL_RESTRICTED_USE_CASH_AND_DEPOSITS,TOTAL_RESTRICTED_USE_CASH_AND_DEPOSITS,2021::TOTAL_RESTRICTED_USE_CASH_AND_DEPOSITS,30631.127,RMB_MILLION,30631.127,RMB_MILLION,1,CAS,GROUP_CONSOLIDATED,DIRECT,ORIGINAL,UNIT_NORMALIZATION_ONLY,SRC051,2021A
2021::BS_CURRENT_LEASE_LIABILITIES,2021,2021A,BS_CURRENT_LEASE_LIABILITIES,BS_CURRENT_LEASE_LIABILITIES,2021::BS_CURRENT_LEASE_LIABILITIES,860.503,RMB_MILLION,860.503,RMB_MILLION,1,CAS,GROUP_CONSOLIDATED,DIRECT,ORIGINAL,UNIT_NORMALIZATION_ONLY,SRC051,2021A
2022::BS_AP,2022,2022A,BS_AP,BS_AP,2022::BS_AP,64233225,RMB_THOUSAND,64233.225,RMB_MILLION,0.001,CAS,GROUP_CONSOLIDATED,DIRECT,ORIGINAL,UNIT_NORMALIZATION_ONLY,,2022A
2022::BS_AR,2022,2022A,BS_AR,BS_AR,2022::BS_AR,28237973,RMB_THOUSAND,28237.973,RMB_MILLION,0.001,CAS,GROUP_CONSOLIDATED,DIRECT,ORIGINAL,UNIT_NORMALIZATION_ONLY,,2022A
2022::BS_CAPITAL_RESERVE,2022,2022A,BS_CAPITAL_RESERVE,BS_CAPITAL_RESERVE,2022::BS_CAPITAL_RESERVE,19693139,RMB_THOUSAND,19693.139,RMB_MILLION,0.001,CAS,GROUP_CONSOLIDATED,DIRECT,ORIGINAL,UNIT_NORMALIZATION_ONLY,,2022A
2022::BS_CASH,2022,2022A,BS_CASH,BS_CASH,2022::BS_CASH,55270099,RMB_THOUSAND,55270.099,RMB_MILLION,0.001,CAS,GROUP_CONSOLIDATED,DIRECT,ORIGINAL,UNIT_NORMALIZATION_ONLY,,2022A
2022::BS_CASH_EQUIVALENTS,2022,2022A,BS_CASH_EQUIVALENTS,BS_CASH_EQUIVALENTS,2022::BS_CASH_EQUIVALENTS,51131968,RMB_THOUSAND,51131.968,RMB_MILLION,0.001,CAS,GROUP_CONSOLIDATED,DIRECT,ORIGINAL,UNIT_NORMALIZATION_ONLY,,2022A
2022::BS_CENTRAL_BANK_BORROWINGS,2022,2022A,BS_CENTRAL_BANK_BORROWINGS,BS_CENTRAL_BANK_BORROWINGS,2022::BS_CENTRAL_BANK_BORROWINGS,0,RMB_THOUSAND,0,RMB_MILLION,0.001,CAS,GROUP_CONSOLIDATED,DIRECT,ORIGINAL,UNIT_NORMALIZATION_ONLY,,2022A
2022::BS_CIP,2022,2022A,BS_CIP,BS_CIP,2022::BS_CIP,3843777,RMB_THOUSAND,3843.777,RMB_MILLION,0.001,CAS,GROUP_CONSOLIDATED,DIRECT,ORIGINAL,UNIT_NORMALIZATION_ONLY,,2022A
2022::BS_CONTRACT_ASSETS,2022,2022A,BS_CONTRACT_ASSETS,BS_CONTRACT_ASSETS,2022::BS_CONTRACT_ASSETS,4498956,RMB_THOUSAND,4498.956,RMB_MILLION,0.001,CAS,GROUP_CONSOLIDATED,DIRECT,ORIGINAL,UNIT_NORMALIZATION_ONLY,,2022A
2022::BS_CONTRACT_LIABILITIES,2022,2022A,BS_CONTRACT_LIABILITIES,BS_CONTRACT_LIABILITIES,2022::BS_CONTRACT_LIABILITIES,27960038,RMB_THOUSAND,27960.038,RMB_MILLION,0.001,CAS,GROUP_CONSOLIDATED,DIRECT,ORIGINAL,UNIT_NORMALIZATION_ONLY,,2022A
2022::BS_CURRENT_LEASE_LIABILITIES,2022,2022A,BS_CURRENT_LEASE_LIABILITIES,BS_CURRENT_LEASE_LIABILITIES,2022::BS_CURRENT_LEASE_LIABILITIES,992142,RMB_THOUSAND,992.142,RMB_MILLION,0.001,CAS,GROUP_CONSOLIDATED,DIRECT,ORIGINAL,UNIT_NORMALIZATION_ONLY,,2022A
2022::BS_CURRENT_LONG_TERM_BORROWINGS,2022,2022A,BS_CURRENT_LONG_TERM_BORROWINGS,BS_CURRENT_LONG_TERM_BORROWINGS,2022::BS_CURRENT_LONG_TERM_BORROWINGS,6248484,RMB_THOUSAND,6248.484,RMB_MILLION,0.001,CAS,GROUP_CONSOLIDATED,DIRECT,ORIGINAL,UNIT_NORMALIZATION_ONLY,,2022A
2022::BS_CURRENT_PORTION_DEBT,2022,2022A,BS_CURRENT_PORTION_DEBT,BS_CURRENT_PORTION_DEBT,2022::BS_CURRENT_PORTION_DEBT,7240626,RMB_THOUSAND,7240.626,RMB_MILLION,0.001,CAS,GROUP_CONSOLIDATED,DIRECT,ORIGINAL,UNIT_NORMALIZATION_ONLY,,2022A
2022::BS_CURRENT_PORTION_NONCURRENT_ASSETS,2022,2022A,BS_CURRENT_PORTION_NONCURRENT_ASSETS,BS_CURRENT_PORTION_NONCURRENT_ASSETS,2022::BS_CURRENT_PORTION_NONCURRENT_ASSETS,37553078,RMB_THOUSAND,37553.078,RMB_MILLION,0.001,CAS,GROUP_CONSOLIDATED,DIRECT,ORIGINAL,UNIT_NORMALIZATION_ONLY,,2022A
2022::BS_CUSTOMER_DEPOSITS,2022,2022A,BS_CUSTOMER_DEPOSITS,BS_CUSTOMER_DEPOSITS,2022::BS_CUSTOMER_DEPOSITS,77469,RMB_THOUSAND,77.469,RMB_MILLION,0.001,CAS,GROUP_CONSOLIDATED,DIRECT,ORIGINAL,UNIT_NORMALIZATION_ONLY,,2022A
2022::BS_DEFERRED_INCOME,2022,2022A,BS_DEFERRED_INCOME,BS_DEFERRED_INCOME,2022::BS_DEFERRED_INCOME,1721092,RMB_THOUSAND,1721.092,RMB_MILLION,0.001,CAS,GROUP_CONSOLIDATED,DIRECT,ORIGINAL,UNIT_NORMALIZATION_ONLY,,2022A
2022::BS_DEFERRED_TAX_ASSETS,2022,2022A,BS_DEFERRED_TAX_ASSETS,BS_DEFERRED_TAX_ASSETS,2022::BS_DEFERRED_TAX_ASSETS,10244296,RMB_THOUSAND,10244.296,RMB_MILLION,0.001,CAS,GROUP_CONSOLIDATED,DIRECT,ORIGINAL,UNIT_NORMALIZATION_ONLY,,2022A
2022::BS_DEFERRED_TAX_LIABILITIES,2022,2022A,BS_DEFERRED_TAX_LIABILITIES,BS_DEFERRED_TAX_LIABILITIES,2022::BS_DEFERRED_TAX_LIABILITIES,4647673,RMB_THOUSAND,4647.673,RMB_MILLION,0.001,CAS,GROUP_CONSOLIDATED,DIRECT,ORIGINAL,UNIT_NORMALIZATION_ONLY,,2022A
2022::BS_DERIVATIVE_FINANCIAL_ASSETS,2022,2022A,BS_DERIVATIVE_FINANCIAL_ASSETS,BS_DERIVATIVE_FINANCIAL_ASSETS,2022::BS_DERIVATIVE_FINANCIAL_ASSETS,665484,RMB_THOUSAND,665.484,RMB_MILLION,0.001,CAS,GROUP_CONSOLIDATED,DIRECT,ORIGINAL,UNIT_NORMALIZATION_ONLY,,2022A
2022::BS_DERIVATIVE_LIABILITIES,2022,2022A,BS_DERIVATIVE_LIABILITIES,BS_DERIVATIVE_LIABILITIES,2022::BS_DERIVATIVE_LIABILITIES,234606,RMB_THOUSAND,234.606,RMB_MILLION,0.001,CAS,GROUP_CONSOLIDATED,DIRECT,ORIGINAL,UNIT_NORMALIZATION_ONLY,,2022A
2022::BS_EMPLOYEE_COMP,2022,2022A,BS_EMPLOYEE_COMP,BS_EMPLOYEE_COMP,2022::BS_EMPLOYEE_COMP,7152217,RMB_THOUSAND,7152.217,RMB_MILLION,0.001,CAS,GROUP_CONSOLIDATED,DIRECT,ORIGINAL,UNIT_NORMALIZATION_ONLY,,2022A
2022::BS_GENERAL_RISK_RESERVE,2022,2022A,BS_GENERAL_RISK_RESERVE,BS_GENERAL_RISK_RESERVE,2022::BS_GENERAL_RISK_RESERVE,671999,RMB_THOUSAND,671.999,RMB_MILLION,0.001,CAS,GROUP_CONSOLIDATED,DIRECT,ORIGINAL,UNIT_NORMALIZATION_ONLY,,2022A
2022::BS_GOODWILL,2022,2022A,BS_GOODWILL,BS_GOODWILL,2022::BS_GOODWILL,28548653,RMB_THOUSAND,28548.653,RMB_MILLION,0.001,CAS,GROUP_CONSOLIDATED,DIRECT,ORIGINAL,UNIT_NORMALIZATION_ONLY,,2022A
2022::BS_INTANGIBLES,2022,2022A,BS_INTANGIBLES,BS_INTANGIBLES,2022::BS_INTANGIBLES,16908915,RMB_THOUSAND,16908.915,RMB_MILLION,0.001,CAS,GROUP_CONSOLIDATED,DIRECT,ORIGINAL,UNIT_NORMALIZATION_ONLY,,2022A
2022::BS_INVENTORY,2022,2022A,BS_INVENTORY,BS_INVENTORY,2022::BS_INVENTORY,46044897,RMB_THOUSAND,46044.897,RMB_MILLION,0.001,CAS,GROUP_CONSOLIDATED,DIRECT,ORIGINAL,UNIT_NORMALIZATION_ONLY,,2022A
2022::BS_INVESTMENT_PROPERTIES,2022,2022A,BS_INVESTMENT_PROPERTIES,BS_INVESTMENT_PROPERTIES,2022::BS_INVESTMENT_PROPERTIES,809936,RMB_THOUSAND,809.936,RMB_MILLION,0.001,CAS,GROUP_CONSOLIDATED,DIRECT,ORIGINAL,UNIT_NORMALIZATION_ONLY,,2022A
2022::BS_LEASE_LIABILITIES,2022,2022A,BS_LEASE_LIABILITIES,BS_LEASE_LIABILITIES,2022::BS_LEASE_LIABILITIES,1507480,RMB_THOUSAND,1507.48,RMB_MILLION,0.001,CAS,GROUP_CONSOLIDATED,DIRECT,ORIGINAL,UNIT_NORMALIZATION_ONLY,,2022A
2022::BS_LEASE_LIABILITIES_CURRENT,2022,2022A,BS_LEASE_LIABILITIES_CURRENT,BS_LEASE_LIABILITIES_CURRENT,2022::BS_LEASE_LIABILITIES_CURRENT,992142,RMB_THOUSAND,992.142,RMB_MILLION,0.001,CAS,GROUP_CONSOLIDATED,DIRECT,ORIGINAL,UNIT_NORMALIZATION_ONLY,,2022A
2022::BS_LEASE_LIABILITIES_NONCURRENT,2022,2022A,BS_LEASE_LIABILITIES_NONCURRENT,BS_LEASE_LIABILITIES_NONCURRENT,2022::BS_LEASE_LIABILITIES_NONCURRENT,1507480,RMB_THOUSAND,1507.48,RMB_MILLION,0.001,CAS,GROUP_CONSOLIDATED,DIRECT,ORIGINAL,UNIT_NORMALIZATION_ONLY,,2022A
2022::BS_LEASE_LIABILITIES_TOTAL,2022,2022A,BS_LEASE_LIABILITIES_TOTAL,BS_LEASE_LIABILITIES_TOTAL,2022::BS_LEASE_LIABILITIES_TOTAL,2499622,RMB_THOUSAND,2499.622,RMB_MILLION,0.001,CAS,GROUP_CONSOLIDATED,DIRECT,ORIGINAL,UNIT_NORMALIZATION_ONLY,,2022A
2022::BS_LOANS_ADVANCES_CURRENT,2022,2022A,BS_LOANS_ADVANCES_CURRENT,BS_LOANS_ADVANCES_CURRENT,2022::BS_LOANS_ADVANCES_CURRENT,14138756,RMB_THOUSAND,14138.756,RMB_MILLION,0.001,CAS,GROUP_CONSOLIDATED,DIRECT,ORIGINAL,UNIT_NORMALIZATION_ONLY,,2022A
2022::BS_LOANS_ADVANCES_NONCURRENT,2022,2022A,BS_LOANS_ADVANCES_NONCURRENT,BS_LOANS_ADVANCES_NONCURRENT,2022::BS_LOANS_ADVANCES_NONCURRENT,693294,RMB_THOUSAND,693.294,RMB_MILLION,0.001,CAS,GROUP_CONSOLIDATED,DIRECT,ORIGINAL,UNIT_NORMALIZATION_ONLY,,2022A
2022::BS_LONG_TERM_BONDS,2022,2022A,BS_LONG_TERM_BONDS,BS_LONG_TERM_BONDS,2022::BS_LONG_TERM_BONDS,3163616,RMB_THOUSAND,3163.616,RMB_MILLION,0.001,CAS,GROUP_CONSOLIDATED,DIRECT,ORIGINAL,UNIT_NORMALIZATION_ONLY,,2022A
2022::BS_LONG_TERM_BORROWINGS,2022,2022A,BS_LONG_TERM_BORROWINGS,BS_LONG_TERM_BORROWINGS,2022::BS_LONG_TERM_BORROWINGS,50685948,RMB_THOUSAND,50685.948,RMB_MILLION,0.001,CAS,GROUP_CONSOLIDATED,DIRECT,ORIGINAL,UNIT_NORMALIZATION_ONLY,,2022A
2022::BS_LONG_TERM_EMPLOYEE_BENEFITS,2022,2022A,BS_LONG_TERM_EMPLOYEE_BENEFITS,BS_LONG_TERM_EMPLOYEE_BENEFITS,2022::BS_LONG_TERM_EMPLOYEE_BENEFITS,1488456,RMB_THOUSAND,1488.456,RMB_MILLION,0.001,CAS,GROUP_CONSOLIDATED,DIRECT,ORIGINAL,UNIT_NORMALIZATION_ONLY,,2022A
2022::BS_LONG_TERM_INVESTMENTS,2022,2022A,BS_LONG_TERM_INVESTMENTS,BS_LONG_TERM_INVESTMENTS,2022::BS_LONG_TERM_INVESTMENTS,5188817,RMB_THOUSAND,5188.817,RMB_MILLION,0.001,CAS,GROUP_CONSOLIDATED,DIRECT,ORIGINAL,UNIT_NORMALIZATION_ONLY,,2022A
2022::BS_LONG_TERM_PREPAID_EXPENSES,2022,2022A,BS_LONG_TERM_PREPAID_EXPENSES,BS_LONG_TERM_PREPAID_EXPENSES,2022::BS_LONG_TERM_PREPAID_EXPENSES,1579899,RMB_THOUSAND,1579.899,RMB_MILLION,0.001,CAS,GROUP_CONSOLIDATED,DIRECT,ORIGINAL,UNIT_NORMALIZATION_ONLY,,2022A
2022::BS_LONG_TERM_RECEIVABLES,2022,2022A,BS_LONG_TERM_RECEIVABLES,BS_LONG_TERM_RECEIVABLES,2022::BS_LONG_TERM_RECEIVABLES,614598,RMB_THOUSAND,614.598,RMB_MILLION,0.001,CAS,GROUP_CONSOLIDATED,DIRECT,ORIGINAL,UNIT_NORMALIZATION_ONLY,,2022A
2022::BS_NCI,2022,2022A,BS_NCI,BS_NCI,2022::BS_NCI,8988566,RMB_THOUSAND,8988.566,RMB_MILLION,0.001,CAS,GROUP_CONSOLIDATED,DIRECT,ORIGINAL,UNIT_NORMALIZATION_ONLY,,2022A
2022::BS_NOTES_PAYABLE,2022,2022A,BS_NOTES_PAYABLE,BS_NOTES_PAYABLE,2022::BS_NOTES_PAYABLE,25572421,RMB_THOUSAND,25572.421,RMB_MILLION,0.001,CAS,GROUP_CONSOLIDATED,DIRECT,ORIGINAL,UNIT_NORMALIZATION_ONLY,,2022A
2022::BS_NOTES_RECEIVABLE,2022,2022A,BS_NOTES_RECEIVABLE,BS_NOTES_RECEIVABLE,2022::BS_NOTES_RECEIVABLE,4758129,RMB_THOUSAND,4758.129,RMB_MILLION,0.001,CAS,GROUP_CONSOLIDATED,DIRECT,ORIGINAL,UNIT_NORMALIZATION_ONLY,,2022A
2022::BS_OCI,2022,2022A,BS_OCI,BS_OCI,2022::BS_OCI,108289,RMB_THOUSAND,108.289,RMB_MILLION,0.001,CAS,GROUP_CONSOLIDATED,DIRECT,ORIGINAL,UNIT_NORMALIZATION_ONLY,,2022A
2022::BS_OTHER_CURRENT_ASSETS,2022,2022A,BS_OTHER_CURRENT_ASSETS,BS_OTHER_CURRENT_ASSETS,2022::BS_OTHER_CURRENT_ASSETS,46542378,RMB_THOUSAND,46542.378,RMB_MILLION,0.001,CAS,GROUP_CONSOLIDATED,DIRECT,ORIGINAL,UNIT_NORMALIZATION_ONLY,,2022A
2022::BS_OTHER_CURRENT_LIABILITIES,2022,2022A,BS_OTHER_CURRENT_LIABILITIES,BS_OTHER_CURRENT_LIABILITIES,2022::BS_OTHER_CURRENT_LIABILITIES,57843528,RMB_THOUSAND,57843.528,RMB_MILLION,0.001,CAS,GROUP_CONSOLIDATED,DIRECT,ORIGINAL,UNIT_NORMALIZATION_ONLY,,2022A
2022::BS_OTHER_DEBT_INVESTMENTS,2022,2022A,BS_OTHER_DEBT_INVESTMENTS,BS_OTHER_DEBT_INVESTMENTS,2022::BS_OTHER_DEBT_INVESTMENTS,11094259,RMB_THOUSAND,11094.259,RMB_MILLION,0.001,CAS,GROUP_CONSOLIDATED,DIRECT,ORIGINAL,UNIT_NORMALIZATION_ONLY,,2022A
2022::BS_OTHER_EQUITY_INSTRUMENTS,2022,2022A,BS_OTHER_EQUITY_INSTRUMENTS,BS_OTHER_EQUITY_INSTRUMENTS,2022::BS_OTHER_EQUITY_INSTRUMENTS,41359,RMB_THOUSAND,41.359,RMB_MILLION,0.001,CAS,GROUP_CONSOLIDATED,DIRECT,ORIGINAL,UNIT_NORMALIZATION_ONLY,,2022A
2022::BS_OTHER_NONCURRENT_ASSETS,2022,2022A,BS_OTHER_NONCURRENT_ASSETS,BS_OTHER_NONCURRENT_ASSETS,2022::BS_OTHER_NONCURRENT_ASSETS,42840079,RMB_THOUSAND,42840.079,RMB_MILLION,0.001,CAS,GROUP_CONSOLIDATED,DIRECT,ORIGINAL,UNIT_NORMALIZATION_ONLY,,2022A
2022::BS_OTHER_NONCURRENT_FINANCIAL_ASSETS,2022,2022A,BS_OTHER_NONCURRENT_FINANCIAL_ASSETS,BS_OTHER_NONCURRENT_FINANCIAL_ASSETS,2022::BS_OTHER_NONCURRENT_FINANCIAL_ASSETS,10625244,RMB_THOUSAND,10625.244,RMB_MILLION,0.001,CAS,GROUP_CONSOLIDATED,DIRECT,ORIGINAL,UNIT_NORMALIZATION_ONLY,,2022A
2022::BS_OTHER_NONCURRENT_LIABILITIES,2022,2022A,BS_OTHER_NONCURRENT_LIABILITIES,BS_OTHER_NONCURRENT_LIABILITIES,2022::BS_OTHER_NONCURRENT_LIABILITIES,680482,RMB_THOUSAND,680.482,RMB_MILLION,0.001,CAS,GROUP_CONSOLIDATED,DIRECT,ORIGINAL,UNIT_NORMALIZATION_ONLY,,2022A
2022::BS_OTHER_PAYABLES,2022,2022A,BS_OTHER_PAYABLES,BS_OTHER_PAYABLES,2022::BS_OTHER_PAYABLES,4322025,RMB_THOUSAND,4322.025,RMB_MILLION,0.001,CAS,GROUP_CONSOLIDATED,DIRECT,ORIGINAL,UNIT_NORMALIZATION_ONLY,,2022A
2022::BS_OTHER_RECEIVABLES,2022,2022A,BS_OTHER_RECEIVABLES,BS_OTHER_RECEIVABLES,2022::BS_OTHER_RECEIVABLES,2211177,RMB_THOUSAND,2211.177,RMB_MILLION,0.001,CAS,GROUP_CONSOLIDATED,DIRECT,ORIGINAL,UNIT_NORMALIZATION_ONLY,,2022A
2022::BS_OTHER_RESERVES,2022,2022A,BS_OTHER_RESERVES,BS_OTHER_RESERVES,2022::BS_OTHER_RESERVES,11499566,RMB_THOUSAND,11499.566,RMB_MILLION,0.001,CAS,GROUP_CONSOLIDATED,DERIVED,ORIGINAL,UNIT_NORMALIZATION_ONLY,,2022A
2022::BS_PARENT_EQUITY,2022,2022A,BS_PARENT_EQUITY,BS_PARENT_EQUITY,2022::BS_PARENT_EQUITY,142935236,RMB_THOUSAND,142935.236,RMB_MILLION,0.001,CAS,GROUP_CONSOLIDATED,DIRECT,ORIGINAL,UNIT_NORMALIZATION_ONLY,,2022A
2022::BS_PPE,2022,2022A,BS_PPE,BS_PPE,2022::BS_PPE,26082992,RMB_THOUSAND,26082.992,RMB_MILLION,0.001,CAS,GROUP_CONSOLIDATED,DIRECT,ORIGINAL,UNIT_NORMALIZATION_ONLY,,2022A
2022::BS_PREPAYMENTS,2022,2022A,BS_PREPAYMENTS,BS_PREPAYMENTS,2022::BS_PREPAYMENTS,4367211,RMB_THOUSAND,4367.211,RMB_MILLION,0.001,CAS,GROUP_CONSOLIDATED,DIRECT,ORIGINAL,UNIT_NORMALIZATION_ONLY,,2022A
2022::BS_PROVISIONS,2022,2022A,BS_PROVISIONS,BS_PROVISIONS,2022::BS_PROVISIONS,394977,RMB_THOUSAND,394.977,RMB_MILLION,0.001,CAS,GROUP_CONSOLIDATED,DIRECT,ORIGINAL,UNIT_NORMALIZATION_ONLY,,2022A
2022::BS_RECEIVABLES_FINANCING,2022,2022A,BS_RECEIVABLES_FINANCING,BS_RECEIVABLES_FINANCING,2022::BS_RECEIVABLES_FINANCING,13526540,RMB_THOUSAND,13526.54,RMB_MILLION,0.001,CAS,GROUP_CONSOLIDATED,DIRECT,ORIGINAL,UNIT_NORMALIZATION_ONLY,,2022A
2022::BS_RESTRICTED_CASH,2022,2022A,BS_RESTRICTED_CASH,BS_RESTRICTED_CASH,2022::BS_RESTRICTED_CASH,2016687,RMB_THOUSAND,2016.687,RMB_MILLION,0.001,CAS,GROUP_CONSOLIDATED,DERIVED,ORIGINAL,UNIT_NORMALIZATION_ONLY,,2022A
2022::BS_RETAINED_EARNINGS,2022,2022A,BS_RETAINED_EARNINGS,BS_RETAINED_EARNINGS,2022::BS_RETAINED_EARNINGS,119679202,RMB_THOUSAND,119679.202,RMB_MILLION,0.001,CAS,GROUP_CONSOLIDATED,DIRECT,ORIGINAL,UNIT_NORMALIZATION_ONLY,,2022A
2022::BS_ROU_ASSETS,2022,2022A,BS_ROU_ASSETS,BS_ROU_ASSETS,2022::BS_ROU_ASSETS,2339878,RMB_THOUSAND,2339.878,RMB_MILLION,0.001,CAS,GROUP_CONSOLIDATED,DIRECT,ORIGINAL,UNIT_NORMALIZATION_ONLY,,2022A
2022::BS_SHARE_CAPITAL,2022,2022A,BS_SHARE_CAPITAL,BS_SHARE_CAPITAL,2022::BS_SHARE_CAPITAL,6997273,RMB_THOUSAND,6997.273,RMB_MILLION,0.001,CAS,GROUP_CONSOLIDATED,DIRECT,ORIGINAL,UNIT_NORMALIZATION_ONLY,,2022A
2022::BS_SHORT_TERM_BORROWING,2022,2022A,BS_SHORT_TERM_BORROWING,BS_SHORT_TERM_BORROWING,2022::BS_SHORT_TERM_BORROWING,5169480,RMB_THOUSAND,5169.48,RMB_MILLION,0.001,CAS,GROUP_CONSOLIDATED,DIRECT,ORIGINAL,UNIT_NORMALIZATION_ONLY,,2022A
2022::BS_SPECIAL_RESERVE,2022,2022A,BS_SPECIAL_RESERVE,BS_SPECIAL_RESERVE,2022::BS_SPECIAL_RESERVE,16350,RMB_THOUSAND,16.35,RMB_MILLION,0.001,CAS,GROUP_CONSOLIDATED,DIRECT,ORIGINAL,UNIT_NORMALIZATION_ONLY,,2022A
2022::BS_SURPLUS_RESERVE,2022,2022A,BS_SURPLUS_RESERVE,BS_SURPLUS_RESERVE,2022::BS_SURPLUS_RESERVE,10702928,RMB_THOUSAND,10702.928,RMB_MILLION,0.001,CAS,GROUP_CONSOLIDATED,DIRECT,ORIGINAL,UNIT_NORMALIZATION_ONLY,,2022A
2022::BS_TAXES_PAYABLE,2022,2022A,BS_TAXES_PAYABLE,BS_TAXES_PAYABLE,2022::BS_TAXES_PAYABLE,4955335,RMB_THOUSAND,4955.335,RMB_MILLION,0.001,CAS,GROUP_CONSOLIDATED,DIRECT,ORIGINAL,UNIT_NORMALIZATION_ONLY,,2022A
2022::BS_TERM_DEPOSITS,2022,2022A,BS_TERM_DEPOSITS,BS_TERM_DEPOSITS,2022::BS_TERM_DEPOSITS,1911210,RMB_THOUSAND,1911.21,RMB_MILLION,0.001,CAS,GROUP_CONSOLIDATED,DERIVED,ORIGINAL,UNIT_NORMALIZATION_ONLY,,2022A
2022::BS_TOTAL_ASSETS,2022,2022A,BS_TOTAL_ASSETS,BS_TOTAL_ASSETS,2022::BS_TOTAL_ASSETS,422555267,RMB_THOUSAND,422555.267,RMB_MILLION,0.001,CAS,GROUP_CONSOLIDATED,DIRECT,ORIGINAL,UNIT_NORMALIZATION_ONLY,,2022A
2022::BS_TOTAL_CURRENT_ASSETS,2022,2022A,BS_TOTAL_CURRENT_ASSETS,BS_TOTAL_CURRENT_ASSETS,2022::BS_TOTAL_CURRENT_ASSETS,261099271,RMB_THOUSAND,261099.271,RMB_MILLION,0.001,CAS,GROUP_CONSOLIDATED,DIRECT,ORIGINAL,UNIT_NORMALIZATION_ONLY,,2022A
2022::BS_TOTAL_CURRENT_LIABILITIES,2022,2022A,BS_TOTAL_CURRENT_LIABILITIES,BS_TOTAL_CURRENT_LIABILITIES,2022::BS_TOTAL_CURRENT_LIABILITIES,206341741,RMB_THOUSAND,206341.741,RMB_MILLION,0.001,CAS,GROUP_CONSOLIDATED,DIRECT,ORIGINAL,UNIT_NORMALIZATION_ONLY,,2022A
2022::BS_TOTAL_EQUITY,2022,2022A,BS_TOTAL_EQUITY,BS_TOTAL_EQUITY,2022::BS_TOTAL_EQUITY,151923802,RMB_THOUSAND,151923.802,RMB_MILLION,0.001,CAS,GROUP_CONSOLIDATED,DIRECT,ORIGINAL,UNIT_NORMALIZATION_ONLY,,2022A
2022::BS_TOTAL_LIABILITIES,2022,2022A,BS_TOTAL_LIABILITIES,BS_TOTAL_LIABILITIES,2022::BS_TOTAL_LIABILITIES,270631465,RMB_THOUSAND,270631.465,RMB_MILLION,0.001,CAS,GROUP_CONSOLIDATED,DIRECT,ORIGINAL,UNIT_NORMALIZATION_ONLY,,2022A
2022::BS_TOTAL_NONCURRENT_ASSETS,2022,2022A,BS_TOTAL_NONCURRENT_ASSETS,BS_TOTAL_NONCURRENT_ASSETS,2022::BS_TOTAL_NONCURRENT_ASSETS,161455996,RMB_THOUSAND,161455.996,RMB_MILLION,0.001,CAS,GROUP_CONSOLIDATED,DIRECT,ORIGINAL,UNIT_NORMALIZATION_ONLY,,2022A
2022::BS_TOTAL_NONCURRENT_LIABILITIES,2022,2022A,BS_TOTAL_NONCURRENT_LIABILITIES,BS_TOTAL_NONCURRENT_LIABILITIES,2022::BS_TOTAL_NONCURRENT_LIABILITIES,64289724,RMB_THOUSAND,64289.724,RMB_MILLION,0.001,CAS,GROUP_CONSOLIDATED,DIRECT,ORIGINAL,UNIT_NORMALIZATION_ONLY,,2022A
2022::BS_TRADING_FINANCIAL_ASSETS,2022,2022A,BS_TRADING_FINANCIAL_ASSETS,BS_TRADING_FINANCIAL_ASSETS,2022::BS_TRADING_FINANCIAL_ASSETS,3284593,RMB_THOUSAND,3284.593,RMB_MILLION,0.001,CAS,GROUP_CONSOLIDATED,DIRECT,ORIGINAL,UNIT_NORMALIZATION_ONLY,,2022A
2022::BS_TRADING_FINANCIAL_LIABILITIES,2022,2022A,BS_TRADING_FINANCIAL_LIABILITIES,BS_TRADING_FINANCIAL_LIABILITIES,2022::BS_TRADING_FINANCIAL_LIABILITIES,1580771,RMB_THOUSAND,1580.771,RMB_MILLION,0.001,CAS,GROUP_CONSOLIDATED,DIRECT,ORIGINAL,UNIT_NORMALIZATION_ONLY,,2022A
2022::BS_TREASURY_SHARES,2022,2022A,BS_TREASURY_SHARES,BS_TREASURY_SHARES,2022::BS_TREASURY_SHARES,-14933944,RMB_THOUSAND,-14933.944,RMB_MILLION,0.001,CAS,GROUP_CONSOLIDATED,DIRECT,ORIGINAL,UNIT_NORMALIZATION_ONLY,,2022A
2022::CF_ACQUISITION_PAYMENTS,2022,2022A,CF_ACQUISITION_PAYMENTS,CF_ACQUISITION_PAYMENTS,2022::CF_ACQUISITION_PAYMENTS,-962148,RMB_THOUSAND,-962.148,RMB_MILLION,0.001,CAS,GROUP_CONSOLIDATED,DIRECT,ORIGINAL,UNIT_NORMALIZATION_ONLY,,2022A
2022::CF_CAPEX,2022,2022A,CF_CAPEX,CF_CAPEX,2022::CF_CAPEX,-7352115,RMB_THOUSAND,-7352.115,RMB_MILLION,0.001,CAS,GROUP_CONSOLIDATED,DIRECT,ORIGINAL,UNIT_NORMALIZATION_ONLY,,2022A
2022::CF_CAPITAL_CONTRIBUTIONS,2022,2022A,CF_CAPITAL_CONTRIBUTIONS,CF_CAPITAL_CONTRIBUTIONS,2022::CF_CAPITAL_CONTRIBUTIONS,1348283,RMB_THOUSAND,1348.283,RMB_MILLION,0.001,CAS,GROUP_CONSOLIDATED,DIRECT,ORIGINAL,UNIT_NORMALIZATION_ONLY,,2022A
2022::CF_CASH_FROM_SALES,2022,2022A,CF_CASH_FROM_SALES,CF_CASH_FROM_SALES,2022::CF_CASH_FROM_SALES,316997825,RMB_THOUSAND,316997.825,RMB_MILLION,0.001,CAS,GROUP_CONSOLIDATED,DIRECT,ORIGINAL,UNIT_NORMALIZATION_ONLY,,2022A
2022::CF_CASH_TO_EMPLOYEES,2022,2022A,CF_CASH_TO_EMPLOYEES,CF_CASH_TO_EMPLOYEES,2022::CF_CASH_TO_EMPLOYEES,-35674963,RMB_THOUSAND,-35674.963,RMB_MILLION,0.001,CAS,GROUP_CONSOLIDATED,DIRECT,ORIGINAL,UNIT_NORMALIZATION_ONLY,,2022A
2022::CF_CASH_TO_SUPPLIERS,2022,2022A,CF_CASH_TO_SUPPLIERS,CF_CASH_TO_SUPPLIERS,2022::CF_CASH_TO_SUPPLIERS,-221345706,RMB_THOUSAND,-221345.706,RMB_MILLION,0.001,CAS,GROUP_CONSOLIDATED,DIRECT,ORIGINAL,UNIT_NORMALIZATION_ONLY,,2022A
2022::CF_CENTRAL_BANK_BORROWINGS_DECREASE,2022,2022A,CF_CENTRAL_BANK_BORROWINGS_DECREASE,CF_CENTRAL_BANK_BORROWINGS_DECREASE,2022::CF_CENTRAL_BANK_BORROWINGS_DECREASE,-178878,RMB_THOUSAND,-178.878,RMB_MILLION,0.001,CAS,GROUP_CONSOLIDATED,DIRECT,ORIGINAL,UNIT_NORMALIZATION_ONLY,,2022A
2022::CF_CENTRAL_BANK_BORROWINGS_INCREASE,2022,2022A,CF_CENTRAL_BANK_BORROWINGS_INCREASE,CF_CENTRAL_BANK_BORROWINGS_INCREASE,2022::CF_CENTRAL_BANK_BORROWINGS_INCREASE,0,RMB_THOUSAND,0,RMB_MILLION,0.001,CAS,GROUP_CONSOLIDATED,DIRECT,ORIGINAL,UNIT_NORMALIZATION_ONLY,,2022A
2022::CF_CENTRAL_BANK_DEPOSITS_DECREASE,2022,2022A,CF_CENTRAL_BANK_DEPOSITS_DECREASE,CF_CENTRAL_BANK_DEPOSITS_DECREASE,2022::CF_CENTRAL_BANK_DEPOSITS_DECREASE,91309,RMB_THOUSAND,91.309,RMB_MILLION,0.001,CAS,GROUP_CONSOLIDATED,DIRECT,ORIGINAL,UNIT_NORMALIZATION_ONLY,,2022A
2022::CF_CFF,2022,2022A,CF_CFF,CF_CFF,2022::CF_CFF,-10854881,RMB_THOUSAND,-10854.881,RMB_MILLION,0.001,CAS,GROUP_CONSOLIDATED,DIRECT,ORIGINAL,UNIT_NORMALIZATION_ONLY,,2022A
2022::CF_CFI,2022,2022A,CF_CFI,CF_CFI,2022::CF_CFI,-13509510,RMB_THOUSAND,-13509.51,RMB_MILLION,0.001,CAS,GROUP_CONSOLIDATED,DIRECT,ORIGINAL,UNIT_NORMALIZATION_ONLY,,2022A
2022::CF_CFO,2022,2022A,CF_CFO,CF_CFO,2022::CF_CFO,34657828,RMB_THOUSAND,34657.828,RMB_MILLION,0.001,CAS,GROUP_CONSOLIDATED,DIRECT,ORIGINAL,UNIT_NORMALIZATION_ONLY,,2022A
2022::CF_CLOSING_CASH,2022,2022A,CF_CLOSING_CASH,CF_CLOSING_CASH,2022::CF_CLOSING_CASH,51131968,RMB_THOUSAND,51131.968,RMB_MILLION,0.001,CAS,GROUP_CONSOLIDATED,DIRECT,ORIGINAL,UNIT_NORMALIZATION_ONLY,,2022A
2022::CF_CUSTOMER_DEPOSITS_DECREASE,2022,2022A,CF_CUSTOMER_DEPOSITS_DECREASE,CF_CUSTOMER_DEPOSITS_DECREASE,2022::CF_CUSTOMER_DEPOSITS_DECREASE,-711,RMB_THOUSAND,-0.711,RMB_MILLION,0.001,CAS,GROUP_CONSOLIDATED,DIRECT,ORIGINAL,UNIT_NORMALIZATION_ONLY,,2022A
2022::CF_DEBENTURE_ISSUANCE,2022,2022A,CF_DEBENTURE_ISSUANCE,CF_DEBENTURE_ISSUANCE,2022::CF_DEBENTURE_ISSUANCE,2845196,RMB_THOUSAND,2845.196,RMB_MILLION,0.001,CAS,GROUP_CONSOLIDATED,DIRECT,ORIGINAL,UNIT_NORMALIZATION_ONLY,,2022A
2022::CF_DEBT_PROCEEDS,2022,2022A,CF_DEBT_PROCEEDS,CF_DEBT_PROCEEDS,2022::CF_DEBT_PROCEEDS,46476320,RMB_THOUSAND,46476.32,RMB_MILLION,0.001,CAS,GROUP_CONSOLIDATED,DIRECT,ORIGINAL,UNIT_NORMALIZATION_ONLY,,2022A
2022::CF_DEBT_REPAYMENTS,2022,2022A,CF_DEBT_REPAYMENTS,CF_DEBT_REPAYMENTS,2022::CF_DEBT_REPAYMENTS,-40920787,RMB_THOUSAND,-40920.787,RMB_MILLION,0.001,CAS,GROUP_CONSOLIDATED,DIRECT,ORIGINAL,UNIT_NORMALIZATION_ONLY,,2022A
2022::CF_DIVIDENDS_INTEREST,2022,2022A,CF_DIVIDENDS_INTEREST,CF_DIVIDENDS_INTEREST,2022::CF_DIVIDENDS_INTEREST,-13740037,RMB_THOUSAND,-13740.037,RMB_MILLION,0.001,CAS,GROUP_CONSOLIDATED,DIRECT,ORIGINAL,UNIT_NORMALIZATION_ONLY,,2022A
2022::CF_FIXED_ASSET_DISPOSAL_PROCEEDS,2022,2022A,CF_FIXED_ASSET_DISPOSAL_PROCEEDS,CF_FIXED_ASSET_DISPOSAL_PROCEEDS,2022::CF_FIXED_ASSET_DISPOSAL_PROCEEDS,239226,RMB_THOUSAND,239.226,RMB_MILLION,0.001,CAS,GROUP_CONSOLIDATED,DIRECT,ORIGINAL,UNIT_NORMALIZATION_ONLY,,2022A
2022::CF_FX_EFFECT,2022,2022A,CF_FX_EFFECT,CF_FX_EFFECT,2022::CF_FX_EFFECT,288492,RMB_THOUSAND,288.492,RMB_MILLION,0.001,CAS,GROUP_CONSOLIDATED,DIRECT,ORIGINAL,UNIT_NORMALIZATION_ONLY,,2022A
2022::CF_INTEREST_FEES_PAID,2022,2022A,CF_INTEREST_FEES_PAID,CF_INTEREST_FEES_PAID,2022::CF_INTEREST_FEES_PAID,-57141,RMB_THOUSAND,-57.141,RMB_MILLION,0.001,CAS,GROUP_CONSOLIDATED,DIRECT,ORIGINAL,UNIT_NORMALIZATION_ONLY,,2022A
2022::CF_INTEREST_FEES_RECEIVED,2022,2022A,CF_INTEREST_FEES_RECEIVED,CF_INTEREST_FEES_RECEIVED,2022::CF_INTEREST_FEES_RECEIVED,1788062,RMB_THOUSAND,1788.062,RMB_MILLION,0.001,CAS,GROUP_CONSOLIDATED,DIRECT,ORIGINAL,UNIT_NORMALIZATION_ONLY,,2022A
2022::CF_INVESTMENT_PROCEEDS,2022,2022A,CF_INVESTMENT_PROCEEDS,CF_INVESTMENT_PROCEEDS,2022::CF_INVESTMENT_PROCEEDS,98564716,RMB_THOUSAND,98564.716,RMB_MILLION,0.001,CAS,GROUP_CONSOLIDATED,DIRECT,ORIGINAL,UNIT_NORMALIZATION_ONLY,,2022A
2022::CF_INVESTMENT_PURCHASES,2022,2022A,CF_INVESTMENT_PURCHASES,CF_INVESTMENT_PURCHASES,2022::CF_INVESTMENT_PURCHASES,-108149195,RMB_THOUSAND,-108149.195,RMB_MILLION,0.001,CAS,GROUP_CONSOLIDATED,DIRECT,ORIGINAL,UNIT_NORMALIZATION_ONLY,,2022A
2022::CF_INVESTMENT_RETURNS,2022,2022A,CF_INVESTMENT_RETURNS,CF_INVESTMENT_RETURNS,2022::CF_INVESTMENT_RETURNS,3800095,RMB_THOUSAND,3800.095,RMB_MILLION,0.001,CAS,GROUP_CONSOLIDATED,DIRECT,ORIGINAL,UNIT_NORMALIZATION_ONLY,,2022A
2022::CF_LOANS_ADVANCES_DECREASE,2022,2022A,CF_LOANS_ADVANCES_DECREASE,CF_LOANS_ADVANCES_DECREASE,2022::CF_LOANS_ADVANCES_DECREASE,6660035,RMB_THOUSAND,6660.035,RMB_MILLION,0.001,CAS,GROUP_CONSOLIDATED,DIRECT,ORIGINAL,UNIT_NORMALIZATION_ONLY,,2022A
2022::CF_LOANS_ADVANCES_INCREASE,2022,2022A,CF_LOANS_ADVANCES_INCREASE,CF_LOANS_ADVANCES_INCREASE,2022::CF_LOANS_ADVANCES_INCREASE,0,RMB_THOUSAND,0,RMB_MILLION,0.001,CAS,GROUP_CONSOLIDATED,DIRECT,ORIGINAL,UNIT_NORMALIZATION_ONLY,,2022A
2022::CF_MINORITY_ACQUISITIONS,2022,2022A,CF_MINORITY_ACQUISITIONS,CF_MINORITY_ACQUISITIONS,2022::CF_MINORITY_ACQUISITIONS,-2773676,RMB_THOUSAND,-2773.676,RMB_MILLION,0.001,CAS,GROUP_CONSOLIDATED,DIRECT,ORIGINAL,UNIT_NORMALIZATION_ONLY,,2022A
2022::CF_NET_CHANGE_CASH,2022,2022A,CF_NET_CHANGE_CASH,CF_NET_CHANGE_CASH,2022::CF_NET_CHANGE_CASH,10581929,RMB_THOUSAND,10581.929,RMB_MILLION,0.001,CAS,GROUP_CONSOLIDATED,DIRECT,ORIGINAL,UNIT_NORMALIZATION_ONLY,,2022A
2022::CF_OPENING_CASH,2022,2022A,CF_OPENING_CASH,CF_OPENING_CASH,2022::CF_OPENING_CASH,40550039,RMB_THOUSAND,40550.039,RMB_MILLION,0.001,CAS,GROUP_CONSOLIDATED,DIRECT,ORIGINAL,UNIT_NORMALIZATION_ONLY,,2022A
2022::CF_OTHER_FINANCING_PAYMENTS,2022,2022A,CF_OTHER_FINANCING_PAYMENTS,CF_OTHER_FINANCING_PAYMENTS,2022::CF_OTHER_FINANCING_PAYMENTS,-6933519,RMB_THOUSAND,-6933.519,RMB_MILLION,0.001,CAS,GROUP_CONSOLIDATED,DIRECT,ORIGINAL,UNIT_NORMALIZATION_ONLY,,2022A
2022::CF_OTHER_FINANCING_RECEIPTS,2022,2022A,CF_OTHER_FINANCING_RECEIPTS,CF_OTHER_FINANCING_RECEIPTS,2022::CF_OTHER_FINANCING_RECEIPTS,70163,RMB_THOUSAND,70.163,RMB_MILLION,0.001,CAS,GROUP_CONSOLIDATED,DIRECT,ORIGINAL,UNIT_NORMALIZATION_ONLY,,2022A
2022::CF_OTHER_INVESTING_RECEIPTS,2022,2022A,CF_OTHER_INVESTING_RECEIPTS,CF_OTHER_INVESTING_RECEIPTS,2022::CF_OTHER_INVESTING_RECEIPTS,335082,RMB_THOUSAND,335.082,RMB_MILLION,0.001,CAS,GROUP_CONSOLIDATED,DIRECT,ORIGINAL,UNIT_NORMALIZATION_ONLY,,2022A
2022::CF_OTHER_OPERATING_PAYMENTS,2022,2022A,CF_OTHER_OPERATING_PAYMENTS,CF_OTHER_OPERATING_PAYMENTS,2022::CF_OTHER_OPERATING_PAYMENTS,-34465507,RMB_THOUSAND,-34465.507,RMB_MILLION,0.001,CAS,GROUP_CONSOLIDATED,DIRECT,ORIGINAL,UNIT_NORMALIZATION_ONLY,,2022A
2022::CF_OTHER_OPERATING_RECEIPTS,2022,2022A,CF_OTHER_OPERATING_RECEIPTS,CF_OTHER_OPERATING_RECEIPTS,2022::CF_OTHER_OPERATING_RECEIPTS,7295957,RMB_THOUSAND,7295.957,RMB_MILLION,0.001,CAS,GROUP_CONSOLIDATED,DIRECT,ORIGINAL,UNIT_NORMALIZATION_ONLY,,2022A
2022::CF_SHARE_REPURCHASES,2022,2022A,CF_SHARE_REPURCHASES,CF_SHARE_REPURCHASES,2022::CF_SHARE_REPURCHASES,-2637021,RMB_THOUSAND,-2637.021,RMB_MILLION,0.001,CAS,GROUP_CONSOLIDATED,DIRECT,ORIGINAL,UNIT_NORMALIZATION_ONLY,,2022A
2022::CF_SHORT_TERM_BOND_ISSUANCE,2022,2022A,CF_SHORT_TERM_BOND_ISSUANCE,CF_SHORT_TERM_BOND_ISSUANCE,2022::CF_SHORT_TERM_BOND_ISSUANCE,3999500,RMB_THOUSAND,3999.5,RMB_MILLION,0.001,CAS,GROUP_CONSOLIDATED,DIRECT,ORIGINAL,UNIT_NORMALIZATION_ONLY,,2022A
2022::CF_SHORT_TERM_BOND_REDEMPTION,2022,2022A,CF_SHORT_TERM_BOND_REDEMPTION,CF_SHORT_TERM_BOND_REDEMPTION,2022::CF_SHORT_TERM_BOND_REDEMPTION,-4000000,RMB_THOUSAND,-4000,RMB_MILLION,0.001,CAS,GROUP_CONSOLIDATED,DIRECT,ORIGINAL,UNIT_NORMALIZATION_ONLY,,2022A
2022::CF_SUBSIDIARY_DISPOSAL_PROCEEDS,2022,2022A,CF_SUBSIDIARY_DISPOSAL_PROCEEDS,CF_SUBSIDIARY_DISPOSAL_PROCEEDS,2022::CF_SUBSIDIARY_DISPOSAL_PROCEEDS,14829,RMB_THOUSAND,14.829,RMB_MILLION,0.001,CAS,GROUP_CONSOLIDATED,DIRECT,ORIGINAL,UNIT_NORMALIZATION_ONLY,,2022A
2022::CF_TAXES_PAID,2022,2022A,CF_TAXES_PAID,CF_TAXES_PAID,2022::CF_TAXES_PAID,-17387253,RMB_THOUSAND,-17387.253,RMB_MILLION,0.001,CAS,GROUP_CONSOLIDATED,DIRECT,ORIGINAL,UNIT_NORMALIZATION_ONLY,,2022A
2022::CF_TAX_REFUNDS,2022,2022A,CF_TAX_REFUNDS,CF_TAX_REFUNDS,2022::CF_TAX_REFUNDS,10934799,RMB_THOUSAND,10934.799,RMB_MILLION,0.001,CAS,GROUP_CONSOLIDATED,DIRECT,ORIGINAL,UNIT_NORMALIZATION_ONLY,,2022A
2022::IS_ADJUSTED_ATTRIBUTABLE_NI,2022,2022A,IS_ADJUSTED_ATTRIBUTABLE_NI,IS_ADJUSTED_ATTRIBUTABLE_NI,2022::IS_ADJUSTED_ATTRIBUTABLE_NI,28607973,RMB_THOUSAND,28607.973,RMB_MILLION,0.001,CAS,GROUP_CONSOLIDATED,DIRECT,ORIGINAL,UNIT_NORMALIZATION_ONLY,,2022A
2022::IS_ADMIN_EXPENSE,2022,2022A,IS_ADMIN_EXPENSE,IS_ADMIN_EXPENSE,2022::IS_ADMIN_EXPENSE,-11582664,RMB_THOUSAND,-11582.664,RMB_MILLION,0.001,CAS,GROUP_CONSOLIDATED,DIRECT,ORIGINAL,UNIT_NORMALIZATION_ONLY,,2022A
2022::IS_ASSET_DISPOSAL,2022,2022A,IS_ASSET_DISPOSAL,IS_ASSET_DISPOSAL,2022::IS_ASSET_DISPOSAL,-59854,RMB_THOUSAND,-59.854,RMB_MILLION,0.001,CAS,GROUP_CONSOLIDATED,DIRECT,ORIGINAL,UNIT_NORMALIZATION_ONLY,,2022A
2022::IS_ASSET_IMPAIRMENT,2022,2022A,IS_ASSET_IMPAIRMENT,IS_ASSET_IMPAIRMENT,2022::IS_ASSET_IMPAIRMENT,-533363,RMB_THOUSAND,-533.363,RMB_MILLION,0.001,CAS,GROUP_CONSOLIDATED,DIRECT,ORIGINAL,UNIT_NORMALIZATION_ONLY,,2022A
2022::IS_ASSOCIATE_INVESTMENT_INCOME,2022,2022A,IS_ASSOCIATE_INVESTMENT_INCOME,IS_ASSOCIATE_INVESTMENT_INCOME,2022::IS_ASSOCIATE_INVESTMENT_INCOME,608278,RMB_THOUSAND,608.278,RMB_MILLION,0.001,CAS,GROUP_CONSOLIDATED,DIRECT,ORIGINAL,UNIT_NORMALIZATION_ONLY,,2022A
2022::IS_ATTRIBUTABLE_NI,2022,2022A,IS_ATTRIBUTABLE_NI,IS_ATTRIBUTABLE_NI,2022::IS_ATTRIBUTABLE_NI,29553507,RMB_THOUSAND,29553.507,RMB_MILLION,0.001,CAS,GROUP_CONSOLIDATED,DIRECT,ORIGINAL,UNIT_NORMALIZATION_ONLY,,2022A
2022::IS_BASIC_EPS,2022,2022A,IS_BASIC_EPS,IS_BASIC_EPS,2022::IS_BASIC_EPS,4.34,RMB_YUAN_PER_SHARE,4.34,RMB_YUAN_PER_SHARE,1,CAS,GROUP_CONSOLIDATED,DIRECT,ORIGINAL,UNIT_NORMALIZATION_ONLY,,2022A
2022::IS_CREDIT_IMPAIRMENT,2022,2022A,IS_CREDIT_IMPAIRMENT,IS_CREDIT_IMPAIRMENT,2022::IS_CREDIT_IMPAIRMENT,-513686,RMB_THOUSAND,-513.686,RMB_MILLION,0.001,CAS,GROUP_CONSOLIDATED,DIRECT,ORIGINAL,UNIT_NORMALIZATION_ONLY,,2022A
2022::IS_DILUTED_EPS,2022,2022A,IS_DILUTED_EPS,IS_DILUTED_EPS,2022::IS_DILUTED_EPS,4.33,RMB_YUAN_PER_SHARE,4.33,RMB_YUAN_PER_SHARE,1,CAS,GROUP_CONSOLIDATED,DIRECT,ORIGINAL,UNIT_NORMALIZATION_ONLY,,2022A
2022::IS_FAIR_VALUE_CHANGE,2022,2022A,IS_FAIR_VALUE_CHANGE,IS_FAIR_VALUE_CHANGE,2022::IS_FAIR_VALUE_CHANGE,-251171,RMB_THOUSAND,-251.171,RMB_MILLION,0.001,CAS,GROUP_CONSOLIDATED,DIRECT,ORIGINAL,UNIT_NORMALIZATION_ONLY,,2022A
2022::IS_FEE_COMMISSION_EXPENSE,2022,2022A,IS_FEE_COMMISSION_EXPENSE,IS_FEE_COMMISSION_EXPENSE,2022::IS_FEE_COMMISSION_EXPENSE,-7681,RMB_THOUSAND,-7.681,RMB_MILLION,0.001,CAS,GROUP_CONSOLIDATED,DIRECT,ORIGINAL,UNIT_NORMALIZATION_ONLY,,2022A
2022::IS_FEE_COMMISSION_INCOME,2022,2022A,IS_FEE_COMMISSION_INCOME,IS_FEE_COMMISSION_INCOME,2022::IS_FEE_COMMISSION_INCOME,721,RMB_THOUSAND,0.721,RMB_MILLION,0.001,CAS,GROUP_CONSOLIDATED,DIRECT,ORIGINAL,UNIT_NORMALIZATION_ONLY,,2022A
2022::IS_FINANCE_INTEREST_INCOME,2022,2022A,IS_FINANCE_INTEREST_INCOME,IS_FINANCE_INTEREST_INCOME,2022::IS_FINANCE_INTEREST_INCOME,5837713,RMB_THOUSAND,5837.713,RMB_MILLION,0.001,CAS,GROUP_CONSOLIDATED,DIRECT,ORIGINAL,UNIT_NORMALIZATION_ONLY,,2022A
2022::IS_FINANCE_RESULT,2022,2022A,IS_FINANCE_RESULT,IS_FINANCE_RESULT,2022::IS_FINANCE_RESULT,3387491,RMB_THOUSAND,3387.491,RMB_MILLION,0.001,CAS,GROUP_CONSOLIDATED,DIRECT,ORIGINAL,UNIT_NORMALIZATION_ONLY,,2022A
2022::IS_FINANCIAL_BUSINESS_INTEREST_COST,2022,2022A,IS_FINANCIAL_BUSINESS_INTEREST_COST,IS_FINANCIAL_BUSINESS_INTEREST_COST,2022::IS_FINANCIAL_BUSINESS_INTEREST_COST,-49461,RMB_THOUSAND,-49.461,RMB_MILLION,0.001,CAS,GROUP_CONSOLIDATED,DIRECT,ORIGINAL,UNIT_NORMALIZATION_ONLY,,2022A
2022::IS_FINANCIAL_BUSINESS_INTEREST_INCOME,2022,2022A,IS_FINANCIAL_BUSINESS_INTEREST_INCOME,IS_FINANCIAL_BUSINESS_INTEREST_INCOME,2022::IS_FINANCIAL_BUSINESS_INTEREST_INCOME,1790454,RMB_THOUSAND,1790.454,RMB_MILLION,0.001,CAS,GROUP_CONSOLIDATED,DIRECT,ORIGINAL,UNIT_NORMALIZATION_ONLY,,2022A
2022::IS_FINANCING_INTEREST_EXPENSE,2022,2022A,IS_FINANCING_INTEREST_EXPENSE,IS_FINANCING_INTEREST_EXPENSE,2022::IS_FINANCING_INTEREST_EXPENSE,-1830915,RMB_THOUSAND,-1830.915,RMB_MILLION,0.001,CAS,GROUP_CONSOLIDATED,DIRECT,ORIGINAL,UNIT_NORMALIZATION_ONLY,,2022A
2022::IS_INCOME_TAX,2022,2022A,IS_INCOME_TAX,IS_INCOME_TAX,2022::IS_INCOME_TAX,-5145700,RMB_THOUSAND,-5145.7,RMB_MILLION,0.001,CAS,GROUP_CONSOLIDATED,DIRECT,ORIGINAL,UNIT_NORMALIZATION_ONLY,,2022A
2022::IS_INVESTMENT_INCOME,2022,2022A,IS_INVESTMENT_INCOME,IS_INVESTMENT_INCOME,2022::IS_INVESTMENT_INCOME,208054,RMB_THOUSAND,208.054,RMB_MILLION,0.001,CAS,GROUP_CONSOLIDATED,DIRECT,ORIGINAL,UNIT_NORMALIZATION_ONLY,,2022A
2022::IS_LEASE_INTEREST_EXPENSE,2022,2022A,IS_LEASE_INTEREST_EXPENSE,IS_LEASE_INTEREST_EXPENSE,2022::IS_LEASE_INTEREST_EXPENSE,-111773,RMB_THOUSAND,-111.773,RMB_MILLION,0.001,CAS,GROUP_CONSOLIDATED,DIRECT,ORIGINAL,UNIT_NORMALIZATION_ONLY,,2022A
2022::IS_NCI_PROFIT,2022,2022A,IS_NCI_PROFIT,IS_NCI_PROFIT,2022::IS_NCI_PROFIT,256724,RMB_THOUSAND,256.724,RMB_MILLION,0.001,CAS,GROUP_CONSOLIDATED,DIRECT,ORIGINAL,UNIT_NORMALIZATION_ONLY,,2022A
2022::IS_NET_PROFIT,2022,2022A,IS_NET_PROFIT,IS_NET_PROFIT,2022::IS_NET_PROFIT,29810231,RMB_THOUSAND,29810.231,RMB_MILLION,0.001,CAS,GROUP_CONSOLIDATED,DIRECT,ORIGINAL,UNIT_NORMALIZATION_ONLY,,2022A
2022::IS_NONOPERATING_EXPENSE,2022,2022A,IS_NONOPERATING_EXPENSE,IS_NONOPERATING_EXPENSE,2022::IS_NONOPERATING_EXPENSE,-202747,RMB_THOUSAND,-202.747,RMB_MILLION,0.001,CAS,GROUP_CONSOLIDATED,DIRECT,ORIGINAL,UNIT_NORMALIZATION_ONLY,,2022A
2022::IS_NONOPERATING_INCOME,2022,2022A,IS_NONOPERATING_INCOME,IS_NONOPERATING_INCOME,2022::IS_NONOPERATING_INCOME,395406,RMB_THOUSAND,395.406,RMB_MILLION,0.001,CAS,GROUP_CONSOLIDATED,DIRECT,ORIGINAL,UNIT_NORMALIZATION_ONLY,,2022A
2022::IS_OPERATING_COST,2022,2022A,IS_OPERATING_COST,IS_OPERATING_COST,2022::IS_OPERATING_COST,-260538701,RMB_THOUSAND,-260538.701,RMB_MILLION,0.001,CAS,GROUP_CONSOLIDATED,DIRECT,ORIGINAL,UNIT_NORMALIZATION_ONLY,,2022A
2022::IS_OPERATING_PROFIT,2022,2022A,IS_OPERATING_PROFIT,IS_OPERATING_PROFIT,2022::IS_OPERATING_PROFIT,34763272,RMB_THOUSAND,34763.272,RMB_MILLION,0.001,CAS,GROUP_CONSOLIDATED,DIRECT,ORIGINAL,UNIT_NORMALIZATION_ONLY,,2022A
2022::IS_OPERATING_REVENUE,2022,2022A,IS_OPERATING_REVENUE,IS_OPERATING_REVENUE,2022::IS_OPERATING_REVENUE,343917531,RMB_THOUSAND,343917.531,RMB_MILLION,0.001,CAS,GROUP_CONSOLIDATED,DIRECT,ORIGINAL,UNIT_NORMALIZATION_ONLY,,2022A
2022::IS_OTHER_INCOME,2022,2022A,IS_OTHER_INCOME,IS_OTHER_INCOME,2022::IS_OTHER_INCOME,1896113,RMB_THOUSAND,1896.113,RMB_MILLION,0.001,CAS,GROUP_CONSOLIDATED,DIRECT,ORIGINAL,UNIT_NORMALIZATION_ONLY,,2022A
2022::IS_PBT,2022,2022A,IS_PBT,IS_PBT,2022::IS_PBT,34955931,RMB_THOUSAND,34955.931,RMB_MILLION,0.001,CAS,GROUP_CONSOLIDATED,DIRECT,ORIGINAL,UNIT_NORMALIZATION_ONLY,,2022A
2022::IS_RD_EXPENSE,2022,2022A,IS_RD_EXPENSE,IS_RD_EXPENSE,2022::IS_RD_EXPENSE,-12618506,RMB_THOUSAND,-12618.506,RMB_MILLION,0.001,CAS,GROUP_CONSOLIDATED,DIRECT,ORIGINAL,UNIT_NORMALIZATION_ONLY,,2022A
2022::IS_SELLING_EXPENSE,2022,2022A,IS_SELLING_EXPENSE,IS_SELLING_EXPENSE,2022::IS_SELLING_EXPENSE,-28716121,RMB_THOUSAND,-28716.121,RMB_MILLION,0.001,CAS,GROUP_CONSOLIDATED,DIRECT,ORIGINAL,UNIT_NORMALIZATION_ONLY,,2022A
2022::IS_TAXES_SURCHARGES,2022,2022A,IS_TAXES_SURCHARGES,IS_TAXES_SURCHARGES,2022::IS_TAXES_SURCHARGES,-1565884,RMB_THOUSAND,-1565.884,RMB_MILLION,0.001,CAS,GROUP_CONSOLIDATED,DIRECT,ORIGINAL,UNIT_NORMALIZATION_ONLY,,2022A
2022::IS_TOTAL_REVENUE,2022,2022A,IS_TOTAL_REVENUE,IS_TOTAL_REVENUE,2022::IS_TOTAL_REVENUE,345708706,RMB_THOUSAND,345708.706,RMB_MILLION,0.001,CAS,GROUP_CONSOLIDATED,DIRECT,ORIGINAL,UNIT_NORMALIZATION_ONLY,,2022A
2022::NOTE_ACQUISITIONS,2022,2022A,NOTE_ACQUISITIONS,NOTE_ACQUISITIONS,2022::NOTE_ACQUISITIONS,-962148,RMB_THOUSAND,-962.148,RMB_MILLION,0.001,CAS,GROUP_CONSOLIDATED,DIRECT,ORIGINAL,UNIT_NORMALIZATION_ONLY,,2022A
2022::NOTE_CASH_EQUIVALENTS,2022,2022A,NOTE_CASH_EQUIVALENTS,NOTE_CASH_EQUIVALENTS,2022::NOTE_CASH_EQUIVALENTS,51131968,RMB_THOUSAND,51131.968,RMB_MILLION,0.001,CAS,GROUP_CONSOLIDATED,DIRECT,ORIGINAL,UNIT_NORMALIZATION_ONLY,,2022A
2022::NOTE_CIP_ADDITIONS,2022,2022A,NOTE_CIP_ADDITIONS,NOTE_CIP_ADDITIONS,2022::NOTE_CIP_ADDITIONS,3294350,RMB_THOUSAND,3294.35,RMB_MILLION,0.001,CAS,GROUP_CONSOLIDATED,DIRECT,ORIGINAL,UNIT_NORMALIZATION_ONLY,,2022A
2022::NOTE_DEBENTURES_ACCRUED_INTEREST,2022,2022A,NOTE_DEBENTURES_ACCRUED_INTEREST,NOTE_DEBENTURES_ACCRUED_INTEREST,2022::NOTE_DEBENTURES_ACCRUED_INTEREST,73268,RMB_THOUSAND,73.268,RMB_MILLION,0.001,CAS,GROUP_CONSOLIDATED,DIRECT,ORIGINAL,UNIT_NORMALIZATION_ONLY,,2022A
2022::NOTE_DEBENTURES_CLOSING,2022,2022A,NOTE_DEBENTURES_CLOSING,NOTE_DEBENTURES_CLOSING,2022::NOTE_DEBENTURES_CLOSING,3163616,RMB_THOUSAND,3163.616,RMB_MILLION,0.001,CAS,GROUP_CONSOLIDATED,DIRECT,ORIGINAL,UNIT_NORMALIZATION_ONLY,,2022A
2022::NOTE_DEBENTURES_DISCOUNT_AMORTISATION,2022,2022A,NOTE_DEBENTURES_DISCOUNT_AMORTISATION,NOTE_DEBENTURES_DISCOUNT_AMORTISATION,2022::NOTE_DEBENTURES_DISCOUNT_AMORTISATION,554,RMB_THOUSAND,0.554,RMB_MILLION,0.001,CAS,GROUP_CONSOLIDATED,DIRECT,ORIGINAL,UNIT_NORMALIZATION_ONLY,,2022A
2022::NOTE_DEBENTURES_FX,2022,2022A,NOTE_DEBENTURES_FX,NOTE_DEBENTURES_FX,2022::NOTE_DEBENTURES_FX,286508,RMB_THOUSAND,286.508,RMB_MILLION,0.001,CAS,GROUP_CONSOLIDATED,DIRECT,ORIGINAL,UNIT_NORMALIZATION_ONLY,,2022A
2022::NOTE_DEBENTURES_ISSUANCE_EXPENSES,2022,2022A,NOTE_DEBENTURES_ISSUANCE_EXPENSES,NOTE_DEBENTURES_ISSUANCE_EXPENSES,2022::NOTE_DEBENTURES_ISSUANCE_EXPENSES,-3304,RMB_THOUSAND,-3.304,RMB_MILLION,0.001,CAS,GROUP_CONSOLIDATED,DIRECT,ORIGINAL,UNIT_NORMALIZATION_ONLY,,2022A
2022::NOTE_DEBENTURES_ISSUED,2022,2022A,NOTE_DEBENTURES_ISSUED,NOTE_DEBENTURES_ISSUED,2022::NOTE_DEBENTURES_ISSUED,2848500,RMB_THOUSAND,2848.5,RMB_MILLION,0.001,CAS,GROUP_CONSOLIDATED,DIRECT,ORIGINAL,UNIT_NORMALIZATION_ONLY,,2022A
2022::NOTE_DEBENTURES_OPENING,2022,2022A,NOTE_DEBENTURES_OPENING,NOTE_DEBENTURES_OPENING,2022::NOTE_DEBENTURES_OPENING,0,RMB_THOUSAND,0,RMB_MILLION,0.001,CAS,GROUP_CONSOLIDATED,DIRECT,ORIGINAL,UNIT_NORMALIZATION_ONLY,,2022A
2022::NOTE_DEBENTURES_REPAYMENT,2022,2022A,NOTE_DEBENTURES_REPAYMENT,NOTE_DEBENTURES_REPAYMENT,2022::NOTE_DEBENTURES_REPAYMENT,-41910,RMB_THOUSAND,-41.91,RMB_MILLION,0.001,CAS,GROUP_CONSOLIDATED,DIRECT,ORIGINAL,UNIT_NORMALIZATION_ONLY,,2022A
2022::NOTE_DIVIDENDS,2022,2022A,NOTE_DIVIDENDS,NOTE_DIVIDENDS,2022::NOTE_DIVIDENDS,11652025,RMB_THOUSAND,11652.025,RMB_MILLION,0.001,CAS,GROUP_CONSOLIDATED,DIRECT,ORIGINAL,UNIT_NORMALIZATION_ONLY,,2022A
2022::NOTE_FINANCE_INTEREST_INCOME,2022,2022A,NOTE_FINANCE_INTEREST_INCOME,NOTE_FINANCE_INTEREST_INCOME,2022::NOTE_FINANCE_INTEREST_INCOME,5837713,RMB_THOUSAND,5837.713,RMB_MILLION,0.001,CAS,GROUP_CONSOLIDATED,DIRECT,ORIGINAL,UNIT_NORMALIZATION_ONLY,,2022A
2022::NOTE_FINANCING_INTEREST_EXPENSE,2022,2022A,NOTE_FINANCING_INTEREST_EXPENSE,NOTE_FINANCING_INTEREST_EXPENSE,2022::NOTE_FINANCING_INTEREST_EXPENSE,-1830915,RMB_THOUSAND,-1830.915,RMB_MILLION,0.001,CAS,GROUP_CONSOLIDATED,DIRECT,ORIGINAL,UNIT_NORMALIZATION_ONLY,,2022A
2022::NOTE_FIXED_ASSET_DEPRECIATION,2022,2022A,NOTE_FIXED_ASSET_DEPRECIATION,NOTE_FIXED_ASSET_DEPRECIATION,2022::NOTE_FIXED_ASSET_DEPRECIATION,3365445,RMB_THOUSAND,3365.445,RMB_MILLION,0.001,CAS,GROUP_CONSOLIDATED,DIRECT,ORIGINAL,UNIT_NORMALIZATION_ONLY,,2022A
2022::NOTE_GOODWILL,2022,2022A,NOTE_GOODWILL,NOTE_GOODWILL,2022::NOTE_GOODWILL,28548653,RMB_THOUSAND,28548.653,RMB_MILLION,0.001,CAS,GROUP_CONSOLIDATED,DIRECT,ORIGINAL,UNIT_NORMALIZATION_ONLY,,2022A
2022::NOTE_INTANGIBLE_AMORTIZATION,2022,2022A,NOTE_INTANGIBLE_AMORTIZATION,NOTE_INTANGIBLE_AMORTIZATION,2022::NOTE_INTANGIBLE_AMORTIZATION,1016824,RMB_THOUSAND,1016.824,RMB_MILLION,0.001,CAS,GROUP_CONSOLIDATED,DIRECT,ORIGINAL,UNIT_NORMALIZATION_ONLY,,2022A
2022::NOTE_INTANGIBLE_ASSETS,2022,2022A,NOTE_INTANGIBLE_ASSETS,NOTE_INTANGIBLE_ASSETS,2022::NOTE_INTANGIBLE_ASSETS,16908915,RMB_THOUSAND,16908.915,RMB_MILLION,0.001,CAS,GROUP_CONSOLIDATED,DIRECT,ORIGINAL,UNIT_NORMALIZATION_ONLY,,2022A
2022::NOTE_LEASE_INTEREST_EXPENSE,2022,2022A,NOTE_LEASE_INTEREST_EXPENSE,NOTE_LEASE_INTEREST_EXPENSE,2022::NOTE_LEASE_INTEREST_EXPENSE,-111773,RMB_THOUSAND,-111.773,RMB_MILLION,0.001,CAS,GROUP_CONSOLIDATED,DIRECT,ORIGINAL,UNIT_NORMALIZATION_ONLY,,2022A
2022::NOTE_LEASE_LIABILITIES,2022,2022A,NOTE_LEASE_LIABILITIES,NOTE_LEASE_LIABILITIES,2022::NOTE_LEASE_LIABILITIES,2499622,RMB_THOUSAND,2499.622,RMB_MILLION,0.001,CAS,GROUP_CONSOLIDATED,DIRECT,ORIGINAL,UNIT_NORMALIZATION_ONLY,,2022A
2022::NOTE_LEASE_LIABILITY_CLOSING,2022,2022A,NOTE_LEASE_LIABILITY_CLOSING,NOTE_LEASE_LIABILITY_CLOSING,2022::NOTE_LEASE_LIABILITY_CLOSING,2499622,RMB_THOUSAND,2499.622,RMB_MILLION,0.001,CAS,GROUP_CONSOLIDATED,DIRECT,ORIGINAL,UNIT_NORMALIZATION_ONLY,,2022A
2022::NOTE_LEASE_LIABILITY_OPENING,2022,2022A,NOTE_LEASE_LIABILITY_OPENING,NOTE_LEASE_LIABILITY_OPENING,2022::NOTE_LEASE_LIABILITY_OPENING,2394055,RMB_THOUSAND,2394.055,RMB_MILLION,0.001,CAS,GROUP_CONSOLIDATED,DIRECT,ORIGINAL,UNIT_NORMALIZATION_ONLY,,2022A
2022::NOTE_LONG_TERM_BONDS,2022,2022A,NOTE_LONG_TERM_BONDS,NOTE_LONG_TERM_BONDS,2022::NOTE_LONG_TERM_BONDS,3163616,RMB_THOUSAND,3163.616,RMB_MILLION,0.001,CAS,GROUP_CONSOLIDATED,DIRECT,ORIGINAL,UNIT_NORMALIZATION_ONLY,,2022A
2022::NOTE_LONG_TERM_DEBT,2022,2022A,NOTE_LONG_TERM_DEBT,NOTE_LONG_TERM_DEBT,2022::NOTE_LONG_TERM_DEBT,50685948,RMB_THOUSAND,50685.948,RMB_MILLION,0.001,CAS,GROUP_CONSOLIDATED,DIRECT,ORIGINAL,UNIT_NORMALIZATION_ONLY,,2022A
2022::NOTE_PPE_ADDITIONS,2022,2022A,NOTE_PPE_ADDITIONS,NOTE_PPE_ADDITIONS,2022::NOTE_PPE_ADDITIONS,6953593,RMB_THOUSAND,6953.593,RMB_MILLION,0.001,CAS,GROUP_CONSOLIDATED,DERIVED,ORIGINAL,UNIT_NORMALIZATION_ONLY,,2022A
2022::NOTE_REPURCHASES,2022,2022A,NOTE_REPURCHASES,NOTE_REPURCHASES,2022::NOTE_REPURCHASES,2637021,RMB_THOUSAND,2637.021,RMB_MILLION,0.001,CAS,GROUP_CONSOLIDATED,DIRECT,ORIGINAL,UNIT_NORMALIZATION_ONLY,,2022A
2022::NOTE_RESTRICTED_CASH,2022,2022A,NOTE_RESTRICTED_CASH,NOTE_RESTRICTED_CASH,2022::NOTE_RESTRICTED_CASH,2016687,RMB_THOUSAND,2016.687,RMB_MILLION,0.001,CAS,GROUP_CONSOLIDATED,DERIVED,ORIGINAL,UNIT_NORMALIZATION_ONLY,,2022A
2022::NOTE_ROU_ADDITIONS,2022,2022A,NOTE_ROU_ADDITIONS,NOTE_ROU_ADDITIONS,2022::NOTE_ROU_ADDITIONS,1273326,RMB_THOUSAND,1273.326,RMB_MILLION,0.001,CAS,GROUP_CONSOLIDATED,DERIVED,ORIGINAL,UNIT_NORMALIZATION_ONLY,,2022A
2022::NOTE_ROU_CLOSING,2022,2022A,NOTE_ROU_CLOSING,NOTE_ROU_CLOSING,2022::NOTE_ROU_CLOSING,2339878,RMB_THOUSAND,2339.878,RMB_MILLION,0.001,CAS,GROUP_CONSOLIDATED,DIRECT,ORIGINAL,UNIT_NORMALIZATION_ONLY,,2022A
2022::NOTE_ROU_DEPRECIATION,2022,2022A,NOTE_ROU_DEPRECIATION,NOTE_ROU_DEPRECIATION,2022::NOTE_ROU_DEPRECIATION,1173585,RMB_THOUSAND,1173.585,RMB_MILLION,0.001,CAS,GROUP_CONSOLIDATED,DIRECT,ORIGINAL,UNIT_NORMALIZATION_ONLY,,2022A
2022::NOTE_ROU_DISPOSALS,2022,2022A,NOTE_ROU_DISPOSALS,NOTE_ROU_DISPOSALS,2022::NOTE_ROU_DISPOSALS,-80051,RMB_THOUSAND,-80.051,RMB_MILLION,0.001,CAS,GROUP_CONSOLIDATED,DERIVED,ORIGINAL,UNIT_NORMALIZATION_ONLY,,2022A
2022::NOTE_ROU_OPENING,2022,2022A,NOTE_ROU_OPENING,NOTE_ROU_OPENING,2022::NOTE_ROU_OPENING,2297354,RMB_THOUSAND,2297.354,RMB_MILLION,0.001,CAS,GROUP_CONSOLIDATED,DIRECT,ORIGINAL,UNIT_NORMALIZATION_ONLY,,2022A
2022::NOTE_SHARE_BASED_COMPENSATION,2022,2022A,NOTE_SHARE_BASED_COMPENSATION,NOTE_SHARE_BASED_COMPENSATION,2022::NOTE_SHARE_BASED_COMPENSATION,1028950,RMB_THOUSAND,1028.95,RMB_MILLION,0.001,CAS,GROUP_CONSOLIDATED,DIRECT,ORIGINAL,UNIT_NORMALIZATION_ONLY,,2022A
2022::NOTE_SHORT_TERM_DEBT,2022,2022A,NOTE_SHORT_TERM_DEBT,NOTE_SHORT_TERM_DEBT,2022::NOTE_SHORT_TERM_DEBT,5169480,RMB_THOUSAND,5169.48,RMB_MILLION,0.001,CAS,GROUP_CONSOLIDATED,DIRECT,ORIGINAL,UNIT_NORMALIZATION_ONLY,,2022A
2022::NOTE_TERM_DEPOSITS,2022,2022A,NOTE_TERM_DEPOSITS,NOTE_TERM_DEPOSITS,2022::NOTE_TERM_DEPOSITS,1911210,RMB_THOUSAND,1911.21,RMB_MILLION,0.001,CAS,GROUP_CONSOLIDATED,DERIVED,ORIGINAL,UNIT_NORMALIZATION_ONLY,,2022A
2022::NOTE_TOTAL_DA,2022,2022A,NOTE_TOTAL_DA,NOTE_TOTAL_DA,2022::NOTE_TOTAL_DA,6507920,RMB_THOUSAND,6507.92,RMB_MILLION,0.001,CAS,GROUP_CONSOLIDATED,DIRECT,ORIGINAL,UNIT_NORMALIZATION_ONLY,,2022A
2022::TOTAL_RESTRICTED_USE_CASH_AND_DEPOSITS,2022,2022A,TOTAL_RESTRICTED_USE_CASH_AND_DEPOSITS,TOTAL_RESTRICTED_USE_CASH_AND_DEPOSITS,2022::TOTAL_RESTRICTED_USE_CASH_AND_DEPOSITS,3927897,RMB_THOUSAND,3927.897,RMB_MILLION,0.001,CAS,GROUP_CONSOLIDATED,DIRECT,ORIGINAL,UNIT_NORMALIZATION_ONLY,,2022A
2023::ORIGINAL_REPORTED_2023::BS_AP,2023,2023A,BS_AP,BS_AP,ORIGINAL_REPORTED_2023::BS_AP,72530465,RMB_THOUSAND,72530.465,RMB_MILLION,0.001,CAS,GROUP_CONSOLIDATED,DIRECT,ORIGINAL,UNIT_NORMALIZATION_ONLY,,2023A
2023::ORIGINAL_REPORTED_2023::BS_AR,2023,2023A,BS_AR,BS_AR,ORIGINAL_REPORTED_2023::BS_AR,32884739,RMB_THOUSAND,32884.739,RMB_MILLION,0.001,CAS,GROUP_CONSOLIDATED,DIRECT,ORIGINAL,UNIT_NORMALIZATION_ONLY,,2023A
2023::ORIGINAL_REPORTED_2023::BS_CAPITAL_RESERVE,2023,2023A,BS_CAPITAL_RESERVE,BS_CAPITAL_RESERVE,ORIGINAL_REPORTED_2023::BS_CAPITAL_RESERVE,21243156,RMB_THOUSAND,21243.156,RMB_MILLION,0.001,CAS,GROUP_CONSOLIDATED,DIRECT,ORIGINAL,UNIT_NORMALIZATION_ONLY,,2023A
2023::ORIGINAL_REPORTED_2023::BS_CASH,2023,2023A,BS_CASH,BS_CASH,ORIGINAL_REPORTED_2023::BS_CASH,81673846,RMB_THOUSAND,81673.846,RMB_MILLION,0.001,CAS,GROUP_CONSOLIDATED,DIRECT,ORIGINAL,UNIT_NORMALIZATION_ONLY,,2023A
2023::ORIGINAL_REPORTED_2023::BS_CASH_EQUIVALENTS,2023,2023A,BS_CASH_EQUIVALENTS,BS_CASH_EQUIVALENTS,ORIGINAL_REPORTED_2023::BS_CASH_EQUIVALENTS,59887260,RMB_THOUSAND,59887.26,RMB_MILLION,0.001,CAS,GROUP_CONSOLIDATED,DIRECT,ORIGINAL,UNIT_NORMALIZATION_ONLY,,2023A
2023::ORIGINAL_REPORTED_2023::BS_CIP,2023,2023A,BS_CIP,BS_CIP,ORIGINAL_REPORTED_2023::BS_CIP,4681220,RMB_THOUSAND,4681.22,RMB_MILLION,0.001,CAS,GROUP_CONSOLIDATED,DIRECT,ORIGINAL,UNIT_NORMALIZATION_ONLY,,2023A
2023::ORIGINAL_REPORTED_2023::BS_CONTRACT_ASSETS,2023,2023A,BS_CONTRACT_ASSETS,BS_CONTRACT_ASSETS,ORIGINAL_REPORTED_2023::BS_CONTRACT_ASSETS,4045925,RMB_THOUSAND,4045.925,RMB_MILLION,0.001,CAS,GROUP_CONSOLIDATED,DIRECT,ORIGINAL,UNIT_NORMALIZATION_ONLY,,2023A
2023::ORIGINAL_REPORTED_2023::BS_CONTRACT_LIABILITIES,2023,2023A,BS_CONTRACT_LIABILITIES,BS_CONTRACT_LIABILITIES,ORIGINAL_REPORTED_2023::BS_CONTRACT_LIABILITIES,41765475,RMB_THOUSAND,41765.475,RMB_MILLION,0.001,CAS,GROUP_CONSOLIDATED,DIRECT,ORIGINAL,UNIT_NORMALIZATION_ONLY,,2023A
2023::ORIGINAL_REPORTED_2023::BS_CURRENT_LEASE_LIABILITIES,2023,2023A,BS_CURRENT_LEASE_LIABILITIES,BS_CURRENT_LEASE_LIABILITIES,ORIGINAL_REPORTED_2023::BS_CURRENT_LEASE_LIABILITIES,1166901,RMB_THOUSAND,1166.901,RMB_MILLION,0.001,CAS,GROUP_CONSOLIDATED,DIRECT,ORIGINAL,UNIT_NORMALIZATION_ONLY,,2023A
2023::ORIGINAL_REPORTED_2023::BS_CURRENT_LONG_TERM_BORROWINGS,2023,2023A,BS_CURRENT_LONG_TERM_BORROWINGS,BS_CURRENT_LONG_TERM_BORROWINGS,ORIGINAL_REPORTED_2023::BS_CURRENT_LONG_TERM_BORROWINGS,13290809,RMB_THOUSAND,13290.809,RMB_MILLION,0.001,CAS,GROUP_CONSOLIDATED,DIRECT,ORIGINAL,UNIT_NORMALIZATION_ONLY,,2023A
2023::ORIGINAL_REPORTED_2023::BS_CURRENT_PORTION_DEBT,2023,2023A,BS_CURRENT_PORTION_DEBT,BS_CURRENT_PORTION_DEBT,ORIGINAL_REPORTED_2023::BS_CURRENT_PORTION_DEBT,14457710,RMB_THOUSAND,14457.71,RMB_MILLION,0.001,CAS,GROUP_CONSOLIDATED,DIRECT,ORIGINAL,UNIT_NORMALIZATION_ONLY,,2023A
2023::ORIGINAL_REPORTED_2023::BS_CURRENT_PORTION_NONCURRENT_ASSETS,2023,2023A,BS_CURRENT_PORTION_NONCURRENT_ASSETS,BS_CURRENT_PORTION_NONCURRENT_ASSETS,ORIGINAL_REPORTED_2023::BS_CURRENT_PORTION_NONCURRENT_ASSETS,10760577,RMB_THOUSAND,10760.577,RMB_MILLION,0.001,CAS,GROUP_CONSOLIDATED,DIRECT,ORIGINAL,UNIT_NORMALIZATION_ONLY,,2023A
2023::ORIGINAL_REPORTED_2023::BS_CUSTOMER_DEPOSITS,2023,2023A,BS_CUSTOMER_DEPOSITS,BS_CUSTOMER_DEPOSITS,ORIGINAL_REPORTED_2023::BS_CUSTOMER_DEPOSITS,88960,RMB_THOUSAND,88.96,RMB_MILLION,0.001,CAS,GROUP_CONSOLIDATED,DIRECT,ORIGINAL,UNIT_NORMALIZATION_ONLY,,2023A
2023::ORIGINAL_REPORTED_2023::BS_DEFERRED_INCOME,2023,2023A,BS_DEFERRED_INCOME,BS_DEFERRED_INCOME,ORIGINAL_REPORTED_2023::BS_DEFERRED_INCOME,1734932,RMB_THOUSAND,1734.932,RMB_MILLION,0.001,CAS,GROUP_CONSOLIDATED,DIRECT,ORIGINAL,UNIT_NORMALIZATION_ONLY,,2023A
2023::ORIGINAL_REPORTED_2023::BS_DEFERRED_TAX_ASSETS,2023,2023A,BS_DEFERRED_TAX_ASSETS,BS_DEFERRED_TAX_ASSETS,ORIGINAL_REPORTED_2023::BS_DEFERRED_TAX_ASSETS,12771150,RMB_THOUSAND,12771.15,RMB_MILLION,0.001,CAS,GROUP_CONSOLIDATED,DIRECT,ORIGINAL,UNIT_NORMALIZATION_ONLY,,2023A
2023::ORIGINAL_REPORTED_2023::BS_DEFERRED_TAX_LIABILITIES,2023,2023A,BS_DEFERRED_TAX_LIABILITIES,BS_DEFERRED_TAX_LIABILITIES,ORIGINAL_REPORTED_2023::BS_DEFERRED_TAX_LIABILITIES,5098280,RMB_THOUSAND,5098.28,RMB_MILLION,0.001,CAS,GROUP_CONSOLIDATED,DIRECT,ORIGINAL,UNIT_NORMALIZATION_ONLY,,2023A
2023::ORIGINAL_REPORTED_2023::BS_DERIVATIVE_FINANCIAL_ASSETS,2023,2023A,BS_DERIVATIVE_FINANCIAL_ASSETS,BS_DERIVATIVE_FINANCIAL_ASSETS,ORIGINAL_REPORTED_2023::BS_DERIVATIVE_FINANCIAL_ASSETS,1278161,RMB_THOUSAND,1278.161,RMB_MILLION,0.001,CAS,GROUP_CONSOLIDATED,DIRECT,ORIGINAL,UNIT_NORMALIZATION_ONLY,,2023A
2023::ORIGINAL_REPORTED_2023::BS_DERIVATIVE_LIABILITIES,2023,2023A,BS_DERIVATIVE_LIABILITIES,BS_DERIVATIVE_LIABILITIES,ORIGINAL_REPORTED_2023::BS_DERIVATIVE_LIABILITIES,257668,RMB_THOUSAND,257.668,RMB_MILLION,0.001,CAS,GROUP_CONSOLIDATED,DIRECT,ORIGINAL,UNIT_NORMALIZATION_ONLY,,2023A
2023::ORIGINAL_REPORTED_2023::BS_EMPLOYEE_COMP,2023,2023A,BS_EMPLOYEE_COMP,BS_EMPLOYEE_COMP,ORIGINAL_REPORTED_2023::BS_EMPLOYEE_COMP,9076027,RMB_THOUSAND,9076.027,RMB_MILLION,0.001,CAS,GROUP_CONSOLIDATED,DIRECT,ORIGINAL,UNIT_NORMALIZATION_ONLY,,2023A
2023::ORIGINAL_REPORTED_2023::BS_GENERAL_RISK_RESERVE,2023,2023A,BS_GENERAL_RISK_RESERVE,BS_GENERAL_RISK_RESERVE,ORIGINAL_REPORTED_2023::BS_GENERAL_RISK_RESERVE,642525,RMB_THOUSAND,642.525,RMB_MILLION,0.001,CAS,GROUP_CONSOLIDATED,DIRECT,ORIGINAL,UNIT_NORMALIZATION_ONLY,,2023A
2023::ORIGINAL_REPORTED_2023::BS_GOODWILL,2023,2023A,BS_GOODWILL,BS_GOODWILL,ORIGINAL_REPORTED_2023::BS_GOODWILL,30858237,RMB_THOUSAND,30858.237,RMB_MILLION,0.001,CAS,GROUP_CONSOLIDATED,DIRECT,ORIGINAL,UNIT_NORMALIZATION_ONLY,,2023A
2023::ORIGINAL_REPORTED_2023::BS_INTANGIBLES,2023,2023A,BS_INTANGIBLES,BS_INTANGIBLES,ORIGINAL_REPORTED_2023::BS_INTANGIBLES,18457736,RMB_THOUSAND,18457.736,RMB_MILLION,0.001,CAS,GROUP_CONSOLIDATED,DIRECT,ORIGINAL,UNIT_NORMALIZATION_ONLY,,2023A
2023::ORIGINAL_REPORTED_2023::BS_INVENTORY,2023,2023A,BS_INVENTORY,BS_INVENTORY,ORIGINAL_REPORTED_2023::BS_INVENTORY,47339255,RMB_THOUSAND,47339.255,RMB_MILLION,0.001,CAS,GROUP_CONSOLIDATED,DIRECT,ORIGINAL,UNIT_NORMALIZATION_ONLY,,2023A
2023::ORIGINAL_REPORTED_2023::BS_INVESTMENT_PROPERTIES,2023,2023A,BS_INVESTMENT_PROPERTIES,BS_INVESTMENT_PROPERTIES,ORIGINAL_REPORTED_2023::BS_INVESTMENT_PROPERTIES,1293629,RMB_THOUSAND,1293.629,RMB_MILLION,0.001,CAS,GROUP_CONSOLIDATED,DIRECT,ORIGINAL,UNIT_NORMALIZATION_ONLY,,2023A
2023::ORIGINAL_REPORTED_2023::BS_LEASE_LIABILITIES,2023,2023A,BS_LEASE_LIABILITIES,BS_LEASE_LIABILITIES,ORIGINAL_REPORTED_2023::BS_LEASE_LIABILITIES,2047319,RMB_THOUSAND,2047.319,RMB_MILLION,0.001,CAS,GROUP_CONSOLIDATED,DIRECT,ORIGINAL,UNIT_NORMALIZATION_ONLY,,2023A
2023::ORIGINAL_REPORTED_2023::BS_LEASE_LIABILITIES_CURRENT,2023,2023A,BS_LEASE_LIABILITIES_CURRENT,BS_LEASE_LIABILITIES_CURRENT,ORIGINAL_REPORTED_2023::BS_LEASE_LIABILITIES_CURRENT,1166901,RMB_THOUSAND,1166.901,RMB_MILLION,0.001,CAS,GROUP_CONSOLIDATED,DIRECT,ORIGINAL,UNIT_NORMALIZATION_ONLY,,2023A
2023::ORIGINAL_REPORTED_2023::BS_LEASE_LIABILITIES_NONCURRENT,2023,2023A,BS_LEASE_LIABILITIES_NONCURRENT,BS_LEASE_LIABILITIES_NONCURRENT,ORIGINAL_REPORTED_2023::BS_LEASE_LIABILITIES_NONCURRENT,2047319,RMB_THOUSAND,2047.319,RMB_MILLION,0.001,CAS,GROUP_CONSOLIDATED,DIRECT,ORIGINAL,UNIT_NORMALIZATION_ONLY,,2023A
2023::ORIGINAL_REPORTED_2023::BS_LEASE_LIABILITIES_TOTAL,2023,2023A,BS_LEASE_LIABILITIES_TOTAL,BS_LEASE_LIABILITIES_TOTAL,ORIGINAL_REPORTED_2023::BS_LEASE_LIABILITIES_TOTAL,3214220,RMB_THOUSAND,3214.22,RMB_MILLION,0.001,CAS,GROUP_CONSOLIDATED,DIRECT,ORIGINAL,UNIT_NORMALIZATION_ONLY,,2023A
2023::ORIGINAL_REPORTED_2023::BS_LOANS_ADVANCES_CURRENT,2023,2023A,BS_LOANS_ADVANCES_CURRENT,BS_LOANS_ADVANCES_CURRENT,ORIGINAL_REPORTED_2023::BS_LOANS_ADVANCES_CURRENT,14296958,RMB_THOUSAND,14296.958,RMB_MILLION,0.001,CAS,GROUP_CONSOLIDATED,DIRECT,ORIGINAL,UNIT_NORMALIZATION_ONLY,,2023A
2023::ORIGINAL_REPORTED_2023::BS_LOANS_ADVANCES_NONCURRENT,2023,2023A,BS_LOANS_ADVANCES_NONCURRENT,BS_LOANS_ADVANCES_NONCURRENT,ORIGINAL_REPORTED_2023::BS_LOANS_ADVANCES_NONCURRENT,975272,RMB_THOUSAND,975.272,RMB_MILLION,0.001,CAS,GROUP_CONSOLIDATED,DIRECT,ORIGINAL,UNIT_NORMALIZATION_ONLY,,2023A
2023::ORIGINAL_REPORTED_2023::BS_LONG_TERM_BONDS,2023,2023A,BS_LONG_TERM_BONDS,BS_LONG_TERM_BONDS,ORIGINAL_REPORTED_2023::BS_LONG_TERM_BONDS,3217969,RMB_THOUSAND,3217.969,RMB_MILLION,0.001,CAS,GROUP_CONSOLIDATED,DIRECT,ORIGINAL,UNIT_NORMALIZATION_ONLY,,2023A
2023::ORIGINAL_REPORTED_2023::BS_LONG_TERM_BORROWINGS,2023,2023A,BS_LONG_TERM_BORROWINGS,BS_LONG_TERM_BORROWINGS,ORIGINAL_REPORTED_2023::BS_LONG_TERM_BORROWINGS,46138736,RMB_THOUSAND,46138.736,RMB_MILLION,0.001,CAS,GROUP_CONSOLIDATED,DIRECT,ORIGINAL,UNIT_NORMALIZATION_ONLY,,2023A
2023::ORIGINAL_REPORTED_2023::BS_LONG_TERM_EMPLOYEE_BENEFITS,2023,2023A,BS_LONG_TERM_EMPLOYEE_BENEFITS,BS_LONG_TERM_EMPLOYEE_BENEFITS,ORIGINAL_REPORTED_2023::BS_LONG_TERM_EMPLOYEE_BENEFITS,1433874,RMB_THOUSAND,1433.874,RMB_MILLION,0.001,CAS,GROUP_CONSOLIDATED,DIRECT,ORIGINAL,UNIT_NORMALIZATION_ONLY,,2023A
2023::ORIGINAL_REPORTED_2023::BS_LONG_TERM_INVESTMENTS,2023,2023A,BS_LONG_TERM_INVESTMENTS,BS_LONG_TERM_INVESTMENTS,ORIGINAL_REPORTED_2023::BS_LONG_TERM_INVESTMENTS,4976109,RMB_THOUSAND,4976.109,RMB_MILLION,0.001,CAS,GROUP_CONSOLIDATED,DIRECT,ORIGINAL,UNIT_NORMALIZATION_ONLY,,2023A
2023::ORIGINAL_REPORTED_2023::BS_LONG_TERM_PREPAID_EXPENSES,2023,2023A,BS_LONG_TERM_PREPAID_EXPENSES,BS_LONG_TERM_PREPAID_EXPENSES,ORIGINAL_REPORTED_2023::BS_LONG_TERM_PREPAID_EXPENSES,1736199,RMB_THOUSAND,1736.199,RMB_MILLION,0.001,CAS,GROUP_CONSOLIDATED,DIRECT,ORIGINAL,UNIT_NORMALIZATION_ONLY,,2023A
2023::ORIGINAL_REPORTED_2023::BS_LONG_TERM_RECEIVABLES,2023,2023A,BS_LONG_TERM_RECEIVABLES,BS_LONG_TERM_RECEIVABLES,ORIGINAL_REPORTED_2023::BS_LONG_TERM_RECEIVABLES,250519,RMB_THOUSAND,250.519,RMB_MILLION,0.001,CAS,GROUP_CONSOLIDATED,DIRECT,ORIGINAL,UNIT_NORMALIZATION_ONLY,,2023A
2023::ORIGINAL_REPORTED_2023::BS_NCI,2023,2023A,BS_NCI,BS_NCI,ORIGINAL_REPORTED_2023::BS_NCI,11420824,RMB_THOUSAND,11420.824,RMB_MILLION,0.001,CAS,GROUP_CONSOLIDATED,DIRECT,ORIGINAL,UNIT_NORMALIZATION_ONLY,,2023A
2023::ORIGINAL_REPORTED_2023::BS_NOTES_PAYABLE,2023,2023A,BS_NOTES_PAYABLE,BS_NOTES_PAYABLE,ORIGINAL_REPORTED_2023::BS_NOTES_PAYABLE,21707608,RMB_THOUSAND,21707.608,RMB_MILLION,0.001,CAS,GROUP_CONSOLIDATED,DIRECT,ORIGINAL,UNIT_NORMALIZATION_ONLY,,2023A
2023::ORIGINAL_REPORTED_2023::BS_NOTES_RECEIVABLE,2023,2023A,BS_NOTES_RECEIVABLE,BS_NOTES_RECEIVABLE,ORIGINAL_REPORTED_2023::BS_NOTES_RECEIVABLE,5521960,RMB_THOUSAND,5521.96,RMB_MILLION,0.001,CAS,GROUP_CONSOLIDATED,DIRECT,ORIGINAL,UNIT_NORMALIZATION_ONLY,,2023A
2023::ORIGINAL_REPORTED_2023::BS_OCI,2023,2023A,BS_OCI,BS_OCI,ORIGINAL_REPORTED_2023::BS_OCI,-164202,RMB_THOUSAND,-164.202,RMB_MILLION,0.001,CAS,GROUP_CONSOLIDATED,DIRECT,ORIGINAL,UNIT_NORMALIZATION_ONLY,,2023A
2023::ORIGINAL_REPORTED_2023::BS_OTHER_CURRENT_ASSETS,2023,2023A,BS_OTHER_CURRENT_ASSETS,BS_OTHER_CURRENT_ASSETS,ORIGINAL_REPORTED_2023::BS_OTHER_CURRENT_ASSETS,62900891,RMB_THOUSAND,62900.891,RMB_MILLION,0.001,CAS,GROUP_CONSOLIDATED,DIRECT,ORIGINAL,UNIT_NORMALIZATION_ONLY,,2023A
2023::ORIGINAL_REPORTED_2023::BS_OTHER_CURRENT_LIABILITIES,2023,2023A,BS_OTHER_CURRENT_LIABILITIES,BS_OTHER_CURRENT_LIABILITIES,ORIGINAL_REPORTED_2023::BS_OTHER_CURRENT_LIABILITIES,71297928,RMB_THOUSAND,71297.928,RMB_MILLION,0.001,CAS,GROUP_CONSOLIDATED,DIRECT,ORIGINAL,UNIT_NORMALIZATION_ONLY,,2023A
2023::ORIGINAL_REPORTED_2023::BS_OTHER_DEBT_INVESTMENTS,2023,2023A,BS_OTHER_DEBT_INVESTMENTS,BS_OTHER_DEBT_INVESTMENTS,ORIGINAL_REPORTED_2023::BS_OTHER_DEBT_INVESTMENTS,6319047,RMB_THOUSAND,6319.047,RMB_MILLION,0.001,CAS,GROUP_CONSOLIDATED,DIRECT,ORIGINAL,UNIT_NORMALIZATION_ONLY,,2023A
2023::ORIGINAL_REPORTED_2023::BS_OTHER_EQUITY_INSTRUMENTS,2023,2023A,BS_OTHER_EQUITY_INSTRUMENTS,BS_OTHER_EQUITY_INSTRUMENTS,ORIGINAL_REPORTED_2023::BS_OTHER_EQUITY_INSTRUMENTS,37874,RMB_THOUSAND,37.874,RMB_MILLION,0.001,CAS,GROUP_CONSOLIDATED,DIRECT,ORIGINAL,UNIT_NORMALIZATION_ONLY,,2023A
2023::ORIGINAL_REPORTED_2023::BS_OTHER_NONCURRENT_ASSETS,2023,2023A,BS_OTHER_NONCURRENT_ASSETS,BS_OTHER_NONCURRENT_ASSETS,ORIGINAL_REPORTED_2023::BS_OTHER_NONCURRENT_ASSETS,80603526,RMB_THOUSAND,80603.526,RMB_MILLION,0.001,CAS,GROUP_CONSOLIDATED,DIRECT,ORIGINAL,UNIT_NORMALIZATION_ONLY,,2023A
2023::ORIGINAL_REPORTED_2023::BS_OTHER_NONCURRENT_FINANCIAL_ASSETS,2023,2023A,BS_OTHER_NONCURRENT_FINANCIAL_ASSETS,BS_OTHER_NONCURRENT_FINANCIAL_ASSETS,ORIGINAL_REPORTED_2023::BS_OTHER_NONCURRENT_FINANCIAL_ASSETS,7769938,RMB_THOUSAND,7769.938,RMB_MILLION,0.001,CAS,GROUP_CONSOLIDATED,DIRECT,ORIGINAL,UNIT_NORMALIZATION_ONLY,,2023A
2023::ORIGINAL_REPORTED_2023::BS_OTHER_NONCURRENT_LIABILITIES,2023,2023A,BS_OTHER_NONCURRENT_LIABILITIES,BS_OTHER_NONCURRENT_LIABILITIES,ORIGINAL_REPORTED_2023::BS_OTHER_NONCURRENT_LIABILITIES,39165,RMB_THOUSAND,39.165,RMB_MILLION,0.001,CAS,GROUP_CONSOLIDATED,DIRECT,ORIGINAL,UNIT_NORMALIZATION_ONLY,,2023A
2023::ORIGINAL_REPORTED_2023::BS_OTHER_PAYABLES,2023,2023A,BS_OTHER_PAYABLES,BS_OTHER_PAYABLES,ORIGINAL_REPORTED_2023::BS_OTHER_PAYABLES,4442928,RMB_THOUSAND,4442.928,RMB_MILLION,0.001,CAS,GROUP_CONSOLIDATED,DIRECT,ORIGINAL,UNIT_NORMALIZATION_ONLY,,2023A
2023::ORIGINAL_REPORTED_2023::BS_OTHER_RECEIVABLES,2023,2023A,BS_OTHER_RECEIVABLES,BS_OTHER_RECEIVABLES,ORIGINAL_REPORTED_2023::BS_OTHER_RECEIVABLES,2181878,RMB_THOUSAND,2181.878,RMB_MILLION,0.001,CAS,GROUP_CONSOLIDATED,DIRECT,ORIGINAL,UNIT_NORMALIZATION_ONLY,,2023A
2023::ORIGINAL_REPORTED_2023::BS_OTHER_RESERVES,2023,2023A,BS_OTHER_RESERVES,BS_OTHER_RESERVES,ORIGINAL_REPORTED_2023::BS_OTHER_RESERVES,11197291,RMB_THOUSAND,11197.291,RMB_MILLION,0.001,CAS,GROUP_CONSOLIDATED,DERIVED,ORIGINAL,UNIT_NORMALIZATION_ONLY,,2023A
2023::ORIGINAL_REPORTED_2023::BS_PARENT_EQUITY,2023,2023A,BS_PARENT_EQUITY,BS_PARENT_EQUITY,ORIGINAL_REPORTED_2023::BS_PARENT_EQUITY,162878825,RMB_THOUSAND,162878.825,RMB_MILLION,0.001,CAS,GROUP_CONSOLIDATED,DIRECT,ORIGINAL,UNIT_NORMALIZATION_ONLY,,2023A
2023::ORIGINAL_REPORTED_2023::BS_PPE,2023,2023A,BS_PPE,BS_PPE,ORIGINAL_REPORTED_2023::BS_PPE,30937963,RMB_THOUSAND,30937.963,RMB_MILLION,0.001,CAS,GROUP_CONSOLIDATED,DIRECT,ORIGINAL,UNIT_NORMALIZATION_ONLY,,2023A
2023::ORIGINAL_REPORTED_2023::BS_PREPAYMENTS,2023,2023A,BS_PREPAYMENTS,BS_PREPAYMENTS,ORIGINAL_REPORTED_2023::BS_PREPAYMENTS,3316194,RMB_THOUSAND,3316.194,RMB_MILLION,0.001,CAS,GROUP_CONSOLIDATED,DIRECT,ORIGINAL,UNIT_NORMALIZATION_ONLY,,2023A
2023::ORIGINAL_REPORTED_2023::BS_PROVISIONS,2023,2023A,BS_PROVISIONS,BS_PROVISIONS,ORIGINAL_REPORTED_2023::BS_PROVISIONS,782539,RMB_THOUSAND,782.539,RMB_MILLION,0.001,CAS,GROUP_CONSOLIDATED,DIRECT,ORIGINAL,UNIT_NORMALIZATION_ONLY,,2023A
2023::ORIGINAL_REPORTED_2023::BS_RECEIVABLES_FINANCING,2023,2023A,BS_RECEIVABLES_FINANCING,BS_RECEIVABLES_FINANCING,ORIGINAL_REPORTED_2023::BS_RECEIVABLES_FINANCING,13330008,RMB_THOUSAND,13330.008,RMB_MILLION,0.001,CAS,GROUP_CONSOLIDATED,DIRECT,ORIGINAL,UNIT_NORMALIZATION_ONLY,,2023A
2023::ORIGINAL_REPORTED_2023::BS_RESTRICTED_CASH,2023,2023A,BS_RESTRICTED_CASH,BS_RESTRICTED_CASH,ORIGINAL_REPORTED_2023::BS_RESTRICTED_CASH,4488033,RMB_THOUSAND,4488.033,RMB_MILLION,0.001,CAS,GROUP_CONSOLIDATED,DERIVED,ORIGINAL,UNIT_NORMALIZATION_ONLY,,2023A
2023::ORIGINAL_REPORTED_2023::BS_RETAINED_EARNINGS,2023,2023A,BS_RETAINED_EARNINGS,BS_RETAINED_EARNINGS,ORIGINAL_REPORTED_2023::BS_RETAINED_EARNINGS,136284347,RMB_THOUSAND,136284.347,RMB_MILLION,0.001,CAS,GROUP_CONSOLIDATED,DIRECT,ORIGINAL,UNIT_NORMALIZATION_ONLY,,2023A
2023::ORIGINAL_REPORTED_2023::BS_ROU_ASSETS,2023,2023A,BS_ROU_ASSETS,BS_ROU_ASSETS,ORIGINAL_REPORTED_2023::BS_ROU_ASSETS,3048785,RMB_THOUSAND,3048.785,RMB_MILLION,0.001,CAS,GROUP_CONSOLIDATED,DIRECT,ORIGINAL,UNIT_NORMALIZATION_ONLY,,2023A
2023::ORIGINAL_REPORTED_2023::BS_SHARE_CAPITAL,2023,2023A,BS_SHARE_CAPITAL,BS_SHARE_CAPITAL,ORIGINAL_REPORTED_2023::BS_SHARE_CAPITAL,7025769,RMB_THOUSAND,7025.769,RMB_MILLION,0.001,CAS,GROUP_CONSOLIDATED,DIRECT,ORIGINAL,UNIT_NORMALIZATION_ONLY,,2023A
2023::ORIGINAL_REPORTED_2023::BS_SHORT_TERM_BORROWING,2023,2023A,BS_SHORT_TERM_BORROWING,BS_SHORT_TERM_BORROWING,ORIGINAL_REPORTED_2023::BS_SHORT_TERM_BORROWING,8819176,RMB_THOUSAND,8819.176,RMB_MILLION,0.001,CAS,GROUP_CONSOLIDATED,DIRECT,ORIGINAL,UNIT_NORMALIZATION_ONLY,,2023A
2023::ORIGINAL_REPORTED_2023::BS_SPECIAL_RESERVE,2023,2023A,BS_SPECIAL_RESERVE,BS_SPECIAL_RESERVE,ORIGINAL_REPORTED_2023::BS_SPECIAL_RESERVE,16040,RMB_THOUSAND,16.04,RMB_MILLION,0.001,CAS,GROUP_CONSOLIDATED,DIRECT,ORIGINAL,UNIT_NORMALIZATION_ONLY,,2023A
2023::ORIGINAL_REPORTED_2023::BS_SURPLUS_RESERVE,2023,2023A,BS_SURPLUS_RESERVE,BS_SURPLUS_RESERVE,ORIGINAL_REPORTED_2023::BS_SURPLUS_RESERVE,10702928,RMB_THOUSAND,10702.928,RMB_MILLION,0.001,CAS,GROUP_CONSOLIDATED,DIRECT,ORIGINAL,UNIT_NORMALIZATION_ONLY,,2023A
2023::ORIGINAL_REPORTED_2023::BS_TAXES_PAYABLE,2023,2023A,BS_TAXES_PAYABLE,BS_TAXES_PAYABLE,ORIGINAL_REPORTED_2023::BS_TAXES_PAYABLE,5455102,RMB_THOUSAND,5455.102,RMB_MILLION,0.001,CAS,GROUP_CONSOLIDATED,DIRECT,ORIGINAL,UNIT_NORMALIZATION_ONLY,,2023A
2023::ORIGINAL_REPORTED_2023::BS_TERM_DEPOSITS,2023,2023A,BS_TERM_DEPOSITS,BS_TERM_DEPOSITS,ORIGINAL_REPORTED_2023::BS_TERM_DEPOSITS,16848494,RMB_THOUSAND,16848.494,RMB_MILLION,0.001,CAS,GROUP_CONSOLIDATED,DERIVED,ORIGINAL,UNIT_NORMALIZATION_ONLY,,2023A
2023::ORIGINAL_REPORTED_2023::BS_TOTAL_ASSETS,2023,2023A,BS_TOTAL_ASSETS,BS_TOTAL_ASSETS,ORIGINAL_REPORTED_2023::BS_TOTAL_ASSETS,486038184,RMB_THOUSAND,486038.184,RMB_MILLION,0.001,CAS,GROUP_CONSOLIDATED,DIRECT,ORIGINAL,UNIT_NORMALIZATION_ONLY,,2023A
2023::ORIGINAL_REPORTED_2023::BS_TOTAL_CURRENT_ASSETS,2023,2023A,BS_TOTAL_CURRENT_ASSETS,BS_TOTAL_CURRENT_ASSETS,ORIGINAL_REPORTED_2023::BS_TOTAL_CURRENT_ASSETS,281320980,RMB_THOUSAND,281320.98,RMB_MILLION,0.001,CAS,GROUP_CONSOLIDATED,DIRECT,ORIGINAL,UNIT_NORMALIZATION_ONLY,,2023A
2023::ORIGINAL_REPORTED_2023::BS_TOTAL_CURRENT_LIABILITIES,2023,2023A,BS_TOTAL_CURRENT_LIABILITIES,BS_TOTAL_CURRENT_LIABILITIES,ORIGINAL_REPORTED_2023::BS_TOTAL_CURRENT_LIABILITIES,251245721,RMB_THOUSAND,251245.721,RMB_MILLION,0.001,CAS,GROUP_CONSOLIDATED,DIRECT,ORIGINAL,UNIT_NORMALIZATION_ONLY,,2023A
2023::ORIGINAL_REPORTED_2023::BS_TOTAL_EQUITY,2023,2023A,BS_TOTAL_EQUITY,BS_TOTAL_EQUITY,ORIGINAL_REPORTED_2023::BS_TOTAL_EQUITY,174299649,RMB_THOUSAND,174299.649,RMB_MILLION,0.001,CAS,GROUP_CONSOLIDATED,DIRECT,ORIGINAL,UNIT_NORMALIZATION_ONLY,,2023A
2023::ORIGINAL_REPORTED_2023::BS_TOTAL_LIABILITIES,2023,2023A,BS_TOTAL_LIABILITIES,BS_TOTAL_LIABILITIES,ORIGINAL_REPORTED_2023::BS_TOTAL_LIABILITIES,311738535,RMB_THOUSAND,311738.535,RMB_MILLION,0.001,CAS,GROUP_CONSOLIDATED,DIRECT,ORIGINAL,UNIT_NORMALIZATION_ONLY,,2023A
2023::ORIGINAL_REPORTED_2023::BS_TOTAL_NONCURRENT_ASSETS,2023,2023A,BS_TOTAL_NONCURRENT_ASSETS,BS_TOTAL_NONCURRENT_ASSETS,ORIGINAL_REPORTED_2023::BS_TOTAL_NONCURRENT_ASSETS,204717204,RMB_THOUSAND,204717.204,RMB_MILLION,0.001,CAS,GROUP_CONSOLIDATED,DIRECT,ORIGINAL,UNIT_NORMALIZATION_ONLY,,2023A
2023::ORIGINAL_REPORTED_2023::BS_TOTAL_NONCURRENT_LIABILITIES,2023,2023A,BS_TOTAL_NONCURRENT_LIABILITIES,BS_TOTAL_NONCURRENT_LIABILITIES,ORIGINAL_REPORTED_2023::BS_TOTAL_NONCURRENT_LIABILITIES,60492814,RMB_THOUSAND,60492.814,RMB_MILLION,0.001,CAS,GROUP_CONSOLIDATED,DIRECT,ORIGINAL,UNIT_NORMALIZATION_ONLY,,2023A
2023::ORIGINAL_REPORTED_2023::BS_TRADING_FINANCIAL_ASSETS,2023,2023A,BS_TRADING_FINANCIAL_ASSETS,BS_TRADING_FINANCIAL_ASSETS,ORIGINAL_REPORTED_2023::BS_TRADING_FINANCIAL_ASSETS,1790588,RMB_THOUSAND,1790.588,RMB_MILLION,0.001,CAS,GROUP_CONSOLIDATED,DIRECT,ORIGINAL,UNIT_NORMALIZATION_ONLY,,2023A
2023::ORIGINAL_REPORTED_2023::BS_TRADING_FINANCIAL_LIABILITIES,2023,2023A,BS_TRADING_FINANCIAL_LIABILITIES,BS_TRADING_FINANCIAL_LIABILITIES,ORIGINAL_REPORTED_2023::BS_TRADING_FINANCIAL_LIABILITIES,1346674,RMB_THOUSAND,1346.674,RMB_MILLION,0.001,CAS,GROUP_CONSOLIDATED,DIRECT,ORIGINAL,UNIT_NORMALIZATION_ONLY,,2023A
2023::ORIGINAL_REPORTED_2023::BS_TREASURY_SHARES,2023,2023A,BS_TREASURY_SHARES,BS_TREASURY_SHARES,ORIGINAL_REPORTED_2023::BS_TREASURY_SHARES,-12871738,RMB_THOUSAND,-12871.738,RMB_MILLION,0.001,CAS,GROUP_CONSOLIDATED,DIRECT,ORIGINAL,UNIT_NORMALIZATION_ONLY,,2023A
2023::ORIGINAL_REPORTED_2023::CF_ACQUISITION_PAYMENTS,2023,2023A,CF_ACQUISITION_PAYMENTS,CF_ACQUISITION_PAYMENTS,ORIGINAL_REPORTED_2023::CF_ACQUISITION_PAYMENTS,-712,RMB_THOUSAND,-0.712,RMB_MILLION,0.001,CAS,GROUP_CONSOLIDATED,DIRECT,ORIGINAL,UNIT_NORMALIZATION_ONLY,,2023A
2023::ORIGINAL_REPORTED_2023::CF_CAPEX,2023,2023A,CF_CAPEX,CF_CAPEX,ORIGINAL_REPORTED_2023::CF_CAPEX,-6314051,RMB_THOUSAND,-6314.051,RMB_MILLION,0.001,CAS,GROUP_CONSOLIDATED,DIRECT,ORIGINAL,UNIT_NORMALIZATION_ONLY,,2023A
2023::ORIGINAL_REPORTED_2023::CF_CAPITAL_CONTRIBUTIONS,2023,2023A,CF_CAPITAL_CONTRIBUTIONS,CF_CAPITAL_CONTRIBUTIONS,ORIGINAL_REPORTED_2023::CF_CAPITAL_CONTRIBUTIONS,2357841,RMB_THOUSAND,2357.841,RMB_MILLION,0.001,CAS,GROUP_CONSOLIDATED,DIRECT,ORIGINAL,UNIT_NORMALIZATION_ONLY,,2023A
2023::ORIGINAL_REPORTED_2023::CF_CASH_FROM_SALES,2023,2023A,CF_CASH_FROM_SALES,CF_CASH_FROM_SALES,ORIGINAL_REPORTED_2023::CF_CASH_FROM_SALES,356076005,RMB_THOUSAND,356076.005,RMB_MILLION,0.001,CAS,GROUP_CONSOLIDATED,DIRECT,ORIGINAL,UNIT_NORMALIZATION_ONLY,,2023A
2023::ORIGINAL_REPORTED_2023::CF_CASH_TO_EMPLOYEES,2023,2023A,CF_CASH_TO_EMPLOYEES,CF_CASH_TO_EMPLOYEES,ORIGINAL_REPORTED_2023::CF_CASH_TO_EMPLOYEES,-38605604,RMB_THOUSAND,-38605.604,RMB_MILLION,0.001,CAS,GROUP_CONSOLIDATED,DIRECT,ORIGINAL,UNIT_NORMALIZATION_ONLY,,2023A
2023::ORIGINAL_REPORTED_2023::CF_CASH_TO_SUPPLIERS,2023,2023A,CF_CASH_TO_SUPPLIERS,CF_CASH_TO_SUPPLIERS,ORIGINAL_REPORTED_2023::CF_CASH_TO_SUPPLIERS,-216446770,RMB_THOUSAND,-216446.77,RMB_MILLION,0.001,CAS,GROUP_CONSOLIDATED,DIRECT,ORIGINAL,UNIT_NORMALIZATION_ONLY,,2023A
2023::ORIGINAL_REPORTED_2023::CF_CENTRAL_BANK_BORROWINGS_DECREASE,2023,2023A,CF_CENTRAL_BANK_BORROWINGS_DECREASE,CF_CENTRAL_BANK_BORROWINGS_DECREASE,ORIGINAL_REPORTED_2023::CF_CENTRAL_BANK_BORROWINGS_DECREASE,0,RMB_THOUSAND,0,RMB_MILLION,0.001,CAS,GROUP_CONSOLIDATED,DIRECT,ORIGINAL,UNIT_NORMALIZATION_ONLY,,2023A
2023::ORIGINAL_REPORTED_2023::CF_CENTRAL_BANK_DEPOSITS_DECREASE,2023,2023A,CF_CENTRAL_BANK_DEPOSITS_DECREASE,CF_CENTRAL_BANK_DEPOSITS_DECREASE,ORIGINAL_REPORTED_2023::CF_CENTRAL_BANK_DEPOSITS_DECREASE,0,RMB_THOUSAND,0,RMB_MILLION,0.001,CAS,GROUP_CONSOLIDATED,DIRECT,ORIGINAL,UNIT_NORMALIZATION_ONLY,,2023A
2023::ORIGINAL_REPORTED_2023::CF_CENTRAL_BANK_DEPOSITS_INCREASE,2023,2023A,CF_CENTRAL_BANK_DEPOSITS_INCREASE,CF_CENTRAL_BANK_DEPOSITS_INCREASE,ORIGINAL_REPORTED_2023::CF_CENTRAL_BANK_DEPOSITS_INCREASE,-86661,RMB_THOUSAND,-86.661,RMB_MILLION,0.001,CAS,GROUP_CONSOLIDATED,DIRECT,ORIGINAL,UNIT_NORMALIZATION_ONLY,,2023A
2023::ORIGINAL_REPORTED_2023::CF_CFF,2023,2023A,CF_CFF,CF_CFF,ORIGINAL_REPORTED_2023::CF_CFF,-17910213,RMB_THOUSAND,-17910.213,RMB_MILLION,0.001,CAS,GROUP_CONSOLIDATED,DIRECT,ORIGINAL,UNIT_NORMALIZATION_ONLY,,2023A
2023::ORIGINAL_REPORTED_2023::CF_CFI,2023,2023A,CF_CFI,CF_CFI,ORIGINAL_REPORTED_2023::CF_CFI,-31219855,RMB_THOUSAND,-31219.855,RMB_MILLION,0.001,CAS,GROUP_CONSOLIDATED,DIRECT,ORIGINAL,UNIT_NORMALIZATION_ONLY,,2023A
2023::ORIGINAL_REPORTED_2023::CF_CFO,2023,2023A,CF_CFO,CF_CFO,ORIGINAL_REPORTED_2023::CF_CFO,57902611,RMB_THOUSAND,57902.611,RMB_MILLION,0.001,CAS,GROUP_CONSOLIDATED,DIRECT,ORIGINAL,UNIT_NORMALIZATION_ONLY,,2023A
2023::ORIGINAL_REPORTED_2023::CF_CLOSING_CASH,2023,2023A,CF_CLOSING_CASH,CF_CLOSING_CASH,ORIGINAL_REPORTED_2023::CF_CLOSING_CASH,59887260,RMB_THOUSAND,59887.26,RMB_MILLION,0.001,CAS,GROUP_CONSOLIDATED,DIRECT,ORIGINAL,UNIT_NORMALIZATION_ONLY,,2023A
2023::ORIGINAL_REPORTED_2023::CF_CUSTOMER_DEPOSITS_DECREASE,2023,2023A,CF_CUSTOMER_DEPOSITS_DECREASE,CF_CUSTOMER_DEPOSITS_DECREASE,ORIGINAL_REPORTED_2023::CF_CUSTOMER_DEPOSITS_DECREASE,0,RMB_THOUSAND,0,RMB_MILLION,0.001,CAS,GROUP_CONSOLIDATED,DIRECT,ORIGINAL,UNIT_NORMALIZATION_ONLY,,2023A
2023::ORIGINAL_REPORTED_2023::CF_CUSTOMER_DEPOSITS_INCREASE,2023,2023A,CF_CUSTOMER_DEPOSITS_INCREASE,CF_CUSTOMER_DEPOSITS_INCREASE,ORIGINAL_REPORTED_2023::CF_CUSTOMER_DEPOSITS_INCREASE,11491,RMB_THOUSAND,11.491,RMB_MILLION,0.001,CAS,GROUP_CONSOLIDATED,DIRECT,ORIGINAL,UNIT_NORMALIZATION_ONLY,,2023A
2023::ORIGINAL_REPORTED_2023::CF_DEBENTURE_ISSUANCE,2023,2023A,CF_DEBENTURE_ISSUANCE,CF_DEBENTURE_ISSUANCE,ORIGINAL_REPORTED_2023::CF_DEBENTURE_ISSUANCE,0,RMB_THOUSAND,0,RMB_MILLION,0.001,CAS,GROUP_CONSOLIDATED,DIRECT,ORIGINAL,UNIT_NORMALIZATION_ONLY,,2023A
2023::ORIGINAL_REPORTED_2023::CF_DEBT_PROCEEDS,2023,2023A,CF_DEBT_PROCEEDS,CF_DEBT_PROCEEDS,ORIGINAL_REPORTED_2023::CF_DEBT_PROCEEDS,33888703,RMB_THOUSAND,33888.703,RMB_MILLION,0.001,CAS,GROUP_CONSOLIDATED,DIRECT,ORIGINAL,UNIT_NORMALIZATION_ONLY,,2023A
2023::ORIGINAL_REPORTED_2023::CF_DEBT_REPAYMENTS,2023,2023A,CF_DEBT_REPAYMENTS,CF_DEBT_REPAYMENTS,ORIGINAL_REPORTED_2023::CF_DEBT_REPAYMENTS,-33114644,RMB_THOUSAND,-33114.644,RMB_MILLION,0.001,CAS,GROUP_CONSOLIDATED,DIRECT,ORIGINAL,UNIT_NORMALIZATION_ONLY,,2023A
2023::ORIGINAL_REPORTED_2023::CF_DIVIDENDS_INTEREST,2023,2023A,CF_DIVIDENDS_INTEREST,CF_DIVIDENDS_INTEREST,ORIGINAL_REPORTED_2023::CF_DIVIDENDS_INTEREST,-19643828,RMB_THOUSAND,-19643.828,RMB_MILLION,0.001,CAS,GROUP_CONSOLIDATED,DIRECT,ORIGINAL,UNIT_NORMALIZATION_ONLY,,2023A
2023::ORIGINAL_REPORTED_2023::CF_FIXED_ASSET_DISPOSAL_PROCEEDS,2023,2023A,CF_FIXED_ASSET_DISPOSAL_PROCEEDS,CF_FIXED_ASSET_DISPOSAL_PROCEEDS,ORIGINAL_REPORTED_2023::CF_FIXED_ASSET_DISPOSAL_PROCEEDS,391359,RMB_THOUSAND,391.359,RMB_MILLION,0.001,CAS,GROUP_CONSOLIDATED,DIRECT,ORIGINAL,UNIT_NORMALIZATION_ONLY,,2023A
2023::ORIGINAL_REPORTED_2023::CF_FX_EFFECT,2023,2023A,CF_FX_EFFECT,CF_FX_EFFECT,ORIGINAL_REPORTED_2023::CF_FX_EFFECT,-17251,RMB_THOUSAND,-17.251,RMB_MILLION,0.001,CAS,GROUP_CONSOLIDATED,DIRECT,ORIGINAL,UNIT_NORMALIZATION_ONLY,,2023A
2023::ORIGINAL_REPORTED_2023::CF_INTEREST_FEES_PAID,2023,2023A,CF_INTEREST_FEES_PAID,CF_INTEREST_FEES_PAID,ORIGINAL_REPORTED_2023::CF_INTEREST_FEES_PAID,-35232,RMB_THOUSAND,-35.232,RMB_MILLION,0.001,CAS,GROUP_CONSOLIDATED,DIRECT,ORIGINAL,UNIT_NORMALIZATION_ONLY,,2023A
2023::ORIGINAL_REPORTED_2023::CF_INTEREST_FEES_RECEIVED,2023,2023A,CF_INTEREST_FEES_RECEIVED,CF_INTEREST_FEES_RECEIVED,ORIGINAL_REPORTED_2023::CF_INTEREST_FEES_RECEIVED,1691771,RMB_THOUSAND,1691.771,RMB_MILLION,0.001,CAS,GROUP_CONSOLIDATED,DIRECT,ORIGINAL,UNIT_NORMALIZATION_ONLY,,2023A
2023::ORIGINAL_REPORTED_2023::CF_INVESTMENT_PROCEEDS,2023,2023A,CF_INVESTMENT_PROCEEDS,CF_INVESTMENT_PROCEEDS,ORIGINAL_REPORTED_2023::CF_INVESTMENT_PROCEEDS,116074693,RMB_THOUSAND,116074.693,RMB_MILLION,0.001,CAS,GROUP_CONSOLIDATED,DIRECT,ORIGINAL,UNIT_NORMALIZATION_ONLY,,2023A
2023::ORIGINAL_REPORTED_2023::CF_INVESTMENT_PURCHASES,2023,2023A,CF_INVESTMENT_PURCHASES,CF_INVESTMENT_PURCHASES,ORIGINAL_REPORTED_2023::CF_INVESTMENT_PURCHASES,-146998174,RMB_THOUSAND,-146998.174,RMB_MILLION,0.001,CAS,GROUP_CONSOLIDATED,DIRECT,ORIGINAL,UNIT_NORMALIZATION_ONLY,,2023A
2023::ORIGINAL_REPORTED_2023::CF_INVESTMENT_RETURNS,2023,2023A,CF_INVESTMENT_RETURNS,CF_INVESTMENT_RETURNS,ORIGINAL_REPORTED_2023::CF_INVESTMENT_RETURNS,5336233,RMB_THOUSAND,5336.233,RMB_MILLION,0.001,CAS,GROUP_CONSOLIDATED,DIRECT,ORIGINAL,UNIT_NORMALIZATION_ONLY,,2023A
2023::ORIGINAL_REPORTED_2023::CF_LEASE_FINANCING_PAYMENTS,2023,2023A,CF_LEASE_FINANCING_PAYMENTS,CF_LEASE_FINANCING_PAYMENTS,ORIGINAL_REPORTED_2023::CF_LEASE_FINANCING_PAYMENTS,-1553852,RMB_THOUSAND,-1553.852,RMB_MILLION,0.001,CAS,GROUP_CONSOLIDATED,DIRECT,ORIGINAL,UNIT_NORMALIZATION_ONLY,,2023A
2023::ORIGINAL_REPORTED_2023::CF_LEASE_PAYMENTS,2023,2023A,CF_LEASE_PAYMENTS,CF_LEASE_PAYMENTS,ORIGINAL_REPORTED_2023::CF_LEASE_PAYMENTS,-1553852,RMB_THOUSAND,-1553.852,RMB_MILLION,0.001,CAS,GROUP_CONSOLIDATED,DIRECT,ORIGINAL,UNIT_NORMALIZATION_ONLY,,2023A
2023::ORIGINAL_REPORTED_2023::CF_LOANS_ADVANCES_DECREASE,2023,2023A,CF_LOANS_ADVANCES_DECREASE,CF_LOANS_ADVANCES_DECREASE,ORIGINAL_REPORTED_2023::CF_LOANS_ADVANCES_DECREASE,0,RMB_THOUSAND,0,RMB_MILLION,0.001,CAS,GROUP_CONSOLIDATED,DIRECT,ORIGINAL,UNIT_NORMALIZATION_ONLY,,2023A
2023::ORIGINAL_REPORTED_2023::CF_LOANS_ADVANCES_INCREASE,2023,2023A,CF_LOANS_ADVANCES_INCREASE,CF_LOANS_ADVANCES_INCREASE,ORIGINAL_REPORTED_2023::CF_LOANS_ADVANCES_INCREASE,-333557,RMB_THOUSAND,-333.557,RMB_MILLION,0.001,CAS,GROUP_CONSOLIDATED,DIRECT,ORIGINAL,UNIT_NORMALIZATION_ONLY,,2023A
2023::ORIGINAL_REPORTED_2023::CF_MINORITY_ACQUISITIONS,2023,2023A,CF_MINORITY_ACQUISITIONS,CF_MINORITY_ACQUISITIONS,ORIGINAL_REPORTED_2023::CF_MINORITY_ACQUISITIONS,-36357,RMB_THOUSAND,-36.357,RMB_MILLION,0.001,CAS,GROUP_CONSOLIDATED,DIRECT,ORIGINAL,UNIT_NORMALIZATION_ONLY,,2023A
2023::ORIGINAL_REPORTED_2023::CF_MINORITY_CAPITAL_CONTRIBUTIONS,2023,2023A,CF_MINORITY_CAPITAL_CONTRIBUTIONS,CF_MINORITY_CAPITAL_CONTRIBUTIONS,ORIGINAL_REPORTED_2023::CF_MINORITY_CAPITAL_CONTRIBUTIONS,45581,RMB_THOUSAND,45.581,RMB_MILLION,0.001,CAS,GROUP_CONSOLIDATED,DIRECT,ORIGINAL,UNIT_NORMALIZATION_ONLY,,2023A
2023::ORIGINAL_REPORTED_2023::CF_MINORITY_DIVIDENDS,2023,2023A,CF_MINORITY_DIVIDENDS,CF_MINORITY_DIVIDENDS,ORIGINAL_REPORTED_2023::CF_MINORITY_DIVIDENDS,-333316,RMB_THOUSAND,-333.316,RMB_MILLION,0.001,CAS,GROUP_CONSOLIDATED,DIRECT,ORIGINAL,UNIT_NORMALIZATION_ONLY,,2023A
2023::ORIGINAL_REPORTED_2023::CF_NET_CHANGE_CASH,2023,2023A,CF_NET_CHANGE_CASH,CF_NET_CHANGE_CASH,ORIGINAL_REPORTED_2023::CF_NET_CHANGE_CASH,8755292,RMB_THOUSAND,8755.292,RMB_MILLION,0.001,CAS,GROUP_CONSOLIDATED,DIRECT,ORIGINAL,UNIT_NORMALIZATION_ONLY,,2023A
2023::ORIGINAL_REPORTED_2023::CF_OPENING_CASH,2023,2023A,CF_OPENING_CASH,CF_OPENING_CASH,ORIGINAL_REPORTED_2023::CF_OPENING_CASH,51131968,RMB_THOUSAND,51131.968,RMB_MILLION,0.001,CAS,GROUP_CONSOLIDATED,DIRECT,ORIGINAL,UNIT_NORMALIZATION_ONLY,,2023A
2023::ORIGINAL_REPORTED_2023::CF_OTHER_FINANCING_PAYMENTS,2023,2023A,CF_OTHER_FINANCING_PAYMENTS,CF_OTHER_FINANCING_PAYMENTS,ORIGINAL_REPORTED_2023::CF_OTHER_FINANCING_PAYMENTS,-2263876,RMB_THOUSAND,-2263.876,RMB_MILLION,0.001,CAS,GROUP_CONSOLIDATED,DIRECT,ORIGINAL,UNIT_NORMALIZATION_ONLY,,2023A
2023::ORIGINAL_REPORTED_2023::CF_OTHER_FINANCING_RECEIPTS,2023,2023A,CF_OTHER_FINANCING_RECEIPTS,CF_OTHER_FINANCING_RECEIPTS,ORIGINAL_REPORTED_2023::CF_OTHER_FINANCING_RECEIPTS,865591,RMB_THOUSAND,865.591,RMB_MILLION,0.001,CAS,GROUP_CONSOLIDATED,DIRECT,ORIGINAL,UNIT_NORMALIZATION_ONLY,,2023A
2023::ORIGINAL_REPORTED_2023::CF_OTHER_INVESTING_PAYMENTS,2023,2023A,CF_OTHER_INVESTING_PAYMENTS,CF_OTHER_INVESTING_PAYMENTS,ORIGINAL_REPORTED_2023::CF_OTHER_INVESTING_PAYMENTS,-110153,RMB_THOUSAND,-110.153,RMB_MILLION,0.001,CAS,GROUP_CONSOLIDATED,DIRECT,ORIGINAL,UNIT_NORMALIZATION_ONLY,,2023A
2023::ORIGINAL_REPORTED_2023::CF_OTHER_INVESTING_RECEIPTS,2023,2023A,CF_OTHER_INVESTING_RECEIPTS,CF_OTHER_INVESTING_RECEIPTS,ORIGINAL_REPORTED_2023::CF_OTHER_INVESTING_RECEIPTS,373816,RMB_THOUSAND,373.816,RMB_MILLION,0.001,CAS,GROUP_CONSOLIDATED,DIRECT,ORIGINAL,UNIT_NORMALIZATION_ONLY,,2023A
2023::ORIGINAL_REPORTED_2023::CF_OTHER_OPERATING_PAYMENTS,2023,2023A,CF_OTHER_OPERATING_PAYMENTS,CF_OTHER_OPERATING_PAYMENTS,ORIGINAL_REPORTED_2023::CF_OTHER_OPERATING_PAYMENTS,-40934379,RMB_THOUSAND,-40934.379,RMB_MILLION,0.001,CAS,GROUP_CONSOLIDATED,DIRECT,ORIGINAL,UNIT_NORMALIZATION_ONLY,,2023A
2023::ORIGINAL_REPORTED_2023::CF_OTHER_OPERATING_RECEIPTS,2023,2023A,CF_OTHER_OPERATING_RECEIPTS,CF_OTHER_OPERATING_RECEIPTS,ORIGINAL_REPORTED_2023::CF_OTHER_OPERATING_RECEIPTS,7721752,RMB_THOUSAND,7721.752,RMB_MILLION,0.001,CAS,GROUP_CONSOLIDATED,DIRECT,ORIGINAL,UNIT_NORMALIZATION_ONLY,,2023A
2023::ORIGINAL_REPORTED_2023::CF_SHARE_REPURCHASES,2023,2023A,CF_SHARE_REPURCHASES,CF_SHARE_REPURCHASES,ORIGINAL_REPORTED_2023::CF_SHARE_REPURCHASES,0,RMB_THOUSAND,0,RMB_MILLION,0.001,CAS,GROUP_CONSOLIDATED,DIRECT,ORIGINAL,UNIT_NORMALIZATION_ONLY,,2023A
2023::ORIGINAL_REPORTED_2023::CF_SHORT_TERM_BOND_ISSUANCE,2023,2023A,CF_SHORT_TERM_BOND_ISSUANCE,CF_SHORT_TERM_BOND_ISSUANCE,ORIGINAL_REPORTED_2023::CF_SHORT_TERM_BOND_ISSUANCE,0,RMB_THOUSAND,0,RMB_MILLION,0.001,CAS,GROUP_CONSOLIDATED,DIRECT,ORIGINAL,UNIT_NORMALIZATION_ONLY,,2023A
2023::ORIGINAL_REPORTED_2023::CF_SHORT_TERM_BOND_REDEMPTION,2023,2023A,CF_SHORT_TERM_BOND_REDEMPTION,CF_SHORT_TERM_BOND_REDEMPTION,ORIGINAL_REPORTED_2023::CF_SHORT_TERM_BOND_REDEMPTION,0,RMB_THOUSAND,0,RMB_MILLION,0.001,CAS,GROUP_CONSOLIDATED,DIRECT,ORIGINAL,UNIT_NORMALIZATION_ONLY,,2023A
2023::ORIGINAL_REPORTED_2023::CF_SUBSIDIARY_DISPOSAL_PROCEEDS,2023,2023A,CF_SUBSIDIARY_DISPOSAL_PROCEEDS,CF_SUBSIDIARY_DISPOSAL_PROCEEDS,ORIGINAL_REPORTED_2023::CF_SUBSIDIARY_DISPOSAL_PROCEEDS,27134,RMB_THOUSAND,27.134,RMB_MILLION,0.001,CAS,GROUP_CONSOLIDATED,DIRECT,ORIGINAL,UNIT_NORMALIZATION_ONLY,,2023A
2023::ORIGINAL_REPORTED_2023::CF_TAXES_PAID,2023,2023A,CF_TAXES_PAID,CF_TAXES_PAID,ORIGINAL_REPORTED_2023::CF_TAXES_PAID,-18488931,RMB_THOUSAND,-18488.931,RMB_MILLION,0.001,CAS,GROUP_CONSOLIDATED,DIRECT,ORIGINAL,UNIT_NORMALIZATION_ONLY,,2023A
2023::ORIGINAL_REPORTED_2023::CF_TAX_REFUNDS,2023,2023A,CF_TAX_REFUNDS,CF_TAX_REFUNDS,ORIGINAL_REPORTED_2023::CF_TAX_REFUNDS,7332726,RMB_THOUSAND,7332.726,RMB_MILLION,0.001,CAS,GROUP_CONSOLIDATED,DIRECT,ORIGINAL,UNIT_NORMALIZATION_ONLY,,2023A
2023::ORIGINAL_REPORTED_2023::IS_ADJUSTED_ATTRIBUTABLE_NI,2023,2023A,IS_ADJUSTED_ATTRIBUTABLE_NI,IS_ADJUSTED_ATTRIBUTABLE_NI,ORIGINAL_REPORTED_2023::IS_ADJUSTED_ATTRIBUTABLE_NI,32974908,RMB_THOUSAND,32974.908,RMB_MILLION,0.001,CAS,GROUP_CONSOLIDATED,DIRECT,ORIGINAL,UNIT_NORMALIZATION_ONLY,,2023A
2023::ORIGINAL_REPORTED_2023::IS_ADMIN_EXPENSE,2023,2023A,IS_ADMIN_EXPENSE,IS_ADMIN_EXPENSE,ORIGINAL_REPORTED_2023::IS_ADMIN_EXPENSE,-13476908,RMB_THOUSAND,-13476.908,RMB_MILLION,0.001,CAS,GROUP_CONSOLIDATED,DIRECT,ORIGINAL,UNIT_NORMALIZATION_ONLY,,2023A
2023::ORIGINAL_REPORTED_2023::IS_ASSET_DISPOSAL,2023,2023A,IS_ASSET_DISPOSAL,IS_ASSET_DISPOSAL,ORIGINAL_REPORTED_2023::IS_ASSET_DISPOSAL,-60868,RMB_THOUSAND,-60.868,RMB_MILLION,0.001,CAS,GROUP_CONSOLIDATED,DIRECT,ORIGINAL,UNIT_NORMALIZATION_ONLY,,2023A
2023::ORIGINAL_REPORTED_2023::IS_ASSET_IMPAIRMENT,2023,2023A,IS_ASSET_IMPAIRMENT,IS_ASSET_IMPAIRMENT,ORIGINAL_REPORTED_2023::IS_ASSET_IMPAIRMENT,-439777,RMB_THOUSAND,-439.777,RMB_MILLION,0.001,CAS,GROUP_CONSOLIDATED,DIRECT,ORIGINAL,UNIT_NORMALIZATION_ONLY,,2023A
2023::ORIGINAL_REPORTED_2023::IS_ASSOCIATE_INVESTMENT_INCOME,2023,2023A,IS_ASSOCIATE_INVESTMENT_INCOME,IS_ASSOCIATE_INVESTMENT_INCOME,ORIGINAL_REPORTED_2023::IS_ASSOCIATE_INVESTMENT_INCOME,680759,RMB_THOUSAND,680.759,RMB_MILLION,0.001,CAS,GROUP_CONSOLIDATED,DIRECT,ORIGINAL,UNIT_NORMALIZATION_ONLY,,2023A
2023::ORIGINAL_REPORTED_2023::IS_ATTRIBUTABLE_NI,2023,2023A,IS_ATTRIBUTABLE_NI,IS_ATTRIBUTABLE_NI,ORIGINAL_REPORTED_2023::IS_ATTRIBUTABLE_NI,33719935,RMB_THOUSAND,33719.935,RMB_MILLION,0.001,CAS,GROUP_CONSOLIDATED,DIRECT,ORIGINAL,UNIT_NORMALIZATION_ONLY,,2023A
2023::ORIGINAL_REPORTED_2023::IS_BASIC_EPS,2023,2023A,IS_BASIC_EPS,IS_BASIC_EPS,ORIGINAL_REPORTED_2023::IS_BASIC_EPS,4.93,RMB_PER_SHARE,4.93,RMB_PER_SHARE,1,CAS,GROUP_CONSOLIDATED,DIRECT,ORIGINAL,UNIT_NORMALIZATION_ONLY,,2023A
2023::ORIGINAL_REPORTED_2023::IS_CREDIT_IMPAIRMENT,2023,2023A,IS_CREDIT_IMPAIRMENT,IS_CREDIT_IMPAIRMENT,ORIGINAL_REPORTED_2023::IS_CREDIT_IMPAIRMENT,-198624,RMB_THOUSAND,-198.624,RMB_MILLION,0.001,CAS,GROUP_CONSOLIDATED,DIRECT,ORIGINAL,UNIT_NORMALIZATION_ONLY,,2023A
2023::ORIGINAL_REPORTED_2023::IS_DILUTED_EPS,2023,2023A,IS_DILUTED_EPS,IS_DILUTED_EPS,ORIGINAL_REPORTED_2023::IS_DILUTED_EPS,4.92,RMB_PER_SHARE,4.92,RMB_PER_SHARE,1,CAS,GROUP_CONSOLIDATED,DIRECT,ORIGINAL,UNIT_NORMALIZATION_ONLY,,2023A
2023::ORIGINAL_REPORTED_2023::IS_FAIR_VALUE_CHANGE,2023,2023A,IS_FAIR_VALUE_CHANGE,IS_FAIR_VALUE_CHANGE,ORIGINAL_REPORTED_2023::IS_FAIR_VALUE_CHANGE,-226492,RMB_THOUSAND,-226.492,RMB_MILLION,0.001,CAS,GROUP_CONSOLIDATED,DIRECT,ORIGINAL,UNIT_NORMALIZATION_ONLY,,2023A
2023::ORIGINAL_REPORTED_2023::IS_FEE_COMMISSION_EXPENSE,2023,2023A,IS_FEE_COMMISSION_EXPENSE,IS_FEE_COMMISSION_EXPENSE,ORIGINAL_REPORTED_2023::IS_FEE_COMMISSION_EXPENSE,-3572,RMB_THOUSAND,-3.572,RMB_MILLION,0.001,CAS,GROUP_CONSOLIDATED,DIRECT,ORIGINAL,UNIT_NORMALIZATION_ONLY,,2023A
2023::ORIGINAL_REPORTED_2023::IS_FEE_COMMISSION_INCOME,2023,2023A,IS_FEE_COMMISSION_INCOME,IS_FEE_COMMISSION_INCOME,ORIGINAL_REPORTED_2023::IS_FEE_COMMISSION_INCOME,616,RMB_THOUSAND,0.616,RMB_MILLION,0.001,CAS,GROUP_CONSOLIDATED,DIRECT,ORIGINAL,UNIT_NORMALIZATION_ONLY,,2023A
2023::ORIGINAL_REPORTED_2023::IS_FINANCE_INTEREST_INCOME,2023,2023A,IS_FINANCE_INTEREST_INCOME,IS_FINANCE_INTEREST_INCOME,ORIGINAL_REPORTED_2023::IS_FINANCE_INTEREST_INCOME,6951446,RMB_THOUSAND,6951.446,RMB_MILLION,0.001,CAS,GROUP_CONSOLIDATED,DIRECT,ORIGINAL,UNIT_NORMALIZATION_ONLY,,2023A
2023::ORIGINAL_REPORTED_2023::IS_FINANCE_RESULT,2023,2023A,IS_FINANCE_RESULT,IS_FINANCE_RESULT,ORIGINAL_REPORTED_2023::IS_FINANCE_RESULT,3261656,RMB_THOUSAND,3261.656,RMB_MILLION,0.001,CAS,GROUP_CONSOLIDATED,DIRECT,ORIGINAL,UNIT_NORMALIZATION_ONLY,,2023A
2023::ORIGINAL_REPORTED_2023::IS_FINANCIAL_BUSINESS_INTEREST_COST,2023,2023A,IS_FINANCIAL_BUSINESS_INTEREST_COST,IS_FINANCIAL_BUSINESS_INTEREST_COST,ORIGINAL_REPORTED_2023::IS_FINANCIAL_BUSINESS_INTEREST_COST,-31660,RMB_THOUSAND,-31.66,RMB_MILLION,0.001,CAS,GROUP_CONSOLIDATED,DIRECT,ORIGINAL,UNIT_NORMALIZATION_ONLY,,2023A
2023::ORIGINAL_REPORTED_2023::IS_FINANCIAL_BUSINESS_INTEREST_INCOME,2023,2023A,IS_FINANCIAL_BUSINESS_INTEREST_INCOME,IS_FINANCIAL_BUSINESS_INTEREST_INCOME,ORIGINAL_REPORTED_2023::IS_FINANCIAL_BUSINESS_INTEREST_INCOME,1671908,RMB_THOUSAND,1671.908,RMB_MILLION,0.001,CAS,GROUP_CONSOLIDATED,DIRECT,ORIGINAL,UNIT_NORMALIZATION_ONLY,,2023A
2023::ORIGINAL_REPORTED_2023::IS_FINANCING_INTEREST_EXPENSE,2023,2023A,IS_FINANCING_INTEREST_EXPENSE,IS_FINANCING_INTEREST_EXPENSE,ORIGINAL_REPORTED_2023::IS_FINANCING_INTEREST_EXPENSE,-2808104,RMB_THOUSAND,-2808.104,RMB_MILLION,0.001,CAS,GROUP_CONSOLIDATED,DIRECT,ORIGINAL,UNIT_NORMALIZATION_ONLY,,2023A
2023::ORIGINAL_REPORTED_2023::IS_INCOME_TAX,2023,2023A,IS_INCOME_TAX,IS_INCOME_TAX,ORIGINAL_REPORTED_2023::IS_INCOME_TAX,-6531811,RMB_THOUSAND,-6531.811,RMB_MILLION,0.001,CAS,GROUP_CONSOLIDATED,DIRECT,ORIGINAL,UNIT_NORMALIZATION_ONLY,,2023A
2023::ORIGINAL_REPORTED_2023::IS_INVESTMENT_INCOME,2023,2023A,IS_INVESTMENT_INCOME,IS_INVESTMENT_INCOME,ORIGINAL_REPORTED_2023::IS_INVESTMENT_INCOME,463561,RMB_THOUSAND,463.561,RMB_MILLION,0.001,CAS,GROUP_CONSOLIDATED,DIRECT,ORIGINAL,UNIT_NORMALIZATION_ONLY,,2023A
2023::ORIGINAL_REPORTED_2023::IS_LEASE_INTEREST_EXPENSE,2023,2023A,IS_LEASE_INTEREST_EXPENSE,IS_LEASE_INTEREST_EXPENSE,ORIGINAL_REPORTED_2023::IS_LEASE_INTEREST_EXPENSE,-151334,RMB_THOUSAND,-151.334,RMB_MILLION,0.001,CAS,GROUP_CONSOLIDATED,DIRECT,ORIGINAL,UNIT_NORMALIZATION_ONLY,,2023A
2023::ORIGINAL_REPORTED_2023::IS_NCI_PROFIT,2023,2023A,IS_NCI_PROFIT,IS_NCI_PROFIT,ORIGINAL_REPORTED_2023::IS_NCI_PROFIT,25417,RMB_THOUSAND,25.417,RMB_MILLION,0.001,CAS,GROUP_CONSOLIDATED,DIRECT,ORIGINAL,UNIT_NORMALIZATION_ONLY,,2023A
2023::ORIGINAL_REPORTED_2023::IS_NET_PROFIT,2023,2023A,IS_NET_PROFIT,IS_NET_PROFIT,ORIGINAL_REPORTED_2023::IS_NET_PROFIT,33745352,RMB_THOUSAND,33745.352,RMB_MILLION,0.001,CAS,GROUP_CONSOLIDATED,DIRECT,ORIGINAL,UNIT_NORMALIZATION_ONLY,,2023A
2023::ORIGINAL_REPORTED_2023::IS_NONOPERATING_EXPENSE,2023,2023A,IS_NONOPERATING_EXPENSE,IS_NONOPERATING_EXPENSE,ORIGINAL_REPORTED_2023::IS_NONOPERATING_EXPENSE,-493675,RMB_THOUSAND,-493.675,RMB_MILLION,0.001,CAS,GROUP_CONSOLIDATED,DIRECT,ORIGINAL,UNIT_NORMALIZATION_ONLY,,2023A
2023::ORIGINAL_REPORTED_2023::IS_NONOPERATING_INCOME,2023,2023A,IS_NONOPERATING_INCOME,IS_NONOPERATING_INCOME,ORIGINAL_REPORTED_2023::IS_NONOPERATING_INCOME,453397,RMB_THOUSAND,453.397,RMB_MILLION,0.001,CAS,GROUP_CONSOLIDATED,DIRECT,ORIGINAL,UNIT_NORMALIZATION_ONLY,,2023A
2023::ORIGINAL_REPORTED_2023::IS_OPERATING_COST,2023,2023A,IS_OPERATING_COST,IS_OPERATING_COST,ORIGINAL_REPORTED_2023::IS_OPERATING_COST,-273481373,RMB_THOUSAND,-273481.373,RMB_MILLION,0.001,CAS,GROUP_CONSOLIDATED,DIRECT,ORIGINAL,UNIT_NORMALIZATION_ONLY,,2023A
2023::ORIGINAL_REPORTED_2023::IS_OPERATING_PROFIT,2023,2023A,IS_OPERATING_PROFIT,IS_OPERATING_PROFIT,ORIGINAL_REPORTED_2023::IS_OPERATING_PROFIT,40317441,RMB_THOUSAND,40317.441,RMB_MILLION,0.001,CAS,GROUP_CONSOLIDATED,DIRECT,ORIGINAL,UNIT_NORMALIZATION_ONLY,,2023A
2023::ORIGINAL_REPORTED_2023::IS_OPERATING_REVENUE,2023,2023A,IS_OPERATING_REVENUE,IS_OPERATING_REVENUE,ORIGINAL_REPORTED_2023::IS_OPERATING_REVENUE,372037280,RMB_THOUSAND,372037.28,RMB_MILLION,0.001,CAS,GROUP_CONSOLIDATED,DIRECT,ORIGINAL,UNIT_NORMALIZATION_ONLY,,2023A
2023::ORIGINAL_REPORTED_2023::IS_OTHER_INCOME,2023,2023A,IS_OTHER_INCOME,IS_OTHER_INCOME,ORIGINAL_REPORTED_2023::IS_OTHER_INCOME,2082382,RMB_THOUSAND,2082.382,RMB_MILLION,0.001,CAS,GROUP_CONSOLIDATED,DIRECT,ORIGINAL,UNIT_NORMALIZATION_ONLY,,2023A
2023::ORIGINAL_REPORTED_2023::IS_PBT,2023,2023A,IS_PBT,IS_PBT,ORIGINAL_REPORTED_2023::IS_PBT,40277163,RMB_THOUSAND,40277.163,RMB_MILLION,0.001,CAS,GROUP_CONSOLIDATED,DIRECT,ORIGINAL,UNIT_NORMALIZATION_ONLY,,2023A
2023::ORIGINAL_REPORTED_2023::IS_RD_EXPENSE,2023,2023A,IS_RD_EXPENSE,IS_RD_EXPENSE,ORIGINAL_REPORTED_2023::IS_RD_EXPENSE,-14583311,RMB_THOUSAND,-14583.311,RMB_MILLION,0.001,CAS,GROUP_CONSOLIDATED,DIRECT,ORIGINAL,UNIT_NORMALIZATION_ONLY,,2023A
2023::ORIGINAL_REPORTED_2023::IS_SELLING_EXPENSE,2023,2023A,IS_SELLING_EXPENSE,IS_SELLING_EXPENSE,ORIGINAL_REPORTED_2023::IS_SELLING_EXPENSE,-34880875,RMB_THOUSAND,-34880.875,RMB_MILLION,0.001,CAS,GROUP_CONSOLIDATED,DIRECT,ORIGINAL,UNIT_NORMALIZATION_ONLY,,2023A
2023::ORIGINAL_REPORTED_2023::IS_TAXES_SURCHARGES,2023,2023A,IS_TAXES_SURCHARGES,IS_TAXES_SURCHARGES,ORIGINAL_REPORTED_2023::IS_TAXES_SURCHARGES,-1816502,RMB_THOUSAND,-1816.502,RMB_MILLION,0.001,CAS,GROUP_CONSOLIDATED,DIRECT,ORIGINAL,UNIT_NORMALIZATION_ONLY,,2023A
2023::ORIGINAL_REPORTED_2023::IS_TOTAL_REVENUE,2023,2023A,IS_TOTAL_REVENUE,IS_TOTAL_REVENUE,ORIGINAL_REPORTED_2023::IS_TOTAL_REVENUE,373709804,RMB_THOUSAND,373709.804,RMB_MILLION,0.001,CAS,GROUP_CONSOLIDATED,DIRECT,ORIGINAL,UNIT_NORMALIZATION_ONLY,,2023A
2023::ORIGINAL_REPORTED_2023::NOTE_ACQUISITIONS,2023,2023A,NOTE_ACQUISITIONS,NOTE_ACQUISITIONS,ORIGINAL_REPORTED_2023::NOTE_ACQUISITIONS,-712,RMB_THOUSAND,-0.712,RMB_MILLION,0.001,CAS,GROUP_CONSOLIDATED,DIRECT,ORIGINAL,UNIT_NORMALIZATION_ONLY,,2023A
2023::ORIGINAL_REPORTED_2023::NOTE_CASH_EQUIVALENTS,2023,2023A,NOTE_CASH_EQUIVALENTS,NOTE_CASH_EQUIVALENTS,ORIGINAL_REPORTED_2023::NOTE_CASH_EQUIVALENTS,59887260,RMB_THOUSAND,59887.26,RMB_MILLION,0.001,CAS,GROUP_CONSOLIDATED,DIRECT,ORIGINAL,UNIT_NORMALIZATION_ONLY,,2023A
2023::ORIGINAL_REPORTED_2023::NOTE_CIP_ADDITIONS,2023,2023A,NOTE_CIP_ADDITIONS,NOTE_CIP_ADDITIONS,ORIGINAL_REPORTED_2023::NOTE_CIP_ADDITIONS,4386848,RMB_THOUSAND,4386.848,RMB_MILLION,0.001,CAS,GROUP_CONSOLIDATED,DIRECT,ORIGINAL,UNIT_NORMALIZATION_ONLY,,2023A
2023::ORIGINAL_REPORTED_2023::NOTE_DEBENTURES_ACCRUED_INTEREST,2023,2023A,NOTE_DEBENTURES_ACCRUED_INTEREST,NOTE_DEBENTURES_ACCRUED_INTEREST,ORIGINAL_REPORTED_2023::NOTE_DEBENTURES_ACCRUED_INTEREST,96809,RMB_THOUSAND,96.809,RMB_MILLION,0.001,CAS,GROUP_CONSOLIDATED,DIRECT,ORIGINAL,UNIT_NORMALIZATION_ONLY,,2023A
2023::ORIGINAL_REPORTED_2023::NOTE_DEBENTURES_BUSINESS_COMBINATION,2023,2023A,NOTE_DEBENTURES_BUSINESS_COMBINATION,NOTE_DEBENTURES_BUSINESS_COMBINATION,ORIGINAL_REPORTED_2023::NOTE_DEBENTURES_BUSINESS_COMBINATION,522497,RMB_THOUSAND,522.497,RMB_MILLION,0.001,CAS,GROUP_CONSOLIDATED,DIRECT,ORIGINAL,UNIT_NORMALIZATION_ONLY,,2023A
2023::ORIGINAL_REPORTED_2023::NOTE_DEBENTURES_CLOSING,2023,2023A,NOTE_DEBENTURES_CLOSING,NOTE_DEBENTURES_CLOSING,ORIGINAL_REPORTED_2023::NOTE_DEBENTURES_CLOSING,3217969,RMB_THOUSAND,3217.969,RMB_MILLION,0.001,CAS,GROUP_CONSOLIDATED,DIRECT,ORIGINAL,UNIT_NORMALIZATION_ONLY,,2023A
2023::ORIGINAL_REPORTED_2023::NOTE_DEBENTURES_DISCOUNT_AMORTISATION,2023,2023A,NOTE_DEBENTURES_DISCOUNT_AMORTISATION,NOTE_DEBENTURES_DISCOUNT_AMORTISATION,ORIGINAL_REPORTED_2023::NOTE_DEBENTURES_DISCOUNT_AMORTISATION,2707,RMB_THOUSAND,2.707,RMB_MILLION,0.001,CAS,GROUP_CONSOLIDATED,DIRECT,ORIGINAL,UNIT_NORMALIZATION_ONLY,,2023A
2023::ORIGINAL_REPORTED_2023::NOTE_DEBENTURES_FX,2023,2023A,NOTE_DEBENTURES_FX,NOTE_DEBENTURES_FX,ORIGINAL_REPORTED_2023::NOTE_DEBENTURES_FX,51517,RMB_THOUSAND,51.517,RMB_MILLION,0.001,CAS,GROUP_CONSOLIDATED,DIRECT,ORIGINAL,UNIT_NORMALIZATION_ONLY,,2023A
2023::ORIGINAL_REPORTED_2023::NOTE_DEBENTURES_OPENING,2023,2023A,NOTE_DEBENTURES_OPENING,NOTE_DEBENTURES_OPENING,ORIGINAL_REPORTED_2023::NOTE_DEBENTURES_OPENING,3163616,RMB_THOUSAND,3163.616,RMB_MILLION,0.001,CAS,GROUP_CONSOLIDATED,DIRECT,ORIGINAL,UNIT_NORMALIZATION_ONLY,,2023A
2023::ORIGINAL_REPORTED_2023::NOTE_DEBENTURES_REPAYMENT,2023,2023A,NOTE_DEBENTURES_REPAYMENT,NOTE_DEBENTURES_REPAYMENT,ORIGINAL_REPORTED_2023::NOTE_DEBENTURES_REPAYMENT,-619177,RMB_THOUSAND,-619.177,RMB_MILLION,0.001,CAS,GROUP_CONSOLIDATED,DIRECT,ORIGINAL,UNIT_NORMALIZATION_ONLY,,2023A
2023::ORIGINAL_REPORTED_2023::NOTE_DIVIDENDS,2023,2023A,NOTE_DIVIDENDS,NOTE_DIVIDENDS,ORIGINAL_REPORTED_2023::NOTE_DIVIDENDS,17144264,RMB_THOUSAND,17144.264,RMB_MILLION,0.001,CAS,GROUP_CONSOLIDATED,DIRECT,ORIGINAL,UNIT_NORMALIZATION_ONLY,,2023A
2023::ORIGINAL_REPORTED_2023::NOTE_FINANCE_INTEREST_INCOME,2023,2023A,NOTE_FINANCE_INTEREST_INCOME,NOTE_FINANCE_INTEREST_INCOME,ORIGINAL_REPORTED_2023::NOTE_FINANCE_INTEREST_INCOME,6951446,RMB_THOUSAND,6951.446,RMB_MILLION,0.001,CAS,GROUP_CONSOLIDATED,DIRECT,ORIGINAL,UNIT_NORMALIZATION_ONLY,,2023A
2023::ORIGINAL_REPORTED_2023::NOTE_FINANCING_INTEREST_EXPENSE,2023,2023A,NOTE_FINANCING_INTEREST_EXPENSE,NOTE_FINANCING_INTEREST_EXPENSE,ORIGINAL_REPORTED_2023::NOTE_FINANCING_INTEREST_EXPENSE,-2808104,RMB_THOUSAND,-2808.104,RMB_MILLION,0.001,CAS,GROUP_CONSOLIDATED,DIRECT,ORIGINAL,UNIT_NORMALIZATION_ONLY,,2023A
2023::ORIGINAL_REPORTED_2023::NOTE_FIXED_ASSET_DEPRECIATION,2023,2023A,NOTE_FIXED_ASSET_DEPRECIATION,NOTE_FIXED_ASSET_DEPRECIATION,ORIGINAL_REPORTED_2023::NOTE_FIXED_ASSET_DEPRECIATION,3703285,RMB_THOUSAND,3703.285,RMB_MILLION,0.001,CAS,GROUP_CONSOLIDATED,DIRECT,ORIGINAL,UNIT_NORMALIZATION_ONLY,,2023A
2023::ORIGINAL_REPORTED_2023::NOTE_GOODWILL,2023,2023A,NOTE_GOODWILL,NOTE_GOODWILL,ORIGINAL_REPORTED_2023::NOTE_GOODWILL,30858237,RMB_THOUSAND,30858.237,RMB_MILLION,0.001,CAS,GROUP_CONSOLIDATED,DIRECT,ORIGINAL,UNIT_NORMALIZATION_ONLY,,2023A
2023::ORIGINAL_REPORTED_2023::NOTE_INTANGIBLE_AMORTIZATION,2023,2023A,NOTE_INTANGIBLE_AMORTIZATION,NOTE_INTANGIBLE_AMORTIZATION,ORIGINAL_REPORTED_2023::NOTE_INTANGIBLE_AMORTIZATION,1168050,RMB_THOUSAND,1168.05,RMB_MILLION,0.001,CAS,GROUP_CONSOLIDATED,DIRECT,ORIGINAL,UNIT_NORMALIZATION_ONLY,,2023A
2023::ORIGINAL_REPORTED_2023::NOTE_INTANGIBLE_ASSETS,2023,2023A,NOTE_INTANGIBLE_ASSETS,NOTE_INTANGIBLE_ASSETS,ORIGINAL_REPORTED_2023::NOTE_INTANGIBLE_ASSETS,18457736,RMB_THOUSAND,18457.736,RMB_MILLION,0.001,CAS,GROUP_CONSOLIDATED,DIRECT,ORIGINAL,UNIT_NORMALIZATION_ONLY,,2023A
2023::ORIGINAL_REPORTED_2023::NOTE_LEASE_INTEREST_EXPENSE,2023,2023A,NOTE_LEASE_INTEREST_EXPENSE,NOTE_LEASE_INTEREST_EXPENSE,ORIGINAL_REPORTED_2023::NOTE_LEASE_INTEREST_EXPENSE,-151334,RMB_THOUSAND,-151.334,RMB_MILLION,0.001,CAS,GROUP_CONSOLIDATED,DIRECT,ORIGINAL,UNIT_NORMALIZATION_ONLY,,2023A
2023::ORIGINAL_REPORTED_2023::NOTE_LEASE_LIABILITIES,2023,2023A,NOTE_LEASE_LIABILITIES,NOTE_LEASE_LIABILITIES,ORIGINAL_REPORTED_2023::NOTE_LEASE_LIABILITIES,3214220,RMB_THOUSAND,3214.22,RMB_MILLION,0.001,CAS,GROUP_CONSOLIDATED,DIRECT,ORIGINAL,UNIT_NORMALIZATION_ONLY,,2023A
2023::ORIGINAL_REPORTED_2023::NOTE_LEASE_LIABILITY_CLOSING,2023,2023A,NOTE_LEASE_LIABILITY_CLOSING,NOTE_LEASE_LIABILITY_CLOSING,ORIGINAL_REPORTED_2023::NOTE_LEASE_LIABILITY_CLOSING,3214220,RMB_THOUSAND,3214.22,RMB_MILLION,0.001,CAS,GROUP_CONSOLIDATED,DIRECT,ORIGINAL,UNIT_NORMALIZATION_ONLY,,2023A
2023::ORIGINAL_REPORTED_2023::NOTE_LEASE_LIABILITY_OPENING,2023,2023A,NOTE_LEASE_LIABILITY_OPENING,NOTE_LEASE_LIABILITY_OPENING,ORIGINAL_REPORTED_2023::NOTE_LEASE_LIABILITY_OPENING,2499622,RMB_THOUSAND,2499.622,RMB_MILLION,0.001,CAS,GROUP_CONSOLIDATED,DIRECT,ORIGINAL,UNIT_NORMALIZATION_ONLY,,2023A
2023::ORIGINAL_REPORTED_2023::NOTE_LEASE_PAYMENTS,2023,2023A,NOTE_LEASE_PAYMENTS,NOTE_LEASE_PAYMENTS,ORIGINAL_REPORTED_2023::NOTE_LEASE_PAYMENTS,-1553852,RMB_THOUSAND,-1553.852,RMB_MILLION,0.001,CAS,GROUP_CONSOLIDATED,DIRECT,ORIGINAL,UNIT_NORMALIZATION_ONLY,,2023A
2023::ORIGINAL_REPORTED_2023::NOTE_LONG_TERM_BONDS,2023,2023A,NOTE_LONG_TERM_BONDS,NOTE_LONG_TERM_BONDS,ORIGINAL_REPORTED_2023::NOTE_LONG_TERM_BONDS,3217969,RMB_THOUSAND,3217.969,RMB_MILLION,0.001,CAS,GROUP_CONSOLIDATED,DIRECT,ORIGINAL,UNIT_NORMALIZATION_ONLY,,2023A
2023::ORIGINAL_REPORTED_2023::NOTE_LONG_TERM_DEBT,2023,2023A,NOTE_LONG_TERM_DEBT,NOTE_LONG_TERM_DEBT,ORIGINAL_REPORTED_2023::NOTE_LONG_TERM_DEBT,46138736,RMB_THOUSAND,46138.736,RMB_MILLION,0.001,CAS,GROUP_CONSOLIDATED,DIRECT,ORIGINAL,UNIT_NORMALIZATION_ONLY,,2023A
2023::ORIGINAL_REPORTED_2023::NOTE_PPE_ADDITIONS,2023,2023A,NOTE_PPE_ADDITIONS,NOTE_PPE_ADDITIONS,ORIGINAL_REPORTED_2023::NOTE_PPE_ADDITIONS,10127324,RMB_THOUSAND,10127.324,RMB_MILLION,0.001,CAS,GROUP_CONSOLIDATED,DERIVED,ORIGINAL,UNIT_NORMALIZATION_ONLY,,2023A
2023::ORIGINAL_REPORTED_2023::NOTE_REPURCHASES,2023,2023A,NOTE_REPURCHASES,NOTE_REPURCHASES,ORIGINAL_REPORTED_2023::NOTE_REPURCHASES,0,RMB_THOUSAND,0,RMB_MILLION,0.001,CAS,GROUP_CONSOLIDATED,DIRECT,ORIGINAL,UNIT_NORMALIZATION_ONLY,,2023A
2023::ORIGINAL_REPORTED_2023::NOTE_RESTRICTED_CASH,2023,2023A,NOTE_RESTRICTED_CASH,NOTE_RESTRICTED_CASH,ORIGINAL_REPORTED_2023::NOTE_RESTRICTED_CASH,4488033,RMB_THOUSAND,4488.033,RMB_MILLION,0.001,CAS,GROUP_CONSOLIDATED,DERIVED,ORIGINAL,UNIT_NORMALIZATION_ONLY,,2023A
2023::ORIGINAL_REPORTED_2023::NOTE_ROU_ADDITIONS,2023,2023A,NOTE_ROU_ADDITIONS,NOTE_ROU_ADDITIONS,ORIGINAL_REPORTED_2023::NOTE_ROU_ADDITIONS,2284630,RMB_THOUSAND,2284.63,RMB_MILLION,0.001,CAS,GROUP_CONSOLIDATED,DERIVED,ORIGINAL,UNIT_NORMALIZATION_ONLY,,2023A
2023::ORIGINAL_REPORTED_2023::NOTE_ROU_CLOSING,2023,2023A,NOTE_ROU_CLOSING,NOTE_ROU_CLOSING,ORIGINAL_REPORTED_2023::NOTE_ROU_CLOSING,3048785,RMB_THOUSAND,3048.785,RMB_MILLION,0.001,CAS,GROUP_CONSOLIDATED,DIRECT,ORIGINAL,UNIT_NORMALIZATION_ONLY,,2023A
2023::ORIGINAL_REPORTED_2023::NOTE_ROU_DEPRECIATION,2023,2023A,NOTE_ROU_DEPRECIATION,NOTE_ROU_DEPRECIATION,ORIGINAL_REPORTED_2023::NOTE_ROU_DEPRECIATION,1340774,RMB_THOUSAND,1340.774,RMB_MILLION,0.001,CAS,GROUP_CONSOLIDATED,DIRECT,ORIGINAL,UNIT_NORMALIZATION_ONLY,,2023A
2023::ORIGINAL_REPORTED_2023::NOTE_ROU_DISPOSALS,2023,2023A,NOTE_ROU_DISPOSALS,NOTE_ROU_DISPOSALS,ORIGINAL_REPORTED_2023::NOTE_ROU_DISPOSALS,-266083,RMB_THOUSAND,-266.083,RMB_MILLION,0.001,CAS,GROUP_CONSOLIDATED,DERIVED,ORIGINAL,UNIT_NORMALIZATION_ONLY,,2023A
2023::ORIGINAL_REPORTED_2023::NOTE_ROU_OPENING,2023,2023A,NOTE_ROU_OPENING,NOTE_ROU_OPENING,ORIGINAL_REPORTED_2023::NOTE_ROU_OPENING,2339878,RMB_THOUSAND,2339.878,RMB_MILLION,0.001,CAS,GROUP_CONSOLIDATED,DIRECT,ORIGINAL,UNIT_NORMALIZATION_ONLY,,2023A
2023::ORIGINAL_REPORTED_2023::NOTE_SHARE_BASED_COMPENSATION,2023,2023A,NOTE_SHARE_BASED_COMPENSATION,NOTE_SHARE_BASED_COMPENSATION,ORIGINAL_REPORTED_2023::NOTE_SHARE_BASED_COMPENSATION,1245456,RMB_THOUSAND,1245.456,RMB_MILLION,0.001,CAS,GROUP_CONSOLIDATED,DIRECT,ORIGINAL,UNIT_NORMALIZATION_ONLY,,2023A
2023::ORIGINAL_REPORTED_2023::NOTE_SHORT_TERM_DEBT,2023,2023A,NOTE_SHORT_TERM_DEBT,NOTE_SHORT_TERM_DEBT,ORIGINAL_REPORTED_2023::NOTE_SHORT_TERM_DEBT,8819176,RMB_THOUSAND,8819.176,RMB_MILLION,0.001,CAS,GROUP_CONSOLIDATED,DIRECT,ORIGINAL,UNIT_NORMALIZATION_ONLY,,2023A
2023::ORIGINAL_REPORTED_2023::NOTE_TERM_DEPOSITS,2023,2023A,NOTE_TERM_DEPOSITS,NOTE_TERM_DEPOSITS,ORIGINAL_REPORTED_2023::NOTE_TERM_DEPOSITS,16848494,RMB_THOUSAND,16848.494,RMB_MILLION,0.001,CAS,GROUP_CONSOLIDATED,DERIVED,ORIGINAL,UNIT_NORMALIZATION_ONLY,,2023A
2023::ORIGINAL_REPORTED_2023::NOTE_TOTAL_DA,2023,2023A,NOTE_TOTAL_DA,NOTE_TOTAL_DA,ORIGINAL_REPORTED_2023::NOTE_TOTAL_DA,7348921,RMB_THOUSAND,7348.921,RMB_MILLION,0.001,CAS,GROUP_CONSOLIDATED,DIRECT,ORIGINAL,UNIT_NORMALIZATION_ONLY,,2023A
2023::ORIGINAL_REPORTED_2023::TOTAL_RESTRICTED_USE_CASH_AND_DEPOSITS,2023,2023A,TOTAL_RESTRICTED_USE_CASH_AND_DEPOSITS,TOTAL_RESTRICTED_USE_CASH_AND_DEPOSITS,ORIGINAL_REPORTED_2023::TOTAL_RESTRICTED_USE_CASH_AND_DEPOSITS,21336527,RMB_THOUSAND,21336.527,RMB_MILLION,0.001,CAS,GROUP_CONSOLIDATED,DIRECT,ORIGINAL,UNIT_NORMALIZATION_ONLY,,2023A
2024::ORIGINAL_REPORTED_2024_CAS::ADJUSTED_PARENT_NI,2024,2024A,ADJUSTED_PARENT_NI,ADJUSTED_PARENT_NI,ORIGINAL_REPORTED_2024_CAS::ADJUSTED_PARENT_NI,35741418,RMB_THOUSAND,35741.418,RMB_MILLION,0.001,CAS,CONSOLIDATED,SOURCE,ORIGINAL,UNIT_NORMALIZATION_ONLY,,2024A
2024::ORIGINAL_REPORTED_2024_CAS::BS_AP,2024,2024A,BS_AP,BS_AP,ORIGINAL_REPORTED_2024_CAS::BS_AP,92800426,RMB_THOUSAND,92800.426,RMB_MILLION,0.001,CAS,CONSOLIDATED,SOURCE,ORIGINAL,UNIT_NORMALIZATION_ONLY,,2024A
2024::ORIGINAL_REPORTED_2024_CAS::BS_AR,2024,2024A,BS_AR,BS_AR,ORIGINAL_REPORTED_2024_CAS::BS_AR,35798974,RMB_THOUSAND,35798.974,RMB_MILLION,0.001,CAS,CONSOLIDATED,SOURCE,ORIGINAL,UNIT_NORMALIZATION_ONLY,,2024A
2024::ORIGINAL_REPORTED_2024_CAS::BS_BONDS,2024,2024A,BS_BONDS,BS_BONDS,ORIGINAL_REPORTED_2024_CAS::BS_BONDS,3266775,RMB_THOUSAND,3266.775,RMB_MILLION,0.001,CAS,CONSOLIDATED,DERIVED,ORIGINAL,UNIT_NORMALIZATION_ONLY,,2024A
2024::ORIGINAL_REPORTED_2024_CAS::BS_CAPITAL_RESERVE,2024,2024A,BS_CAPITAL_RESERVE,BS_CAPITAL_RESERVE,ORIGINAL_REPORTED_2024_CAS::BS_CAPITAL_RESERVE,49919950,RMB_THOUSAND,49919.95,RMB_MILLION,0.001,CAS,CONSOLIDATED,SOURCE,ORIGINAL,UNIT_NORMALIZATION_ONLY,,2024A
2024::ORIGINAL_REPORTED_2024_CAS::BS_CASH,2024,2024A,BS_CASH,BS_CASH,ORIGINAL_REPORTED_2024_CAS::BS_CASH,140410308,RMB_THOUSAND,140410.308,RMB_MILLION,0.001,CAS,CONSOLIDATED,SOURCE,ORIGINAL,UNIT_NORMALIZATION_ONLY,,2024A
2024::ORIGINAL_REPORTED_2024_CAS::BS_CASH_EQUIVALENTS,2024,2024A,BS_CASH_EQUIVALENTS,BS_CASH_EQUIVALENTS,ORIGINAL_REPORTED_2024_CAS::BS_CASH_EQUIVALENTS,55118728,RMB_THOUSAND,55118.728,RMB_MILLION,0.001,CAS,CONSOLIDATED,DERIVED,ORIGINAL,UNIT_NORMALIZATION_ONLY,,2024A
2024::ORIGINAL_REPORTED_2024_CAS::BS_CIP,2024,2024A,BS_CIP,BS_CIP,ORIGINAL_REPORTED_2024_CAS::BS_CIP,5363977,RMB_THOUSAND,5363.977,RMB_MILLION,0.001,CAS,CONSOLIDATED,SOURCE,ORIGINAL,UNIT_NORMALIZATION_ONLY,,2024A
2024::ORIGINAL_REPORTED_2024_CAS::BS_CONTRACT_ASSETS,2024,2024A,BS_CONTRACT_ASSETS,BS_CONTRACT_ASSETS,ORIGINAL_REPORTED_2024_CAS::BS_CONTRACT_ASSETS,3499556,RMB_THOUSAND,3499.556,RMB_MILLION,0.001,CAS,CONSOLIDATED,SOURCE,ORIGINAL,UNIT_NORMALIZATION_ONLY,,2024A
2024::ORIGINAL_REPORTED_2024_CAS::BS_CONTRACT_LIABILITIES,2024,2024A,BS_CONTRACT_LIABILITIES,BS_CONTRACT_LIABILITIES,ORIGINAL_REPORTED_2024_CAS::BS_CONTRACT_LIABILITIES,49254717,RMB_THOUSAND,49254.717,RMB_MILLION,0.001,CAS,CONSOLIDATED,SOURCE,ORIGINAL,UNIT_NORMALIZATION_ONLY,,2024A
2024::ORIGINAL_REPORTED_2024_CAS::BS_CURRENT_LEASE_LIABILITIES,2024,2024A,BS_CURRENT_LEASE_LIABILITIES,BS_CURRENT_LEASE_LIABILITIES,ORIGINAL_REPORTED_2024_CAS::BS_CURRENT_LEASE_LIABILITIES,1122108,RMB_THOUSAND,1122.108,RMB_MILLION,0.001,CAS,CONSOLIDATED,DERIVED,ORIGINAL,UNIT_NORMALIZATION_ONLY,,2024A
2024::ORIGINAL_REPORTED_2024_CAS::BS_CURRENT_LONG_TERM_BORROWINGS,2024,2024A,BS_CURRENT_LONG_TERM_BORROWINGS,BS_CURRENT_LONG_TERM_BORROWINGS,ORIGINAL_REPORTED_2024_CAS::BS_CURRENT_LONG_TERM_BORROWINGS,38540625,RMB_THOUSAND,38540.625,RMB_MILLION,0.001,CAS,CONSOLIDATED,SOURCE,ORIGINAL,UNIT_NORMALIZATION_ONLY,,2024A
2024::ORIGINAL_REPORTED_2024_CAS::BS_CURRENT_PORTION_DEBT,2024,2024A,BS_CURRENT_PORTION_DEBT,BS_CURRENT_PORTION_DEBT,ORIGINAL_REPORTED_2024_CAS::BS_CURRENT_PORTION_DEBT,39662733,RMB_THOUSAND,39662.733,RMB_MILLION,0.001,CAS,CONSOLIDATED,SOURCE,ORIGINAL,UNIT_NORMALIZATION_ONLY,,2024A
2024::ORIGINAL_REPORTED_2024_CAS::BS_CURRENT_PORTION_NONCURRENT_ASSETS,2024,2024A,BS_CURRENT_PORTION_NONCURRENT_ASSETS,BS_CURRENT_PORTION_NONCURRENT_ASSETS,ORIGINAL_REPORTED_2024_CAS::BS_CURRENT_PORTION_NONCURRENT_ASSETS,55471712,RMB_THOUSAND,55471.712,RMB_MILLION,0.001,CAS,CONSOLIDATED,SOURCE,ORIGINAL,UNIT_NORMALIZATION_ONLY,,2024A
2024::ORIGINAL_REPORTED_2024_CAS::BS_CUSTOMER_DEPOSITS,2024,2024A,BS_CUSTOMER_DEPOSITS,BS_CUSTOMER_DEPOSITS,ORIGINAL_REPORTED_2024_CAS::BS_CUSTOMER_DEPOSITS,137344,RMB_THOUSAND,137.344,RMB_MILLION,0.001,CAS,CONSOLIDATED,SOURCE,ORIGINAL,UNIT_NORMALIZATION_ONLY,,2024A
2024::ORIGINAL_REPORTED_2024_CAS::BS_DEFERRED_INCOME,2024,2024A,BS_DEFERRED_INCOME,BS_DEFERRED_INCOME,ORIGINAL_REPORTED_2024_CAS::BS_DEFERRED_INCOME,2196222,RMB_THOUSAND,2196.222,RMB_MILLION,0.001,CAS,CONSOLIDATED,SOURCE,ORIGINAL,UNIT_NORMALIZATION_ONLY,,2024A
2024::ORIGINAL_REPORTED_2024_CAS::BS_DEFERRED_TAX_ASSETS,2024,2024A,BS_DEFERRED_TAX_ASSETS,BS_DEFERRED_TAX_ASSETS,ORIGINAL_REPORTED_2024_CAS::BS_DEFERRED_TAX_ASSETS,14074278,RMB_THOUSAND,14074.278,RMB_MILLION,0.001,CAS,CONSOLIDATED,SOURCE,ORIGINAL,UNIT_NORMALIZATION_ONLY,,2024A
2024::ORIGINAL_REPORTED_2024_CAS::BS_DEFERRED_TAX_LIABILITIES,2024,2024A,BS_DEFERRED_TAX_LIABILITIES,BS_DEFERRED_TAX_LIABILITIES,ORIGINAL_REPORTED_2024_CAS::BS_DEFERRED_TAX_LIABILITIES,4896815,RMB_THOUSAND,4896.815,RMB_MILLION,0.001,CAS,CONSOLIDATED,SOURCE,ORIGINAL,UNIT_NORMALIZATION_ONLY,,2024A
2024::ORIGINAL_REPORTED_2024_CAS::BS_DERIVATIVE_FINANCIAL_ASSETS,2024,2024A,BS_DERIVATIVE_FINANCIAL_ASSETS,BS_DERIVATIVE_FINANCIAL_ASSETS,ORIGINAL_REPORTED_2024_CAS::BS_DERIVATIVE_FINANCIAL_ASSETS,2449535,RMB_THOUSAND,2449.535,RMB_MILLION,0.001,CAS,CONSOLIDATED,SOURCE,ORIGINAL,UNIT_NORMALIZATION_ONLY,,2024A
2024::ORIGINAL_REPORTED_2024_CAS::BS_DERIVATIVE_LIABILITIES,2024,2024A,BS_DERIVATIVE_LIABILITIES,BS_DERIVATIVE_LIABILITIES,ORIGINAL_REPORTED_2024_CAS::BS_DERIVATIVE_LIABILITIES,2631860,RMB_THOUSAND,2631.86,RMB_MILLION,0.001,CAS,CONSOLIDATED,SOURCE,ORIGINAL,UNIT_NORMALIZATION_ONLY,,2024A
2024::ORIGINAL_REPORTED_2024_CAS::BS_EMPLOYEE_COMP,2024,2024A,BS_EMPLOYEE_COMP,BS_EMPLOYEE_COMP,ORIGINAL_REPORTED_2024_CAS::BS_EMPLOYEE_COMP,9160841,RMB_THOUSAND,9160.841,RMB_MILLION,0.001,CAS,CONSOLIDATED,SOURCE,ORIGINAL,UNIT_NORMALIZATION_ONLY,,2024A
2024::ORIGINAL_REPORTED_2024_CAS::BS_GENERAL_RISK_RESERVE,2024,2024A,BS_GENERAL_RISK_RESERVE,BS_GENERAL_RISK_RESERVE,ORIGINAL_REPORTED_2024_CAS::BS_GENERAL_RISK_RESERVE,1107801,RMB_THOUSAND,1107.801,RMB_MILLION,0.001,CAS,CONSOLIDATED,SOURCE,ORIGINAL,UNIT_NORMALIZATION_ONLY,,2024A
2024::ORIGINAL_REPORTED_2024_CAS::BS_GOODWILL,2024,2024A,BS_GOODWILL,BS_GOODWILL,ORIGINAL_REPORTED_2024_CAS::BS_GOODWILL,29581014,RMB_THOUSAND,29581.014,RMB_MILLION,0.001,CAS,CONSOLIDATED,SOURCE,ORIGINAL,UNIT_NORMALIZATION_ONLY,,2024A
2024::ORIGINAL_REPORTED_2024_CAS::BS_INTANGIBLES,2024,2024A,BS_INTANGIBLES,BS_INTANGIBLES,ORIGINAL_REPORTED_2024_CAS::BS_INTANGIBLES,17008978,RMB_THOUSAND,17008.978,RMB_MILLION,0.001,CAS,CONSOLIDATED,SOURCE,ORIGINAL,UNIT_NORMALIZATION_ONLY,,2024A
2024::ORIGINAL_REPORTED_2024_CAS::BS_INVENTORY,2024,2024A,BS_INVENTORY,BS_INVENTORY,ORIGINAL_REPORTED_2024_CAS::BS_INVENTORY,63339188,RMB_THOUSAND,63339.188,RMB_MILLION,0.001,CAS,CONSOLIDATED,SOURCE,ORIGINAL,UNIT_NORMALIZATION_ONLY,,2024A
2024::ORIGINAL_REPORTED_2024_CAS::BS_INVESTMENT_PROPERTIES,2024,2024A,BS_INVESTMENT_PROPERTIES,BS_INVESTMENT_PROPERTIES,ORIGINAL_REPORTED_2024_CAS::BS_INVESTMENT_PROPERTIES,1184541,RMB_THOUSAND,1184.541,RMB_MILLION,0.001,CAS,CONSOLIDATED,SOURCE,ORIGINAL,UNIT_NORMALIZATION_ONLY,,2024A
2024::ORIGINAL_REPORTED_2024_CAS::BS_LEASE_LIABILITIES,2024,2024A,BS_LEASE_LIABILITIES,BS_LEASE_LIABILITIES,ORIGINAL_REPORTED_2024_CAS::BS_LEASE_LIABILITIES,1825258,RMB_THOUSAND,1825.258,RMB_MILLION,0.001,CAS,CONSOLIDATED,DERIVED,ORIGINAL,UNIT_NORMALIZATION_ONLY,,2024A
2024::ORIGINAL_REPORTED_2024_CAS::BS_LEASE_LIABILITIES_CURRENT,2024,2024A,BS_LEASE_LIABILITIES_CURRENT,BS_LEASE_LIABILITIES_CURRENT,ORIGINAL_REPORTED_2024_CAS::BS_LEASE_LIABILITIES_CURRENT,1122108,RMB_THOUSAND,1122.108,RMB_MILLION,0.001,CAS,CONSOLIDATED,SOURCE,ORIGINAL,UNIT_NORMALIZATION_ONLY,,2024A
2024::ORIGINAL_REPORTED_2024_CAS::BS_LEASE_LIABILITIES_NONCURRENT,2024,2024A,BS_LEASE_LIABILITIES_NONCURRENT,BS_LEASE_LIABILITIES_NONCURRENT,ORIGINAL_REPORTED_2024_CAS::BS_LEASE_LIABILITIES_NONCURRENT,1825258,RMB_THOUSAND,1825.258,RMB_MILLION,0.001,CAS,CONSOLIDATED,SOURCE,ORIGINAL,UNIT_NORMALIZATION_ONLY,,2024A
2024::ORIGINAL_REPORTED_2024_CAS::BS_LEASE_LIABILITIES_TOTAL,2024,2024A,BS_LEASE_LIABILITIES_TOTAL,BS_LEASE_LIABILITIES_TOTAL,ORIGINAL_REPORTED_2024_CAS::BS_LEASE_LIABILITIES_TOTAL,2947366,RMB_THOUSAND,2947.366,RMB_MILLION,0.001,CAS,CONSOLIDATED,SOURCE,ORIGINAL,UNIT_NORMALIZATION_ONLY,,2024A
2024::ORIGINAL_REPORTED_2024_CAS::BS_LOANS_ADVANCES_CURRENT,2024,2024A,BS_LOANS_ADVANCES_CURRENT,BS_LOANS_ADVANCES_CURRENT,ORIGINAL_REPORTED_2024_CAS::BS_LOANS_ADVANCES_CURRENT,11047886,RMB_THOUSAND,11047.886,RMB_MILLION,0.001,CAS,CONSOLIDATED,SOURCE,ORIGINAL,UNIT_NORMALIZATION_ONLY,,2024A
2024::ORIGINAL_REPORTED_2024_CAS::BS_LOANS_ADVANCES_NONCURRENT,2024,2024A,BS_LOANS_ADVANCES_NONCURRENT,BS_LOANS_ADVANCES_NONCURRENT,ORIGINAL_REPORTED_2024_CAS::BS_LOANS_ADVANCES_NONCURRENT,308903,RMB_THOUSAND,308.903,RMB_MILLION,0.001,CAS,CONSOLIDATED,SOURCE,ORIGINAL,UNIT_NORMALIZATION_ONLY,,2024A
2024::ORIGINAL_REPORTED_2024_CAS::BS_LONG_TERM_BONDS,2024,2024A,BS_LONG_TERM_BONDS,BS_LONG_TERM_BONDS,ORIGINAL_REPORTED_2024_CAS::BS_LONG_TERM_BONDS,3266775,RMB_THOUSAND,3266.775,RMB_MILLION,0.001,CAS,CONSOLIDATED,SOURCE,ORIGINAL,UNIT_NORMALIZATION_ONLY,,2024A
2024::ORIGINAL_REPORTED_2024_CAS::BS_LONG_TERM_BORROWINGS,2024,2024A,BS_LONG_TERM_BORROWINGS,BS_LONG_TERM_BORROWINGS,ORIGINAL_REPORTED_2024_CAS::BS_LONG_TERM_BORROWINGS,10491757,RMB_THOUSAND,10491.757,RMB_MILLION,0.001,CAS,CONSOLIDATED,SOURCE,ORIGINAL,UNIT_NORMALIZATION_ONLY,,2024A
2024::ORIGINAL_REPORTED_2024_CAS::BS_LONG_TERM_EMPLOYEE_BENEFITS,2024,2024A,BS_LONG_TERM_EMPLOYEE_BENEFITS,BS_LONG_TERM_EMPLOYEE_BENEFITS,ORIGINAL_REPORTED_2024_CAS::BS_LONG_TERM_EMPLOYEE_BENEFITS,1360484,RMB_THOUSAND,1360.484,RMB_MILLION,0.001,CAS,CONSOLIDATED,SOURCE,ORIGINAL,UNIT_NORMALIZATION_ONLY,,2024A
2024::ORIGINAL_REPORTED_2024_CAS::BS_LONG_TERM_INVESTMENTS,2024,2024A,BS_LONG_TERM_INVESTMENTS,BS_LONG_TERM_INVESTMENTS,ORIGINAL_REPORTED_2024_CAS::BS_LONG_TERM_INVESTMENTS,5223478,RMB_THOUSAND,5223.478,RMB_MILLION,0.001,CAS,CONSOLIDATED,SOURCE,ORIGINAL,UNIT_NORMALIZATION_ONLY,,2024A
2024::ORIGINAL_REPORTED_2024_CAS::BS_LONG_TERM_PREPAID_EXPENSES,2024,2024A,BS_LONG_TERM_PREPAID_EXPENSES,BS_LONG_TERM_PREPAID_EXPENSES,ORIGINAL_REPORTED_2024_CAS::BS_LONG_TERM_PREPAID_EXPENSES,1864261,RMB_THOUSAND,1864.261,RMB_MILLION,0.001,CAS,CONSOLIDATED,SOURCE,ORIGINAL,UNIT_NORMALIZATION_ONLY,,2024A
2024::ORIGINAL_REPORTED_2024_CAS::BS_LONG_TERM_RECEIVABLES,2024,2024A,BS_LONG_TERM_RECEIVABLES,BS_LONG_TERM_RECEIVABLES,ORIGINAL_REPORTED_2024_CAS::BS_LONG_TERM_RECEIVABLES,118871,RMB_THOUSAND,118.871,RMB_MILLION,0.001,CAS,CONSOLIDATED,SOURCE,ORIGINAL,UNIT_NORMALIZATION_ONLY,,2024A
2024::ORIGINAL_REPORTED_2024_CAS::BS_NCI,2024,2024A,BS_NCI,BS_NCI,ORIGINAL_REPORTED_2024_CAS::BS_NCI,10917334,RMB_THOUSAND,10917.334,RMB_MILLION,0.001,CAS,CONSOLIDATED,SOURCE,ORIGINAL,UNIT_NORMALIZATION_ONLY,,2024A
2024::ORIGINAL_REPORTED_2024_CAS::BS_NOTES_PAYABLE,2024,2024A,BS_NOTES_PAYABLE,BS_NOTES_PAYABLE,ORIGINAL_REPORTED_2024_CAS::BS_NOTES_PAYABLE,25973822,RMB_THOUSAND,25973.822,RMB_MILLION,0.001,CAS,CONSOLIDATED,SOURCE,ORIGINAL,UNIT_NORMALIZATION_ONLY,,2024A
2024::ORIGINAL_REPORTED_2024_CAS::BS_NOTES_RECEIVABLE,2024,2024A,BS_NOTES_RECEIVABLE,BS_NOTES_RECEIVABLE,ORIGINAL_REPORTED_2024_CAS::BS_NOTES_RECEIVABLE,6718575,RMB_THOUSAND,6718.575,RMB_MILLION,0.001,CAS,CONSOLIDATED,SOURCE,ORIGINAL,UNIT_NORMALIZATION_ONLY,,2024A
2024::ORIGINAL_REPORTED_2024_CAS::BS_OCI,2024,2024A,BS_OCI,BS_OCI,ORIGINAL_REPORTED_2024_CAS::BS_OCI,-517939,RMB_THOUSAND,-517.939,RMB_MILLION,0.001,CAS,CONSOLIDATED,SOURCE,ORIGINAL,UNIT_NORMALIZATION_ONLY,,2024A
2024::ORIGINAL_REPORTED_2024_CAS::BS_OTHER_CURRENT_ASSETS,2024,2024A,BS_OTHER_CURRENT_ASSETS,BS_OTHER_CURRENT_ASSETS,ORIGINAL_REPORTED_2024_CAS::BS_OTHER_CURRENT_ASSETS,39981584,RMB_THOUSAND,39981.584,RMB_MILLION,0.001,CAS,CONSOLIDATED,SOURCE,ORIGINAL,UNIT_NORMALIZATION_ONLY,,2024A
2024::ORIGINAL_REPORTED_2024_CAS::BS_OTHER_CURRENT_LIABILITIES,2024,2024A,BS_OTHER_CURRENT_LIABILITIES,BS_OTHER_CURRENT_LIABILITIES,ORIGINAL_REPORTED_2024_CAS::BS_OTHER_CURRENT_LIABILITIES,90434867,RMB_THOUSAND,90434.867,RMB_MILLION,0.001,CAS,CONSOLIDATED,SOURCE,ORIGINAL,UNIT_NORMALIZATION_ONLY,,2024A
2024::ORIGINAL_REPORTED_2024_CAS::BS_OTHER_DEBT_INVESTMENTS,2024,2024A,BS_OTHER_DEBT_INVESTMENTS,BS_OTHER_DEBT_INVESTMENTS,ORIGINAL_REPORTED_2024_CAS::BS_OTHER_DEBT_INVESTMENTS,0,RMB_THOUSAND,0,RMB_MILLION,0.001,CAS,CONSOLIDATED,SOURCE,ORIGINAL,UNIT_NORMALIZATION_ONLY,,2024A
2024::ORIGINAL_REPORTED_2024_CAS::BS_OTHER_EQUITY_INSTRUMENTS,2024,2024A,BS_OTHER_EQUITY_INSTRUMENTS,BS_OTHER_EQUITY_INSTRUMENTS,ORIGINAL_REPORTED_2024_CAS::BS_OTHER_EQUITY_INSTRUMENTS,35595,RMB_THOUSAND,35.595,RMB_MILLION,0.001,CAS,CONSOLIDATED,SOURCE,ORIGINAL,UNIT_NORMALIZATION_ONLY,,2024A
2024::ORIGINAL_REPORTED_2024_CAS::BS_OTHER_NONCURRENT_ASSETS,2024,2024A,BS_OTHER_NONCURRENT_ASSETS,BS_OTHER_NONCURRENT_ASSETS,ORIGINAL_REPORTED_2024_CAS::BS_OTHER_NONCURRENT_ASSETS,99342844,RMB_THOUSAND,99342.844,RMB_MILLION,0.001,CAS,CONSOLIDATED,SOURCE,ORIGINAL,UNIT_NORMALIZATION_ONLY,,2024A
2024::ORIGINAL_REPORTED_2024_CAS::BS_OTHER_NONCURRENT_FINANCIAL_ASSETS,2024,2024A,BS_OTHER_NONCURRENT_FINANCIAL_ASSETS,BS_OTHER_NONCURRENT_FINANCIAL_ASSETS,ORIGINAL_REPORTED_2024_CAS::BS_OTHER_NONCURRENT_FINANCIAL_ASSETS,4880452,RMB_THOUSAND,4880.452,RMB_MILLION,0.001,CAS,CONSOLIDATED,SOURCE,ORIGINAL,UNIT_NORMALIZATION_ONLY,,2024A
2024::ORIGINAL_REPORTED_2024_CAS::BS_OTHER_NONCURRENT_LIABILITIES,2024,2024A,BS_OTHER_NONCURRENT_LIABILITIES,BS_OTHER_NONCURRENT_LIABILITIES,ORIGINAL_REPORTED_2024_CAS::BS_OTHER_NONCURRENT_LIABILITIES,45612,RMB_THOUSAND,45.612,RMB_MILLION,0.001,CAS,CONSOLIDATED,SOURCE,ORIGINAL,UNIT_NORMALIZATION_ONLY,,2024A
2024::ORIGINAL_REPORTED_2024_CAS::BS_OTHER_PAYABLES,2024,2024A,BS_OTHER_PAYABLES,BS_OTHER_PAYABLES,ORIGINAL_REPORTED_2024_CAS::BS_OTHER_PAYABLES,3686814,RMB_THOUSAND,3686.814,RMB_MILLION,0.001,CAS,CONSOLIDATED,SOURCE,ORIGINAL,UNIT_NORMALIZATION_ONLY,,2024A
2024::ORIGINAL_REPORTED_2024_CAS::BS_OTHER_RECEIVABLES,2024,2024A,BS_OTHER_RECEIVABLES,BS_OTHER_RECEIVABLES,ORIGINAL_REPORTED_2024_CAS::BS_OTHER_RECEIVABLES,2077412,RMB_THOUSAND,2077.412,RMB_MILLION,0.001,CAS,CONSOLIDATED,SOURCE,ORIGINAL,UNIT_NORMALIZATION_ONLY,,2024A
2024::ORIGINAL_REPORTED_2024_CAS::BS_OTHER_RESERVES,2024,2024A,BS_OTHER_RESERVES,BS_OTHER_RESERVES,ORIGINAL_REPORTED_2024_CAS::BS_OTHER_RESERVES,11311065,RMB_THOUSAND,11311.065,RMB_MILLION,0.001,CAS,CONSOLIDATED,DERIVED,ORIGINAL,UNIT_NORMALIZATION_ONLY,,2024A
2024::ORIGINAL_REPORTED_2024_CAS::BS_PARENT_EQUITY,2024,2024A,BS_PARENT_EQUITY,BS_PARENT_EQUITY,ORIGINAL_REPORTED_2024_CAS::BS_PARENT_EQUITY,216750057,RMB_THOUSAND,216750.057,RMB_MILLION,0.001,CAS,CONSOLIDATED,SOURCE,ORIGINAL,UNIT_NORMALIZATION_ONLY,,2024A
2024::ORIGINAL_REPORTED_2024_CAS::BS_PPE,2024,2024A,BS_PPE,BS_PPE,ORIGINAL_REPORTED_2024_CAS::BS_PPE,33528908,RMB_THOUSAND,33528.908,RMB_MILLION,0.001,CAS,CONSOLIDATED,SOURCE,ORIGINAL,UNIT_NORMALIZATION_ONLY,,2024A
2024::ORIGINAL_REPORTED_2024_CAS::BS_PREPAYMENTS,2024,2024A,BS_PREPAYMENTS,BS_PREPAYMENTS,ORIGINAL_REPORTED_2024_CAS::BS_PREPAYMENTS,3686494,RMB_THOUSAND,3686.494,RMB_MILLION,0.001,CAS,CONSOLIDATED,SOURCE,ORIGINAL,UNIT_NORMALIZATION_ONLY,,2024A
2024::ORIGINAL_REPORTED_2024_CAS::BS_PROVISIONS,2024,2024A,BS_PROVISIONS,BS_PROVISIONS,ORIGINAL_REPORTED_2024_CAS::BS_PROVISIONS,781733,RMB_THOUSAND,781.733,RMB_MILLION,0.001,CAS,CONSOLIDATED,SOURCE,ORIGINAL,UNIT_NORMALIZATION_ONLY,,2024A
2024::ORIGINAL_REPORTED_2024_CAS::BS_RECEIVABLES_FINANCING,2024,2024A,BS_RECEIVABLES_FINANCING,BS_RECEIVABLES_FINANCING,ORIGINAL_REPORTED_2024_CAS::BS_RECEIVABLES_FINANCING,17646449,RMB_THOUSAND,17646.449,RMB_MILLION,0.001,CAS,CONSOLIDATED,SOURCE,ORIGINAL,UNIT_NORMALIZATION_ONLY,,2024A
2024::ORIGINAL_REPORTED_2024_CAS::BS_RESTRICTED_CASH,2024,2024A,BS_RESTRICTED_CASH,BS_RESTRICTED_CASH,ORIGINAL_REPORTED_2024_CAS::BS_RESTRICTED_CASH,6067386,RMB_THOUSAND,6067.386,RMB_MILLION,0.001,CAS,CONSOLIDATED,DERIVED,ORIGINAL,UNIT_NORMALIZATION_ONLY,,2024A
2024::ORIGINAL_REPORTED_2024_CAS::BS_RETAINED_EARNINGS,2024,2024A,BS_RETAINED_EARNINGS,BS_RETAINED_EARNINGS,ORIGINAL_REPORTED_2024_CAS::BS_RETAINED_EARNINGS,153591532,RMB_THOUSAND,153591.532,RMB_MILLION,0.001,CAS,CONSOLIDATED,SOURCE,ORIGINAL,UNIT_NORMALIZATION_ONLY,,2024A
2024::ORIGINAL_REPORTED_2024_CAS::BS_ROU_ASSETS,2024,2024A,BS_ROU_ASSETS,BS_ROU_ASSETS,ORIGINAL_REPORTED_2024_CAS::BS_ROU_ASSETS,2771967,RMB_THOUSAND,2771.967,RMB_MILLION,0.001,CAS,CONSOLIDATED,SOURCE,ORIGINAL,UNIT_NORMALIZATION_ONLY,,2024A
2024::ORIGINAL_REPORTED_2024_CAS::BS_SHARE_CAPITAL,2024,2024A,BS_SHARE_CAPITAL,BS_SHARE_CAPITAL,ORIGINAL_REPORTED_2024_CAS::BS_SHARE_CAPITAL,7655956,RMB_THOUSAND,7655.956,RMB_MILLION,0.001,CAS,CONSOLIDATED,SOURCE,ORIGINAL,UNIT_NORMALIZATION_ONLY,,2024A
2024::ORIGINAL_REPORTED_2024_CAS::BS_SHORT_TERM_BORROWING,2024,2024A,BS_SHORT_TERM_BORROWING,BS_SHORT_TERM_BORROWING,ORIGINAL_REPORTED_2024_CAS::BS_SHORT_TERM_BORROWING,31008549,RMB_THOUSAND,31008.549,RMB_MILLION,0.001,CAS,CONSOLIDATED,SOURCE,ORIGINAL,UNIT_NORMALIZATION_ONLY,,2024A
2024::ORIGINAL_REPORTED_2024_CAS::BS_SPECIAL_RESERVE,2024,2024A,BS_SPECIAL_RESERVE,BS_SPECIAL_RESERVE,ORIGINAL_REPORTED_2024_CAS::BS_SPECIAL_RESERVE,18275,RMB_THOUSAND,18.275,RMB_MILLION,0.001,CAS,CONSOLIDATED,SOURCE,ORIGINAL,UNIT_NORMALIZATION_ONLY,,2024A
2024::ORIGINAL_REPORTED_2024_CAS::BS_SURPLUS_RESERVE,2024,2024A,BS_SURPLUS_RESERVE,BS_SURPLUS_RESERVE,ORIGINAL_REPORTED_2024_CAS::BS_SURPLUS_RESERVE,10702928,RMB_THOUSAND,10702.928,RMB_MILLION,0.001,CAS,CONSOLIDATED,SOURCE,ORIGINAL,UNIT_NORMALIZATION_ONLY,,2024A
2024::ORIGINAL_REPORTED_2024_CAS::BS_TAXES_PAYABLE,2024,2024A,BS_TAXES_PAYABLE,BS_TAXES_PAYABLE,ORIGINAL_REPORTED_2024_CAS::BS_TAXES_PAYABLE,6194057,RMB_THOUSAND,6194.057,RMB_MILLION,0.001,CAS,CONSOLIDATED,SOURCE,ORIGINAL,UNIT_NORMALIZATION_ONLY,,2024A
2024::ORIGINAL_REPORTED_2024_CAS::BS_TERM_DEPOSITS,2024,2024A,BS_TERM_DEPOSITS,BS_TERM_DEPOSITS,ORIGINAL_REPORTED_2024_CAS::BS_TERM_DEPOSITS,78155209,RMB_THOUSAND,78155.209,RMB_MILLION,0.001,CAS,CONSOLIDATED,DERIVED,ORIGINAL,UNIT_NORMALIZATION_ONLY,,2024A
2024::ORIGINAL_REPORTED_2024_CAS::BS_TOTAL_ASSETS,2024,2024A,BS_TOTAL_ASSETS,BS_TOTAL_ASSETS,ORIGINAL_REPORTED_2024_CAS::BS_TOTAL_ASSETS,604351853,RMB_THOUSAND,604351.853,RMB_MILLION,0.001,CAS,CONSOLIDATED,SOURCE,ORIGINAL,UNIT_NORMALIZATION_ONLY,,2024A
2024::ORIGINAL_REPORTED_2024_CAS::BS_TOTAL_CURRENT_ASSETS,2024,2024A,BS_TOTAL_CURRENT_ASSETS,BS_TOTAL_CURRENT_ASSETS,ORIGINAL_REPORTED_2024_CAS::BS_TOTAL_CURRENT_ASSETS,389063786,RMB_THOUSAND,389063.786,RMB_MILLION,0.001,CAS,CONSOLIDATED,SOURCE,ORIGINAL,UNIT_NORMALIZATION_ONLY,,2024A
2024::ORIGINAL_REPORTED_2024_CAS::BS_TOTAL_CURRENT_LIABILITIES,2024,2024A,BS_TOTAL_CURRENT_LIABILITIES,BS_TOTAL_CURRENT_LIABILITIES,ORIGINAL_REPORTED_2024_CAS::BS_TOTAL_CURRENT_LIABILITIES,351819806,RMB_THOUSAND,351819.806,RMB_MILLION,0.001,CAS,CONSOLIDATED,SOURCE,ORIGINAL,UNIT_NORMALIZATION_ONLY,,2024A
2024::ORIGINAL_REPORTED_2024_CAS::BS_TOTAL_EQUITY,2024,2024A,BS_TOTAL_EQUITY,BS_TOTAL_EQUITY,ORIGINAL_REPORTED_2024_CAS::BS_TOTAL_EQUITY,227667391,RMB_THOUSAND,227667.391,RMB_MILLION,0.001,CAS,CONSOLIDATED,SOURCE,ORIGINAL,UNIT_NORMALIZATION_ONLY,,2024A
2024::ORIGINAL_REPORTED_2024_CAS::BS_TOTAL_LIABILITIES,2024,2024A,BS_TOTAL_LIABILITIES,BS_TOTAL_LIABILITIES,ORIGINAL_REPORTED_2024_CAS::BS_TOTAL_LIABILITIES,376684462,RMB_THOUSAND,376684.462,RMB_MILLION,0.001,CAS,CONSOLIDATED,SOURCE,ORIGINAL,UNIT_NORMALIZATION_ONLY,,2024A
2024::ORIGINAL_REPORTED_2024_CAS::BS_TOTAL_NONCURRENT_ASSETS,2024,2024A,BS_TOTAL_NONCURRENT_ASSETS,BS_TOTAL_NONCURRENT_ASSETS,ORIGINAL_REPORTED_2024_CAS::BS_TOTAL_NONCURRENT_ASSETS,215288067,RMB_THOUSAND,215288.067,RMB_MILLION,0.001,CAS,CONSOLIDATED,SOURCE,ORIGINAL,UNIT_NORMALIZATION_ONLY,,2024A
2024::ORIGINAL_REPORTED_2024_CAS::BS_TOTAL_NONCURRENT_LIABILITIES,2024,2024A,BS_TOTAL_NONCURRENT_LIABILITIES,BS_TOTAL_NONCURRENT_LIABILITIES,ORIGINAL_REPORTED_2024_CAS::BS_TOTAL_NONCURRENT_LIABILITIES,24864656,RMB_THOUSAND,24864.656,RMB_MILLION,0.001,CAS,CONSOLIDATED,SOURCE,ORIGINAL,UNIT_NORMALIZATION_ONLY,,2024A
2024::ORIGINAL_REPORTED_2024_CAS::BS_TRADING_FINANCIAL_ASSETS,2024,2024A,BS_TRADING_FINANCIAL_ASSETS,BS_TRADING_FINANCIAL_ASSETS,ORIGINAL_REPORTED_2024_CAS::BS_TRADING_FINANCIAL_ASSETS,6936113,RMB_THOUSAND,6936.113,RMB_MILLION,0.001,CAS,CONSOLIDATED,SOURCE,ORIGINAL,UNIT_NORMALIZATION_ONLY,,2024A
2024::ORIGINAL_REPORTED_2024_CAS::BS_TRADING_FINANCIAL_LIABILITIES,2024,2024A,BS_TRADING_FINANCIAL_LIABILITIES,BS_TRADING_FINANCIAL_LIABILITIES,ORIGINAL_REPORTED_2024_CAS::BS_TRADING_FINANCIAL_LIABILITIES,873776,RMB_THOUSAND,873.776,RMB_MILLION,0.001,CAS,CONSOLIDATED,SOURCE,ORIGINAL,UNIT_NORMALIZATION_ONLY,,2024A
2024::ORIGINAL_REPORTED_2024_CAS::BS_TREASURY_SHARES,2024,2024A,BS_TREASURY_SHARES,BS_TREASURY_SHARES,ORIGINAL_REPORTED_2024_CAS::BS_TREASURY_SHARES,-5728446,RMB_THOUSAND,-5728.446,RMB_MILLION,0.001,CAS,CONSOLIDATED,SOURCE,ORIGINAL,UNIT_NORMALIZATION_ONLY,,2024A
2024::ORIGINAL_REPORTED_2024_CAS::CF_ACQUISITION_PAYMENTS,2024,2024A,CF_ACQUISITION_PAYMENTS,CF_ACQUISITION_PAYMENTS,ORIGINAL_REPORTED_2024_CAS::CF_ACQUISITION_PAYMENTS,0,RMB_THOUSAND,0,RMB_MILLION,0.001,CAS,CONSOLIDATED,SOURCE,ORIGINAL,UNIT_NORMALIZATION_ONLY,,2024A
2024::ORIGINAL_REPORTED_2024_CAS::CF_CAPEX,2024,2024A,CF_CAPEX,CF_CAPEX,ORIGINAL_REPORTED_2024_CAS::CF_CAPEX,-7839636,RMB_THOUSAND,-7839.636,RMB_MILLION,0.001,CAS,CONSOLIDATED,SOURCE,ORIGINAL,UNIT_NORMALIZATION_ONLY,,2024A
2024::ORIGINAL_REPORTED_2024_CAS::CF_CAPITAL_CONTRIBUTIONS,2024,2024A,CF_CAPITAL_CONTRIBUTIONS,CF_CAPITAL_CONTRIBUTIONS,ORIGINAL_REPORTED_2024_CAS::CF_CAPITAL_CONTRIBUTIONS,34695921,RMB_THOUSAND,34695.921,RMB_MILLION,0.001,CAS,CONSOLIDATED,SOURCE,ORIGINAL,UNIT_NORMALIZATION_ONLY,,2024A
2024::ORIGINAL_REPORTED_2024_CAS::CF_CASH_FROM_SALES,2024,2024A,CF_CASH_FROM_SALES,CF_CASH_FROM_SALES,ORIGINAL_REPORTED_2024_CAS::CF_CASH_FROM_SALES,388661338,RMB_THOUSAND,388661.338,RMB_MILLION,0.001,CAS,CONSOLIDATED,SOURCE,ORIGINAL,UNIT_NORMALIZATION_ONLY,,2024A
2024::ORIGINAL_REPORTED_2024_CAS::CF_CASH_TO_EMPLOYEES,2024,2024A,CF_CASH_TO_EMPLOYEES,CF_CASH_TO_EMPLOYEES,ORIGINAL_REPORTED_2024_CAS::CF_CASH_TO_EMPLOYEES,-43788585,RMB_THOUSAND,-43788.585,RMB_MILLION,0.001,CAS,CONSOLIDATED,SOURCE,ORIGINAL,UNIT_NORMALIZATION_ONLY,,2024A
2024::ORIGINAL_REPORTED_2024_CAS::CF_CASH_TO_SUPPLIERS,2024,2024A,CF_CASH_TO_SUPPLIERS,CF_CASH_TO_SUPPLIERS,ORIGINAL_REPORTED_2024_CAS::CF_CASH_TO_SUPPLIERS,-245627386,RMB_THOUSAND,-245627.386,RMB_MILLION,0.001,CAS,CONSOLIDATED,SOURCE,ORIGINAL,UNIT_NORMALIZATION_ONLY,,2024A
2024::ORIGINAL_REPORTED_2024_CAS::CF_CENTRAL_BANK_DEPOSITS_INCREASE,2024,2024A,CF_CENTRAL_BANK_DEPOSITS_INCREASE,CF_CENTRAL_BANK_DEPOSITS_INCREASE,ORIGINAL_REPORTED_2024_CAS::CF_CENTRAL_BANK_DEPOSITS_INCREASE,-2045260,RMB_THOUSAND,-2045.26,RMB_MILLION,0.001,CAS,CONSOLIDATED,SOURCE,ORIGINAL,UNIT_NORMALIZATION_ONLY,,2024A
2024::ORIGINAL_REPORTED_2024_CAS::CF_CFF,2024,2024A,CF_CFF,CF_CFF,ORIGINAL_REPORTED_2024_CAS::CF_CFF,22697954,RMB_THOUSAND,22697.954,RMB_MILLION,0.001,CAS,CONSOLIDATED,SOURCE,ORIGINAL,UNIT_NORMALIZATION_ONLY,,2024A
2024::ORIGINAL_REPORTED_2024_CAS::CF_CFI,2024,2024A,CF_CFI,CF_CFI,ORIGINAL_REPORTED_2024_CAS::CF_CFI,-87901802,RMB_THOUSAND,-87901.802,RMB_MILLION,0.001,CAS,CONSOLIDATED,SOURCE,ORIGINAL,UNIT_NORMALIZATION_ONLY,,2024A
2024::ORIGINAL_REPORTED_2024_CAS::CF_CFO,2024,2024A,CF_CFO,CF_CFO,ORIGINAL_REPORTED_2024_CAS::CF_CFO,60511572,RMB_THOUSAND,60511.572,RMB_MILLION,0.001,CAS,CONSOLIDATED,SOURCE,ORIGINAL,UNIT_NORMALIZATION_ONLY,,2024A
2024::ORIGINAL_REPORTED_2024_CAS::CF_CLOSING_CASH,2024,2024A,CF_CLOSING_CASH,CF_CLOSING_CASH,ORIGINAL_REPORTED_2024_CAS::CF_CLOSING_CASH,55118728,RMB_THOUSAND,55118.728,RMB_MILLION,0.001,CAS,CONSOLIDATED,SOURCE,ORIGINAL,UNIT_NORMALIZATION_ONLY,,2024A
2024::ORIGINAL_REPORTED_2024_CAS::CF_CUSTOMER_DEPOSITS_INCREASE,2024,2024A,CF_CUSTOMER_DEPOSITS_INCREASE,CF_CUSTOMER_DEPOSITS_INCREASE,ORIGINAL_REPORTED_2024_CAS::CF_CUSTOMER_DEPOSITS_INCREASE,48384,RMB_THOUSAND,48.384,RMB_MILLION,0.001,CAS,CONSOLIDATED,SOURCE,ORIGINAL,UNIT_NORMALIZATION_ONLY,,2024A
2024::ORIGINAL_REPORTED_2024_CAS::CF_DEBT_PROCEEDS,2024,2024A,CF_DEBT_PROCEEDS,CF_DEBT_PROCEEDS,ORIGINAL_REPORTED_2024_CAS::CF_DEBT_PROCEEDS,37800361,RMB_THOUSAND,37800.361,RMB_MILLION,0.001,CAS,CONSOLIDATED,SOURCE,ORIGINAL,UNIT_NORMALIZATION_ONLY,,2024A
2024::ORIGINAL_REPORTED_2024_CAS::CF_DEBT_REPAYMENTS,2024,2024A,CF_DEBT_REPAYMENTS,CF_DEBT_REPAYMENTS,ORIGINAL_REPORTED_2024_CAS::CF_DEBT_REPAYMENTS,-24986249,RMB_THOUSAND,-24986.249,RMB_MILLION,0.001,CAS,CONSOLIDATED,SOURCE,ORIGINAL,UNIT_NORMALIZATION_ONLY,,2024A
2024::ORIGINAL_REPORTED_2024_CAS::CF_DIVIDENDS_INTEREST,2024,2024A,CF_DIVIDENDS_INTEREST,CF_DIVIDENDS_INTEREST,ORIGINAL_REPORTED_2024_CAS::CF_DIVIDENDS_INTEREST,-22821861,RMB_THOUSAND,-22821.861,RMB_MILLION,0.001,CAS,CONSOLIDATED,SOURCE,ORIGINAL,UNIT_NORMALIZATION_ONLY,,2024A
2024::ORIGINAL_REPORTED_2024_CAS::CF_DIVIDENDS_PAID,2024,2024A,CF_DIVIDENDS_PAID,CF_DIVIDENDS_PAID,ORIGINAL_REPORTED_2024_CAS::CF_DIVIDENDS_PAID,-20764776,RMB_THOUSAND,-20764.776,RMB_MILLION,0.001,CAS,CONSOLIDATED,DERIVED,ORIGINAL,UNIT_NORMALIZATION_ONLY,,2024A
2024::ORIGINAL_REPORTED_2024_CAS::CF_FINANCING_INFLOW,2024,2024A,CF_FINANCING_INFLOW,CF_FINANCING_INFLOW,ORIGINAL_REPORTED_2024_CAS::CF_FINANCING_INFLOW,72676949,RMB_THOUSAND,72676.949,RMB_MILLION,0.001,CAS,CONSOLIDATED,SOURCE,ORIGINAL,UNIT_NORMALIZATION_ONLY,,2024A
2024::ORIGINAL_REPORTED_2024_CAS::CF_FINANCING_OUTFLOW,2024,2024A,CF_FINANCING_OUTFLOW,CF_FINANCING_OUTFLOW,ORIGINAL_REPORTED_2024_CAS::CF_FINANCING_OUTFLOW,-49978995,RMB_THOUSAND,-49978.995,RMB_MILLION,0.001,CAS,CONSOLIDATED,SOURCE,ORIGINAL,UNIT_NORMALIZATION_ONLY,,2024A
2024::ORIGINAL_REPORTED_2024_CAS::CF_FIXED_ASSET_DISPOSAL_PROCEEDS,2024,2024A,CF_FIXED_ASSET_DISPOSAL_PROCEEDS,CF_FIXED_ASSET_DISPOSAL_PROCEEDS,ORIGINAL_REPORTED_2024_CAS::CF_FIXED_ASSET_DISPOSAL_PROCEEDS,960404,RMB_THOUSAND,960.404,RMB_MILLION,0.001,CAS,CONSOLIDATED,SOURCE,ORIGINAL,UNIT_NORMALIZATION_ONLY,,2024A
2024::ORIGINAL_REPORTED_2024_CAS::CF_FX_EFFECT,2024,2024A,CF_FX_EFFECT,CF_FX_EFFECT,ORIGINAL_REPORTED_2024_CAS::CF_FX_EFFECT,-76256,RMB_THOUSAND,-76.256,RMB_MILLION,0.001,CAS,CONSOLIDATED,SOURCE,ORIGINAL,UNIT_NORMALIZATION_ONLY,,2024A
2024::ORIGINAL_REPORTED_2024_CAS::CF_INTEREST_FEES_PAID,2024,2024A,CF_INTEREST_FEES_PAID,CF_INTEREST_FEES_PAID,ORIGINAL_REPORTED_2024_CAS::CF_INTEREST_FEES_PAID,-5040,RMB_THOUSAND,-5.04,RMB_MILLION,0.001,CAS,CONSOLIDATED,SOURCE,ORIGINAL,UNIT_NORMALIZATION_ONLY,,2024A
2024::ORIGINAL_REPORTED_2024_CAS::CF_INTEREST_FEES_RECEIVED,2024,2024A,CF_INTEREST_FEES_RECEIVED,CF_INTEREST_FEES_RECEIVED,ORIGINAL_REPORTED_2024_CAS::CF_INTEREST_FEES_RECEIVED,1936687,RMB_THOUSAND,1936.687,RMB_MILLION,0.001,CAS,CONSOLIDATED,SOURCE,ORIGINAL,UNIT_NORMALIZATION_ONLY,,2024A
2024::ORIGINAL_REPORTED_2024_CAS::CF_INTEREST_PAID,2024,2024A,CF_INTEREST_PAID,CF_INTEREST_PAID,ORIGINAL_REPORTED_2024_CAS::CF_INTEREST_PAID,-1631801,RMB_THOUSAND,-1631.801,RMB_MILLION,0.001,CAS,CONSOLIDATED,SOURCE,ORIGINAL,UNIT_NORMALIZATION_ONLY,,2024A
2024::ORIGINAL_REPORTED_2024_CAS::CF_INVESTING_INFLOW,2024,2024A,CF_INVESTING_INFLOW,CF_INVESTING_INFLOW,ORIGINAL_REPORTED_2024_CAS::CF_INVESTING_INFLOW,117935837,RMB_THOUSAND,117935.837,RMB_MILLION,0.001,CAS,CONSOLIDATED,SOURCE,ORIGINAL,UNIT_NORMALIZATION_ONLY,,2024A
2024::ORIGINAL_REPORTED_2024_CAS::CF_INVESTING_OUTFLOW,2024,2024A,CF_INVESTING_OUTFLOW,CF_INVESTING_OUTFLOW,ORIGINAL_REPORTED_2024_CAS::CF_INVESTING_OUTFLOW,-205837639,RMB_THOUSAND,-205837.639,RMB_MILLION,0.001,CAS,CONSOLIDATED,SOURCE,ORIGINAL,UNIT_NORMALIZATION_ONLY,,2024A
2024::ORIGINAL_REPORTED_2024_CAS::CF_INVESTMENT_PROCEEDS,2024,2024A,CF_INVESTMENT_PROCEEDS,CF_INVESTMENT_PROCEEDS,ORIGINAL_REPORTED_2024_CAS::CF_INVESTMENT_PROCEEDS,112907842,RMB_THOUSAND,112907.842,RMB_MILLION,0.001,CAS,CONSOLIDATED,SOURCE,ORIGINAL,UNIT_NORMALIZATION_ONLY,,2024A
2024::ORIGINAL_REPORTED_2024_CAS::CF_INVESTMENT_PURCHASES,2024,2024A,CF_INVESTMENT_PURCHASES,CF_INVESTMENT_PURCHASES,ORIGINAL_REPORTED_2024_CAS::CF_INVESTMENT_PURCHASES,-197985757,RMB_THOUSAND,-197985.757,RMB_MILLION,0.001,CAS,CONSOLIDATED,SOURCE,ORIGINAL,UNIT_NORMALIZATION_ONLY,,2024A
2024::ORIGINAL_REPORTED_2024_CAS::CF_INVESTMENT_RETURNS,2024,2024A,CF_INVESTMENT_RETURNS,CF_INVESTMENT_RETURNS,ORIGINAL_REPORTED_2024_CAS::CF_INVESTMENT_RETURNS,3984518,RMB_THOUSAND,3984.518,RMB_MILLION,0.001,CAS,CONSOLIDATED,SOURCE,ORIGINAL,UNIT_NORMALIZATION_ONLY,,2024A
2024::ORIGINAL_REPORTED_2024_CAS::CF_LEASE_FINANCING_PAYMENTS,2024,2024A,CF_LEASE_FINANCING_PAYMENTS,CF_LEASE_FINANCING_PAYMENTS,ORIGINAL_REPORTED_2024_CAS::CF_LEASE_FINANCING_PAYMENTS,-1442485,RMB_THOUSAND,-1442.485,RMB_MILLION,0.001,CAS,CONSOLIDATED,DERIVED,ORIGINAL,UNIT_NORMALIZATION_ONLY,,2024A
2024::ORIGINAL_REPORTED_2024_CAS::CF_LEASE_PAYMENTS,2024,2024A,CF_LEASE_PAYMENTS,CF_LEASE_PAYMENTS,ORIGINAL_REPORTED_2024_CAS::CF_LEASE_PAYMENTS,-1442485,RMB_THOUSAND,-1442.485,RMB_MILLION,0.001,CAS,CONSOLIDATED,SOURCE,ORIGINAL,UNIT_NORMALIZATION_ONLY,,2024A
2024::ORIGINAL_REPORTED_2024_CAS::CF_LOANS_ADVANCES_DECREASE,2024,2024A,CF_LOANS_ADVANCES_DECREASE,CF_LOANS_ADVANCES_DECREASE,ORIGINAL_REPORTED_2024_CAS::CF_LOANS_ADVANCES_DECREASE,3979158,RMB_THOUSAND,3979.158,RMB_MILLION,0.001,CAS,CONSOLIDATED,SOURCE,ORIGINAL,UNIT_NORMALIZATION_ONLY,,2024A
2024::ORIGINAL_REPORTED_2024_CAS::CF_LOANS_ADVANCES_INCREASE,2024,2024A,CF_LOANS_ADVANCES_INCREASE,CF_LOANS_ADVANCES_INCREASE,ORIGINAL_REPORTED_2024_CAS::CF_LOANS_ADVANCES_INCREASE,0,RMB_THOUSAND,0,RMB_MILLION,0.001,CAS,CONSOLIDATED,SOURCE,ORIGINAL,UNIT_NORMALIZATION_ONLY,,2024A
2024::ORIGINAL_REPORTED_2024_CAS::CF_MINORITY_ACQUISITIONS,2024,2024A,CF_MINORITY_ACQUISITIONS,CF_MINORITY_ACQUISITIONS,ORIGINAL_REPORTED_2024_CAS::CF_MINORITY_ACQUISITIONS,0,RMB_THOUSAND,0,RMB_MILLION,0.001,CAS,CONSOLIDATED,SOURCE,ORIGINAL,UNIT_NORMALIZATION_ONLY,,2024A
2024::ORIGINAL_REPORTED_2024_CAS::CF_MINORITY_CAPITAL_CONTRIBUTIONS,2024,2024A,CF_MINORITY_CAPITAL_CONTRIBUTIONS,CF_MINORITY_CAPITAL_CONTRIBUTIONS,ORIGINAL_REPORTED_2024_CAS::CF_MINORITY_CAPITAL_CONTRIBUTIONS,32294,RMB_THOUSAND,32.294,RMB_MILLION,0.001,CAS,CONSOLIDATED,SOURCE,ORIGINAL,UNIT_NORMALIZATION_ONLY,,2024A
2024::ORIGINAL_REPORTED_2024_CAS::CF_MINORITY_DIVIDENDS,2024,2024A,CF_MINORITY_DIVIDENDS,CF_MINORITY_DIVIDENDS,ORIGINAL_REPORTED_2024_CAS::CF_MINORITY_DIVIDENDS,-409782,RMB_THOUSAND,-409.782,RMB_MILLION,0.001,CAS,CONSOLIDATED,SOURCE,ORIGINAL,UNIT_NORMALIZATION_ONLY,,2024A
2024::ORIGINAL_REPORTED_2024_CAS::CF_NET_CHANGE_CASH,2024,2024A,CF_NET_CHANGE_CASH,CF_NET_CHANGE_CASH,ORIGINAL_REPORTED_2024_CAS::CF_NET_CHANGE_CASH,-4768532,RMB_THOUSAND,-4768.532,RMB_MILLION,0.001,CAS,CONSOLIDATED,SOURCE,ORIGINAL,UNIT_NORMALIZATION_ONLY,,2024A
2024::ORIGINAL_REPORTED_2024_CAS::CF_OPENING_CASH,2024,2024A,CF_OPENING_CASH,CF_OPENING_CASH,ORIGINAL_REPORTED_2024_CAS::CF_OPENING_CASH,59887260,RMB_THOUSAND,59887.26,RMB_MILLION,0.001,CAS,CONSOLIDATED,SOURCE,ORIGINAL,UNIT_NORMALIZATION_ONLY,,2024A
2024::ORIGINAL_REPORTED_2024_CAS::CF_OPERATING_INFLOW,2024,2024A,CF_OPERATING_INFLOW,CF_OPERATING_INFLOW,ORIGINAL_REPORTED_2024_CAS::CF_OPERATING_INFLOW,412775133,RMB_THOUSAND,412775.133,RMB_MILLION,0.001,CAS,CONSOLIDATED,SOURCE,ORIGINAL,UNIT_NORMALIZATION_ONLY,,2024A
2024::ORIGINAL_REPORTED_2024_CAS::CF_OPERATING_OUTFLOW,2024,2024A,CF_OPERATING_OUTFLOW,CF_OPERATING_OUTFLOW,ORIGINAL_REPORTED_2024_CAS::CF_OPERATING_OUTFLOW,-352263561,RMB_THOUSAND,-352263.561,RMB_MILLION,0.001,CAS,CONSOLIDATED,SOURCE,ORIGINAL,UNIT_NORMALIZATION_ONLY,,2024A
2024::ORIGINAL_REPORTED_2024_CAS::CF_OTHER_FINANCING_PAYMENTS,2024,2024A,CF_OTHER_FINANCING_PAYMENTS,CF_OTHER_FINANCING_PAYMENTS,ORIGINAL_REPORTED_2024_CAS::CF_OTHER_FINANCING_PAYMENTS,-2170885,RMB_THOUSAND,-2170.885,RMB_MILLION,0.001,CAS,CONSOLIDATED,SOURCE,ORIGINAL,UNIT_NORMALIZATION_ONLY,,2024A
2024::ORIGINAL_REPORTED_2024_CAS::CF_OTHER_FINANCING_RECEIPTS,2024,2024A,CF_OTHER_FINANCING_RECEIPTS,CF_OTHER_FINANCING_RECEIPTS,ORIGINAL_REPORTED_2024_CAS::CF_OTHER_FINANCING_RECEIPTS,180667,RMB_THOUSAND,180.667,RMB_MILLION,0.001,CAS,CONSOLIDATED,SOURCE,ORIGINAL,UNIT_NORMALIZATION_ONLY,,2024A
2024::ORIGINAL_REPORTED_2024_CAS::CF_OTHER_INVESTING_PAYMENTS,2024,2024A,CF_OTHER_INVESTING_PAYMENTS,CF_OTHER_INVESTING_PAYMENTS,ORIGINAL_REPORTED_2024_CAS::CF_OTHER_INVESTING_PAYMENTS,-12246,RMB_THOUSAND,-12.246,RMB_MILLION,0.001,CAS,CONSOLIDATED,SOURCE,ORIGINAL,UNIT_NORMALIZATION_ONLY,,2024A
2024::ORIGINAL_REPORTED_2024_CAS::CF_OTHER_INVESTING_RECEIPTS,2024,2024A,CF_OTHER_INVESTING_RECEIPTS,CF_OTHER_INVESTING_RECEIPTS,ORIGINAL_REPORTED_2024_CAS::CF_OTHER_INVESTING_RECEIPTS,5000,RMB_THOUSAND,5,RMB_MILLION,0.001,CAS,CONSOLIDATED,SOURCE,ORIGINAL,UNIT_NORMALIZATION_ONLY,,2024A
2024::ORIGINAL_REPORTED_2024_CAS::CF_OTHER_OPERATING_PAYMENTS,2024,2024A,CF_OTHER_OPERATING_PAYMENTS,CF_OTHER_OPERATING_PAYMENTS,ORIGINAL_REPORTED_2024_CAS::CF_OTHER_OPERATING_PAYMENTS,-41276014,RMB_THOUSAND,-41276.014,RMB_MILLION,0.001,CAS,CONSOLIDATED,SOURCE,ORIGINAL,UNIT_NORMALIZATION_ONLY,,2024A
2024::ORIGINAL_REPORTED_2024_CAS::CF_OTHER_OPERATING_RECEIPTS,2024,2024A,CF_OTHER_OPERATING_RECEIPTS,CF_OTHER_OPERATING_RECEIPTS,ORIGINAL_REPORTED_2024_CAS::CF_OTHER_OPERATING_RECEIPTS,8871166,RMB_THOUSAND,8871.166,RMB_MILLION,0.001,CAS,CONSOLIDATED,SOURCE,ORIGINAL,UNIT_NORMALIZATION_ONLY,,2024A
2024::ORIGINAL_REPORTED_2024_CAS::CF_SHARE_REPURCHASES,2024,2024A,CF_SHARE_REPURCHASES,CF_SHARE_REPURCHASES,ORIGINAL_REPORTED_2024_CAS::CF_SHARE_REPURCHASES,-63412,RMB_THOUSAND,-63.412,RMB_MILLION,0.001,CAS,CONSOLIDATED,SOURCE,ORIGINAL,UNIT_NORMALIZATION_ONLY,,2024A
2024::ORIGINAL_REPORTED_2024_CAS::CF_SUBSIDIARY_DISPOSAL_PROCEEDS,2024,2024A,CF_SUBSIDIARY_DISPOSAL_PROCEEDS,CF_SUBSIDIARY_DISPOSAL_PROCEEDS,ORIGINAL_REPORTED_2024_CAS::CF_SUBSIDIARY_DISPOSAL_PROCEEDS,78073,RMB_THOUSAND,78.073,RMB_MILLION,0.001,CAS,CONSOLIDATED,SOURCE,ORIGINAL,UNIT_NORMALIZATION_ONLY,,2024A
2024::ORIGINAL_REPORTED_2024_CAS::CF_TAXES_PAID,2024,2024A,CF_TAXES_PAID,CF_TAXES_PAID,ORIGINAL_REPORTED_2024_CAS::CF_TAXES_PAID,-19521276,RMB_THOUSAND,-19521.276,RMB_MILLION,0.001,CAS,CONSOLIDATED,SOURCE,ORIGINAL,UNIT_NORMALIZATION_ONLY,,2024A
2024::ORIGINAL_REPORTED_2024_CAS::CF_TAX_REFUNDS,2024,2024A,CF_TAX_REFUNDS,CF_TAX_REFUNDS,ORIGINAL_REPORTED_2024_CAS::CF_TAX_REFUNDS,9278400,RMB_THOUSAND,9278.4,RMB_MILLION,0.001,CAS,CONSOLIDATED,SOURCE,ORIGINAL,UNIT_NORMALIZATION_ONLY,,2024A
2024::ORIGINAL_REPORTED_2024_CAS::CLOSING_A_SHARES,2024,2024A,CLOSING_A_SHARES,CLOSING_A_SHARES,ORIGINAL_REPORTED_2024_CAS::CLOSING_A_SHARES,7005107383,SHARES,7005107383,SHARES,1,CAS,CONSOLIDATED,SOURCE,ORIGINAL,UNIT_NORMALIZATION_ONLY,,2024A
2024::ORIGINAL_REPORTED_2024_CAS::CLOSING_H_SHARES,2024,2024A,CLOSING_H_SHARES,CLOSING_H_SHARES,ORIGINAL_REPORTED_2024_CAS::CLOSING_H_SHARES,650848500,SHARES,650848500,SHARES,1,CAS,CONSOLIDATED,SOURCE,ORIGINAL,UNIT_NORMALIZATION_ONLY,,2024A
2024::ORIGINAL_REPORTED_2024_CAS::CLOSING_TOTAL_SHARES,2024,2024A,CLOSING_TOTAL_SHARES,CLOSING_TOTAL_SHARES,ORIGINAL_REPORTED_2024_CAS::CLOSING_TOTAL_SHARES,7655955883,SHARES,7655955883,SHARES,1,CAS,CONSOLIDATED,SOURCE,ORIGINAL,UNIT_NORMALIZATION_ONLY,,2024A
2024::ORIGINAL_REPORTED_2024_CAS::COMP_OTHER_CASH,2024,2024A,COMP_OTHER_CASH,COMP_OTHER_CASH,ORIGINAL_REPORTED_2024_CAS::COMP_OTHER_CASH,3889921,RMB_THOUSAND,3889.921,RMB_MILLION,0.001,CAS,CONSOLIDATED,SOURCE,ORIGINAL,UNIT_NORMALIZATION_ONLY,,2024A
2024::ORIGINAL_REPORTED_2024_CAS::COMP_PPE_CIP,2024,2024A,COMP_PPE_CIP,COMP_PPE_CIP,ORIGINAL_REPORTED_2024_CAS::COMP_PPE_CIP,2624600,RMB_THOUSAND,2624.6,RMB_MILLION,0.001,CAS,CONSOLIDATED,SOURCE,ORIGINAL,UNIT_NORMALIZATION_ONLY,,2024A
2024::ORIGINAL_REPORTED_2024_CAS::COMP_PPE_OTHER,2024,2024A,COMP_PPE_OTHER,COMP_PPE_OTHER,ORIGINAL_REPORTED_2024_CAS::COMP_PPE_OTHER,122563,RMB_THOUSAND,122.563,RMB_MILLION,0.001,CAS,CONSOLIDATED,SOURCE,ORIGINAL,UNIT_NORMALIZATION_ONLY,,2024A
2024::ORIGINAL_REPORTED_2024_CAS::COMP_PPE_PURCHASE,2024,2024A,COMP_PPE_PURCHASE,COMP_PPE_PURCHASE,ORIGINAL_REPORTED_2024_CAS::COMP_PPE_PURCHASE,5942558,RMB_THOUSAND,5942.558,RMB_MILLION,0.001,CAS,CONSOLIDATED,SOURCE,ORIGINAL,UNIT_NORMALIZATION_ONLY,,2024A
2024::ORIGINAL_REPORTED_2024_CAS::COMP_READILY_DRAWABLE_OTHER_CASH,2024,2024A,COMP_READILY_DRAWABLE_OTHER_CASH,COMP_READILY_DRAWABLE_OTHER_CASH,ORIGINAL_REPORTED_2024_CAS::COMP_READILY_DRAWABLE_OTHER_CASH,282865,RMB_THOUSAND,282.865,RMB_MILLION,0.001,CAS,CONSOLIDATED,SOURCE,ORIGINAL,UNIT_NORMALIZATION_ONLY,,2024A
2024::ORIGINAL_REPORTED_2024_CAS::COMP_ROU_DISPOSAL_COST,2024,2024A,COMP_ROU_DISPOSAL_COST,COMP_ROU_DISPOSAL_COST,ORIGINAL_REPORTED_2024_CAS::COMP_ROU_DISPOSAL_COST,-871451,RMB_THOUSAND,-871.451,RMB_MILLION,0.001,CAS,CONSOLIDATED,SOURCE,ORIGINAL,UNIT_NORMALIZATION_ONLY,,2024A
2024::ORIGINAL_REPORTED_2024_CAS::COMP_ROU_DISPOSAL_DEPRECIATION,2024,2024A,COMP_ROU_DISPOSAL_DEPRECIATION,COMP_ROU_DISPOSAL_DEPRECIATION,ORIGINAL_REPORTED_2024_CAS::COMP_ROU_DISPOSAL_DEPRECIATION,-871451,RMB_THOUSAND,-871.451,RMB_MILLION,0.001,CAS,CONSOLIDATED,SOURCE,ORIGINAL,UNIT_NORMALIZATION_ONLY,,2024A
2024::ORIGINAL_REPORTED_2024_CAS::COMP_ROU_MODIFICATION_DECREASE,2024,2024A,COMP_ROU_MODIFICATION_DECREASE,COMP_ROU_MODIFICATION_DECREASE,ORIGINAL_REPORTED_2024_CAS::COMP_ROU_MODIFICATION_DECREASE,-338295,RMB_THOUSAND,-338.295,RMB_MILLION,0.001,CAS,CONSOLIDATED,SOURCE,ORIGINAL,UNIT_NORMALIZATION_ONLY,,2024A
2024::ORIGINAL_REPORTED_2024_CAS::COMP_ROU_MODIFICATION_DEPRECIATION,2024,2024A,COMP_ROU_MODIFICATION_DEPRECIATION,COMP_ROU_MODIFICATION_DEPRECIATION,ORIGINAL_REPORTED_2024_CAS::COMP_ROU_MODIFICATION_DEPRECIATION,-76898,RMB_THOUSAND,-76.898,RMB_MILLION,0.001,CAS,CONSOLIDATED,SOURCE,ORIGINAL,UNIT_NORMALIZATION_ONLY,,2024A
2024::ORIGINAL_REPORTED_2024_CAS::COMP_ROU_MODIFICATION_INCREASE,2024,2024A,COMP_ROU_MODIFICATION_INCREASE,COMP_ROU_MODIFICATION_INCREASE,ORIGINAL_REPORTED_2024_CAS::COMP_ROU_MODIFICATION_INCREASE,133408,RMB_THOUSAND,133.408,RMB_MILLION,0.001,CAS,CONSOLIDATED,SOURCE,ORIGINAL,UNIT_NORMALIZATION_ONLY,,2024A
2024::ORIGINAL_REPORTED_2024_CAS::COMP_ROU_NEW_LEASES,2024,2024A,COMP_ROU_NEW_LEASES,COMP_ROU_NEW_LEASES,ORIGINAL_REPORTED_2024_CAS::COMP_ROU_NEW_LEASES,1204083,RMB_THOUSAND,1204.083,RMB_MILLION,0.001,CAS,CONSOLIDATED,SOURCE,ORIGINAL,UNIT_NORMALIZATION_ONLY,,2024A
2024::ORIGINAL_REPORTED_2024_CAS::COMP_STATUTORY_CASH,2024,2024A,COMP_STATUTORY_CASH,COMP_STATUTORY_CASH,ORIGINAL_REPORTED_2024_CAS::COMP_STATUTORY_CASH,2460330,RMB_THOUSAND,2460.33,RMB_MILLION,0.001,CAS,CONSOLIDATED,SOURCE,ORIGINAL,UNIT_NORMALIZATION_ONLY,,2024A
2024::ORIGINAL_REPORTED_2024_CAS::COMP_TERM_BANK,2024,2024A,COMP_TERM_BANK,COMP_TERM_BANK,ORIGINAL_REPORTED_2024_CAS::COMP_TERM_BANK,56055209,RMB_THOUSAND,56055.209,RMB_MILLION,0.001,CAS,CONSOLIDATED,SOURCE,ORIGINAL,UNIT_NORMALIZATION_ONLY,,2024A
2024::ORIGINAL_REPORTED_2024_CAS::COMP_TERM_INTERBANK,2024,2024A,COMP_TERM_INTERBANK,COMP_TERM_INTERBANK,ORIGINAL_REPORTED_2024_CAS::COMP_TERM_INTERBANK,22100000,RMB_THOUSAND,22100,RMB_MILLION,0.001,CAS,CONSOLIDATED,SOURCE,ORIGINAL,UNIT_NORMALIZATION_ONLY,,2024A
2024::ORIGINAL_REPORTED_2024_CAS::DEPRECIATION_AMORTISATION,2024,2024A,DEPRECIATION_AMORTISATION,DEPRECIATION_AMORTISATION,ORIGINAL_REPORTED_2024_CAS::DEPRECIATION_AMORTISATION,7823840,RMB_THOUSAND,7823.84,RMB_MILLION,0.001,CAS,CONSOLIDATED,SOURCE,ORIGINAL,UNIT_NORMALIZATION_ONLY,,2024A
2024::ORIGINAL_REPORTED_2024_CAS::DISCLOSED_LEASE_EQUITY_BRIDGE,2024,2024A,DISCLOSED_LEASE_EQUITY_BRIDGE,DISCLOSED_LEASE_EQUITY_BRIDGE,ORIGINAL_REPORTED_2024_CAS::DISCLOSED_LEASE_EQUITY_BRIDGE,37,RMB_THOUSAND,0.037,RMB_MILLION,0.001,CAS,CONSOLIDATED,SOURCE,ORIGINAL,UNIT_NORMALIZATION_ONLY,,2024A
2024::ORIGINAL_REPORTED_2024_CAS::DISCLOSED_LEASE_PROFIT_BRIDGE,2024,2024A,DISCLOSED_LEASE_PROFIT_BRIDGE,DISCLOSED_LEASE_PROFIT_BRIDGE,ORIGINAL_REPORTED_2024_CAS::DISCLOSED_LEASE_PROFIT_BRIDGE,1750,RMB_THOUSAND,1.75,RMB_MILLION,0.001,CAS,CONSOLIDATED,SOURCE,ORIGINAL,UNIT_NORMALIZATION_ONLY,,2024A
2024::ORIGINAL_REPORTED_2024_CAS::GEO_MAINLAND_NONCURRENT_ASSETS,2024,2024A,GEO_MAINLAND_NONCURRENT_ASSETS,GEO_MAINLAND_NONCURRENT_ASSETS,ORIGINAL_REPORTED_2024_CAS::GEO_MAINLAND_NONCURRENT_ASSETS,45674177,RMB_THOUSAND,45674.177,RMB_MILLION,0.001,CAS,GEOGRAPHIC_MAINLAND,SOURCE,ORIGINAL,UNIT_NORMALIZATION_ONLY,,2024A
2024::ORIGINAL_REPORTED_2024_CAS::GEO_MAINLAND_REVENUE,2024,2024A,GEO_MAINLAND_REVENUE,GEO_MAINLAND_REVENUE,ORIGINAL_REPORTED_2024_CAS::GEO_MAINLAND_REVENUE,240049883,RMB_THOUSAND,240049.883,RMB_MILLION,0.001,CAS,GEOGRAPHIC_MAINLAND,SOURCE,ORIGINAL,UNIT_NORMALIZATION_ONLY,,2024A
2024::ORIGINAL_REPORTED_2024_CAS::GEO_OVERSEAS_NONCURRENT_ASSETS,2024,2024A,GEO_OVERSEAS_NONCURRENT_ASSETS,GEO_OVERSEAS_NONCURRENT_ASSETS,ORIGINAL_REPORTED_2024_CAS::GEO_OVERSEAS_NONCURRENT_ASSETS,17643826,RMB_THOUSAND,17643.826,RMB_MILLION,0.001,CAS,GEOGRAPHIC_OVERSEAS,SOURCE,ORIGINAL,UNIT_NORMALIZATION_ONLY,,2024A
2024::ORIGINAL_REPORTED_2024_CAS::GEO_OVERSEAS_REVENUE,2024,2024A,GEO_OVERSEAS_REVENUE,GEO_OVERSEAS_REVENUE,ORIGINAL_REPORTED_2024_CAS::GEO_OVERSEAS_REVENUE,169034383,RMB_THOUSAND,169034.383,RMB_MILLION,0.001,CAS,GEOGRAPHIC_OVERSEAS,SOURCE,ORIGINAL,UNIT_NORMALIZATION_ONLY,,2024A
2024::ORIGINAL_REPORTED_2024_CAS::H_SHARE_FINAL_ISSUE,2024,2024A,H_SHARE_FINAL_ISSUE,H_SHARE_FINAL_ISSUE,ORIGINAL_REPORTED_2024_CAS::H_SHARE_FINAL_ISSUE,650848500,SHARES,650848500,SHARES,1,CAS,CONSOLIDATED,SOURCE,ORIGINAL,UNIT_NORMALIZATION_ONLY,,2024A
2024::ORIGINAL_REPORTED_2024_CAS::H_SHARE_GROSS_PROCEEDS_HKD,2024,2024A,H_SHARE_GROSS_PROCEEDS_HKD,H_SHARE_GROSS_PROCEEDS_HKD,ORIGINAL_REPORTED_2024_CAS::H_SHARE_GROSS_PROCEEDS_HKD,35666497800,HKD,35666497800,HKD,1,CAS,CONSOLIDATED,SOURCE,ORIGINAL,UNIT_NORMALIZATION_ONLY,,2024A
2024::ORIGINAL_REPORTED_2024_CAS::H_SHARE_GROSS_PROCEEDS_RMB,2024,2024A,H_SHARE_GROSS_PROCEEDS_RMB,H_SHARE_GROSS_PROCEEDS_RMB,ORIGINAL_REPORTED_2024_CAS::H_SHARE_GROSS_PROCEEDS_RMB,32398780000,RMB,32398780000,RMB,1,CAS,CONSOLIDATED,SOURCE,ORIGINAL,UNIT_NORMALIZATION_ONLY,,2024A
2024::ORIGINAL_REPORTED_2024_CAS::H_SHARE_INITIAL_ISSUE,2024,2024A,H_SHARE_INITIAL_ISSUE,H_SHARE_INITIAL_ISSUE,ORIGINAL_REPORTED_2024_CAS::H_SHARE_INITIAL_ISSUE,565955300,SHARES,565955300,SHARES,1,CAS,CONSOLIDATED,SOURCE,ORIGINAL,UNIT_NORMALIZATION_ONLY,,2024A
2024::ORIGINAL_REPORTED_2024_CAS::H_SHARE_ISSUE_COST_RMB,2024,2024A,H_SHARE_ISSUE_COST_RMB,H_SHARE_ISSUE_COST_RMB,ORIGINAL_REPORTED_2024_CAS::H_SHARE_ISSUE_COST_RMB,252548000,RMB,252548000,RMB,1,CAS,CONSOLIDATED,SOURCE,ORIGINAL,UNIT_NORMALIZATION_ONLY,,2024A
2024::ORIGINAL_REPORTED_2024_CAS::H_SHARE_ISSUE_PRICE_HKD,2024,2024A,H_SHARE_ISSUE_PRICE_HKD,H_SHARE_ISSUE_PRICE_HKD,ORIGINAL_REPORTED_2024_CAS::H_SHARE_ISSUE_PRICE_HKD,54.80,HKD_PER_SHARE,54.80,HKD_PER_SHARE,1,CAS,CONSOLIDATED,SOURCE,ORIGINAL,UNIT_NORMALIZATION_ONLY,,2024A
2024::ORIGINAL_REPORTED_2024_CAS::H_SHARE_NET_PROCEEDS_RMB,2024,2024A,H_SHARE_NET_PROCEEDS_RMB,H_SHARE_NET_PROCEEDS_RMB,ORIGINAL_REPORTED_2024_CAS::H_SHARE_NET_PROCEEDS_RMB,32146232000,RMB,32146232000,RMB,1,CAS,CONSOLIDATED,SOURCE,ORIGINAL,UNIT_NORMALIZATION_ONLY,,2024A
2024::ORIGINAL_REPORTED_2024_CAS::H_SHARE_OVERALLOTMENT,2024,2024A,H_SHARE_OVERALLOTMENT,H_SHARE_OVERALLOTMENT,ORIGINAL_REPORTED_2024_CAS::H_SHARE_OVERALLOTMENT,84893200,SHARES,84893200,SHARES,1,CAS,CONSOLIDATED,SOURCE,ORIGINAL,UNIT_NORMALIZATION_ONLY,,2024A
2024::ORIGINAL_REPORTED_2024_CAS::IS_ADJUSTED_ATTRIBUTABLE_NI,2024,2024A,IS_ADJUSTED_ATTRIBUTABLE_NI,IS_ADJUSTED_ATTRIBUTABLE_NI,ORIGINAL_REPORTED_2024_CAS::IS_ADJUSTED_ATTRIBUTABLE_NI,35741418,RMB_THOUSAND,35741.418,RMB_MILLION,0.001,CAS,CONSOLIDATED,DERIVED,ORIGINAL,UNIT_NORMALIZATION_ONLY,,2024A
2024::ORIGINAL_REPORTED_2024_CAS::IS_ADMIN_EXPENSE,2024,2024A,IS_ADMIN_EXPENSE,IS_ADMIN_EXPENSE,ORIGINAL_REPORTED_2024_CAS::IS_ADMIN_EXPENSE,-14505864,RMB_THOUSAND,-14505.864,RMB_MILLION,0.001,CAS,CONSOLIDATED,SOURCE,ORIGINAL,UNIT_NORMALIZATION_ONLY,,2024A
2024::ORIGINAL_REPORTED_2024_CAS::IS_ASSET_DISPOSAL,2024,2024A,IS_ASSET_DISPOSAL,IS_ASSET_DISPOSAL,ORIGINAL_REPORTED_2024_CAS::IS_ASSET_DISPOSAL,214895,RMB_THOUSAND,214.895,RMB_MILLION,0.001,CAS,CONSOLIDATED,SOURCE,ORIGINAL,UNIT_NORMALIZATION_ONLY,,2024A
2024::ORIGINAL_REPORTED_2024_CAS::IS_ASSET_IMPAIRMENT,2024,2024A,IS_ASSET_IMPAIRMENT,IS_ASSET_IMPAIRMENT,ORIGINAL_REPORTED_2024_CAS::IS_ASSET_IMPAIRMENT,-1008107,RMB_THOUSAND,-1008.107,RMB_MILLION,0.001,CAS,CONSOLIDATED,SOURCE,ORIGINAL,UNIT_NORMALIZATION_ONLY,,2024A
2024::ORIGINAL_REPORTED_2024_CAS::IS_ASSOCIATE_INVESTMENT_INCOME,2024,2024A,IS_ASSOCIATE_INVESTMENT_INCOME,IS_ASSOCIATE_INVESTMENT_INCOME,ORIGINAL_REPORTED_2024_CAS::IS_ASSOCIATE_INVESTMENT_INCOME,847098,RMB_THOUSAND,847.098,RMB_MILLION,0.001,CAS,CONSOLIDATED,SOURCE,ORIGINAL,UNIT_NORMALIZATION_ONLY,,2024A
2024::ORIGINAL_REPORTED_2024_CAS::IS_ATTRIBUTABLE_NI,2024,2024A,IS_ATTRIBUTABLE_NI,IS_ATTRIBUTABLE_NI,ORIGINAL_REPORTED_2024_CAS::IS_ATTRIBUTABLE_NI,38537237,RMB_THOUSAND,38537.237,RMB_MILLION,0.001,CAS,CONSOLIDATED,SOURCE,ORIGINAL,UNIT_NORMALIZATION_ONLY,,2024A
2024::ORIGINAL_REPORTED_2024_CAS::IS_BASIC_EPS,2024,2024A,IS_BASIC_EPS,IS_BASIC_EPS,ORIGINAL_REPORTED_2024_CAS::IS_BASIC_EPS,5.44,RMB_PER_SHARE,5.44,RMB_PER_SHARE,1,CAS,CONSOLIDATED,SOURCE,ORIGINAL,UNIT_NORMALIZATION_ONLY,,2024A
2024::ORIGINAL_REPORTED_2024_CAS::IS_COMPREHENSIVE_INCOME,2024,2024A,IS_COMPREHENSIVE_INCOME,IS_COMPREHENSIVE_INCOME,ORIGINAL_REPORTED_2024_CAS::IS_COMPREHENSIVE_INCOME,38038233,RMB_THOUSAND,38038.233,RMB_MILLION,0.001,CAS,CONSOLIDATED,SOURCE,ORIGINAL,UNIT_NORMALIZATION_ONLY,,2024A
2024::ORIGINAL_REPORTED_2024_CAS::IS_CREDIT_IMPAIRMENT,2024,2024A,IS_CREDIT_IMPAIRMENT,IS_CREDIT_IMPAIRMENT,ORIGINAL_REPORTED_2024_CAS::IS_CREDIT_IMPAIRMENT,-4595,RMB_THOUSAND,-4.595,RMB_MILLION,0.001,CAS,CONSOLIDATED,SOURCE,ORIGINAL,UNIT_NORMALIZATION_ONLY,,2024A
2024::ORIGINAL_REPORTED_2024_CAS::IS_DILUTED_EPS,2024,2024A,IS_DILUTED_EPS,IS_DILUTED_EPS,ORIGINAL_REPORTED_2024_CAS::IS_DILUTED_EPS,5.42,RMB_PER_SHARE,5.42,RMB_PER_SHARE,1,CAS,CONSOLIDATED,SOURCE,ORIGINAL,UNIT_NORMALIZATION_ONLY,,2024A
2024::ORIGINAL_REPORTED_2024_CAS::IS_FAIR_VALUE_CHANGE,2024,2024A,IS_FAIR_VALUE_CHANGE,IS_FAIR_VALUE_CHANGE,ORIGINAL_REPORTED_2024_CAS::IS_FAIR_VALUE_CHANGE,1302145,RMB_THOUSAND,1302.145,RMB_MILLION,0.001,CAS,CONSOLIDATED,SOURCE,ORIGINAL,UNIT_NORMALIZATION_ONLY,,2024A
2024::ORIGINAL_REPORTED_2024_CAS::IS_FEE_COMMISSION_EXPENSE,2024,2024A,IS_FEE_COMMISSION_EXPENSE,IS_FEE_COMMISSION_EXPENSE,ORIGINAL_REPORTED_2024_CAS::IS_FEE_COMMISSION_EXPENSE,-3157,RMB_THOUSAND,-3.157,RMB_MILLION,0.001,CAS,CONSOLIDATED,SOURCE,ORIGINAL,UNIT_NORMALIZATION_ONLY,,2024A
2024::ORIGINAL_REPORTED_2024_CAS::IS_FEE_COMMISSION_INCOME,2024,2024A,IS_FEE_COMMISSION_INCOME,IS_FEE_COMMISSION_INCOME,ORIGINAL_REPORTED_2024_CAS::IS_FEE_COMMISSION_INCOME,576,RMB_THOUSAND,0.576,RMB_MILLION,0.001,CAS,CONSOLIDATED,SOURCE,ORIGINAL,UNIT_NORMALIZATION_ONLY,,2024A
2024::ORIGINAL_REPORTED_2024_CAS::IS_FINANCE_INTEREST_INCOME,2024,2024A,IS_FINANCE_INTEREST_INCOME,IS_FINANCE_INTEREST_INCOME,ORIGINAL_REPORTED_2024_CAS::IS_FINANCE_INTEREST_INCOME,7200991,RMB_THOUSAND,7200.991,RMB_MILLION,0.001,CAS,CONSOLIDATED,SOURCE,ORIGINAL,UNIT_NORMALIZATION_ONLY,,2024A
2024::ORIGINAL_REPORTED_2024_CAS::IS_FINANCE_RESULT,2024,2024A,IS_FINANCE_RESULT,IS_FINANCE_RESULT,ORIGINAL_REPORTED_2024_CAS::IS_FINANCE_RESULT,3329248,RMB_THOUSAND,3329.248,RMB_MILLION,0.001,CAS,CONSOLIDATED,SOURCE,ORIGINAL,UNIT_NORMALIZATION_ONLY,,2024A
2024::ORIGINAL_REPORTED_2024_CAS::IS_FINANCIAL_BUSINESS_INTEREST_COST,2024,2024A,IS_FINANCIAL_BUSINESS_INTEREST_COST,IS_FINANCIAL_BUSINESS_INTEREST_COST,ORIGINAL_REPORTED_2024_CAS::IS_FINANCIAL_BUSINESS_INTEREST_COST,-1883,RMB_THOUSAND,-1.883,RMB_MILLION,0.001,CAS,CONSOLIDATED,SOURCE,ORIGINAL,UNIT_NORMALIZATION_ONLY,,2024A
2024::ORIGINAL_REPORTED_2024_CAS::IS_FINANCIAL_BUSINESS_INTEREST_INCOME,2024,2024A,IS_FINANCIAL_BUSINESS_INTEREST_INCOME,IS_FINANCIAL_BUSINESS_INTEREST_INCOME,ORIGINAL_REPORTED_2024_CAS::IS_FINANCIAL_BUSINESS_INTEREST_INCOME,1934090,RMB_THOUSAND,1934.09,RMB_MILLION,0.001,CAS,CONSOLIDATED,SOURCE,ORIGINAL,UNIT_NORMALIZATION_ONLY,,2024A
2024::ORIGINAL_REPORTED_2024_CAS::IS_FINANCING_INTEREST_EXPENSE,2024,2024A,IS_FINANCING_INTEREST_EXPENSE,IS_FINANCING_INTEREST_EXPENSE,ORIGINAL_REPORTED_2024_CAS::IS_FINANCING_INTEREST_EXPENSE,-2453361,RMB_THOUSAND,-2453.361,RMB_MILLION,0.001,CAS,CONSOLIDATED,SOURCE,ORIGINAL,UNIT_NORMALIZATION_ONLY,,2024A
2024::ORIGINAL_REPORTED_2024_CAS::IS_INCOME_TAX,2024,2024A,IS_INCOME_TAX,IS_INCOME_TAX,ORIGINAL_REPORTED_2024_CAS::IS_INCOME_TAX,-7932532,RMB_THOUSAND,-7932.532,RMB_MILLION,0.001,CAS,CONSOLIDATED,SOURCE,ORIGINAL,UNIT_NORMALIZATION_ONLY,,2024A
2024::ORIGINAL_REPORTED_2024_CAS::IS_INVESTMENT_INCOME,2024,2024A,IS_INVESTMENT_INCOME,IS_INVESTMENT_INCOME,ORIGINAL_REPORTED_2024_CAS::IS_INVESTMENT_INCOME,1442940,RMB_THOUSAND,1442.94,RMB_MILLION,0.001,CAS,CONSOLIDATED,SOURCE,ORIGINAL,UNIT_NORMALIZATION_ONLY,,2024A
2024::ORIGINAL_REPORTED_2024_CAS::IS_LEASE_INTEREST_EXPENSE,2024,2024A,IS_LEASE_INTEREST_EXPENSE,IS_LEASE_INTEREST_EXPENSE,ORIGINAL_REPORTED_2024_CAS::IS_LEASE_INTEREST_EXPENSE,151181,RMB_THOUSAND,151.181,RMB_MILLION,0.001,CAS,CONSOLIDATED,DERIVED,ORIGINAL,UNIT_NORMALIZATION_ONLY,,2024A
2024::ORIGINAL_REPORTED_2024_CAS::IS_NCI_COMPREHENSIVE,2024,2024A,IS_NCI_COMPREHENSIVE,IS_NCI_COMPREHENSIVE,ORIGINAL_REPORTED_2024_CAS::IS_NCI_COMPREHENSIVE,-145267,RMB_THOUSAND,-145.267,RMB_MILLION,0.001,CAS,CONSOLIDATED,SOURCE,ORIGINAL,UNIT_NORMALIZATION_ONLY,,2024A
2024::ORIGINAL_REPORTED_2024_CAS::IS_NCI_OCI,2024,2024A,IS_NCI_OCI,IS_NCI_OCI,ORIGINAL_REPORTED_2024_CAS::IS_NCI_OCI,-365244,RMB_THOUSAND,-365.244,RMB_MILLION,0.001,CAS,CONSOLIDATED,SOURCE,ORIGINAL,UNIT_NORMALIZATION_ONLY,,2024A
2024::ORIGINAL_REPORTED_2024_CAS::IS_NCI_PROFIT,2024,2024A,IS_NCI_PROFIT,IS_NCI_PROFIT,ORIGINAL_REPORTED_2024_CAS::IS_NCI_PROFIT,219977,RMB_THOUSAND,219.977,RMB_MILLION,0.001,CAS,CONSOLIDATED,SOURCE,ORIGINAL,UNIT_NORMALIZATION_ONLY,,2024A
2024::ORIGINAL_REPORTED_2024_CAS::IS_NET_PROFIT,2024,2024A,IS_NET_PROFIT,IS_NET_PROFIT,ORIGINAL_REPORTED_2024_CAS::IS_NET_PROFIT,38757214,RMB_THOUSAND,38757.214,RMB_MILLION,0.001,CAS,CONSOLIDATED,SOURCE,ORIGINAL,UNIT_NORMALIZATION_ONLY,,2024A
2024::ORIGINAL_REPORTED_2024_CAS::IS_NONOPERATING_EXPENSE,2024,2024A,IS_NONOPERATING_EXPENSE,IS_NONOPERATING_EXPENSE,ORIGINAL_REPORTED_2024_CAS::IS_NONOPERATING_EXPENSE,-204302,RMB_THOUSAND,-204.302,RMB_MILLION,0.001,CAS,CONSOLIDATED,SOURCE,ORIGINAL,UNIT_NORMALIZATION_ONLY,,2024A
2024::ORIGINAL_REPORTED_2024_CAS::IS_NONOPERATING_INCOME,2024,2024A,IS_NONOPERATING_INCOME,IS_NONOPERATING_INCOME,ORIGINAL_REPORTED_2024_CAS::IS_NONOPERATING_INCOME,500296,RMB_THOUSAND,500.296,RMB_MILLION,0.001,CAS,CONSOLIDATED,SOURCE,ORIGINAL,UNIT_NORMALIZATION_ONLY,,2024A
2024::ORIGINAL_REPORTED_2024_CAS::IS_OCI,2024,2024A,IS_OCI,IS_OCI,ORIGINAL_REPORTED_2024_CAS::IS_OCI,-718981,RMB_THOUSAND,-718.981,RMB_MILLION,0.001,CAS,CONSOLIDATED,SOURCE,ORIGINAL,UNIT_NORMALIZATION_ONLY,,2024A
2024::ORIGINAL_REPORTED_2024_CAS::IS_OPERATING_COST,2024,2024A,IS_OPERATING_COST,IS_OPERATING_COST,ORIGINAL_REPORTED_2024_CAS::IS_OPERATING_COST,-299584935,RMB_THOUSAND,-299584.935,RMB_MILLION,0.001,CAS,CONSOLIDATED,SOURCE,ORIGINAL,UNIT_NORMALIZATION_ONLY,,2024A
2024::ORIGINAL_REPORTED_2024_CAS::IS_OPERATING_PROFIT,2024,2024A,IS_OPERATING_PROFIT,IS_OPERATING_PROFIT,ORIGINAL_REPORTED_2024_CAS::IS_OPERATING_PROFIT,46393752,RMB_THOUSAND,46393.752,RMB_MILLION,0.001,CAS,CONSOLIDATED,SOURCE,ORIGINAL,UNIT_NORMALIZATION_ONLY,,2024A
2024::ORIGINAL_REPORTED_2024_CAS::IS_OPERATING_REVENUE,2024,2024A,IS_OPERATING_REVENUE,IS_OPERATING_REVENUE,ORIGINAL_REPORTED_2024_CAS::IS_OPERATING_REVENUE,407149600,RMB_THOUSAND,407149.6,RMB_MILLION,0.001,CAS,CONSOLIDATED,SOURCE,ORIGINAL,UNIT_NORMALIZATION_ONLY,,2024A
2024::ORIGINAL_REPORTED_2024_CAS::IS_OTHER_INCOME,2024,2024A,IS_OTHER_INCOME,IS_OTHER_INCOME,ORIGINAL_REPORTED_2024_CAS::IS_OTHER_INCOME,3234844,RMB_THOUSAND,3234.844,RMB_MILLION,0.001,CAS,CONSOLIDATED,SOURCE,ORIGINAL,UNIT_NORMALIZATION_ONLY,,2024A
2024::ORIGINAL_REPORTED_2024_CAS::IS_PARENT_COMPREHENSIVE,2024,2024A,IS_PARENT_COMPREHENSIVE,IS_PARENT_COMPREHENSIVE,ORIGINAL_REPORTED_2024_CAS::IS_PARENT_COMPREHENSIVE,38183500,RMB_THOUSAND,38183.5,RMB_MILLION,0.001,CAS,CONSOLIDATED,SOURCE,ORIGINAL,UNIT_NORMALIZATION_ONLY,,2024A
2024::ORIGINAL_REPORTED_2024_CAS::IS_PARENT_OCI,2024,2024A,IS_PARENT_OCI,IS_PARENT_OCI,ORIGINAL_REPORTED_2024_CAS::IS_PARENT_OCI,-353737,RMB_THOUSAND,-353.737,RMB_MILLION,0.001,CAS,CONSOLIDATED,SOURCE,ORIGINAL,UNIT_NORMALIZATION_ONLY,,2024A
2024::ORIGINAL_REPORTED_2024_CAS::IS_PBT,2024,2024A,IS_PBT,IS_PBT,ORIGINAL_REPORTED_2024_CAS::IS_PBT,46689746,RMB_THOUSAND,46689.746,RMB_MILLION,0.001,CAS,CONSOLIDATED,SOURCE,ORIGINAL,UNIT_NORMALIZATION_ONLY,,2024A
2024::ORIGINAL_REPORTED_2024_CAS::IS_RD_EXPENSE,2024,2024A,IS_RD_EXPENSE,IS_RD_EXPENSE,ORIGINAL_REPORTED_2024_CAS::IS_RD_EXPENSE,-16232771,RMB_THOUSAND,-16232.771,RMB_MILLION,0.001,CAS,CONSOLIDATED,SOURCE,ORIGINAL,UNIT_NORMALIZATION_ONLY,,2024A
2024::ORIGINAL_REPORTED_2024_CAS::IS_SELLING_EXPENSE,2024,2024A,IS_SELLING_EXPENSE,IS_SELLING_EXPENSE,ORIGINAL_REPORTED_2024_CAS::IS_SELLING_EXPENSE,-38753649,RMB_THOUSAND,-38753.649,RMB_MILLION,0.001,CAS,CONSOLIDATED,SOURCE,ORIGINAL,UNIT_NORMALIZATION_ONLY,,2024A
2024::ORIGINAL_REPORTED_2024_CAS::IS_TAXES_SURCHARGES,2024,2024A,IS_TAXES_SURCHARGES,IS_TAXES_SURCHARGES,ORIGINAL_REPORTED_2024_CAS::IS_TAXES_SURCHARGES,-2119625,RMB_THOUSAND,-2119.625,RMB_MILLION,0.001,CAS,CONSOLIDATED,SOURCE,ORIGINAL,UNIT_NORMALIZATION_ONLY,,2024A
2024::ORIGINAL_REPORTED_2024_CAS::IS_TOTAL_REVENUE,2024,2024A,IS_TOTAL_REVENUE,IS_TOTAL_REVENUE,ORIGINAL_REPORTED_2024_CAS::IS_TOTAL_REVENUE,409084266,RMB_THOUSAND,409084.266,RMB_MILLION,0.001,CAS,CONSOLIDATED,SOURCE,ORIGINAL,UNIT_NORMALIZATION_ONLY,,2024A
2024::ORIGINAL_REPORTED_2024_CAS::LEASE_INTEREST,2024,2024A,LEASE_INTEREST,LEASE_INTEREST,ORIGINAL_REPORTED_2024_CAS::LEASE_INTEREST,151181,RMB_THOUSAND,151.181,RMB_MILLION,0.001,CAS,CONSOLIDATED,SOURCE,ORIGINAL,UNIT_NORMALIZATION_ONLY,,2024A
2024::ORIGINAL_REPORTED_2024_CAS::NOTE_ACQUISITIONS,2024,2024A,NOTE_ACQUISITIONS,NOTE_ACQUISITIONS,ORIGINAL_REPORTED_2024_CAS::NOTE_ACQUISITIONS,0,RMB_THOUSAND,0,RMB_MILLION,0.001,CAS,CONSOLIDATED,DERIVED,ORIGINAL,UNIT_NORMALIZATION_ONLY,,2024A
2024::ORIGINAL_REPORTED_2024_CAS::NOTE_BONDS,2024,2024A,NOTE_BONDS,NOTE_BONDS,ORIGINAL_REPORTED_2024_CAS::NOTE_BONDS,3266775,RMB_THOUSAND,3266.775,RMB_MILLION,0.001,CAS,CONSOLIDATED,DERIVED,ORIGINAL,UNIT_NORMALIZATION_ONLY,,2024A
2024::ORIGINAL_REPORTED_2024_CAS::NOTE_CASH_EQUIVALENTS,2024,2024A,NOTE_CASH_EQUIVALENTS,NOTE_CASH_EQUIVALENTS,ORIGINAL_REPORTED_2024_CAS::NOTE_CASH_EQUIVALENTS,55118728,RMB_THOUSAND,55118.728,RMB_MILLION,0.001,CAS,CONSOLIDATED,DERIVED,ORIGINAL,UNIT_NORMALIZATION_ONLY,,2024A
2024::ORIGINAL_REPORTED_2024_CAS::NOTE_CIP_ADDITIONS,2024,2024A,NOTE_CIP_ADDITIONS,NOTE_CIP_ADDITIONS,ORIGINAL_REPORTED_2024_CAS::NOTE_CIP_ADDITIONS,3427069,RMB_THOUSAND,3427.069,RMB_MILLION,0.001,CAS,CONSOLIDATED,SOURCE,ORIGINAL,UNIT_NORMALIZATION_ONLY,,2024A
2024::ORIGINAL_REPORTED_2024_CAS::NOTE_DEBENTURES_ACCRUED_INTEREST,2024,2024A,NOTE_DEBENTURES_ACCRUED_INTEREST,NOTE_DEBENTURES_ACCRUED_INTEREST,ORIGINAL_REPORTED_2024_CAS::NOTE_DEBENTURES_ACCRUED_INTEREST,92096,RMB_THOUSAND,92.096,RMB_MILLION,0.001,CAS,CONSOLIDATED,SOURCE,ORIGINAL,UNIT_NORMALIZATION_ONLY,,2024A
2024::ORIGINAL_REPORTED_2024_CAS::NOTE_DEBENTURES_CLOSING,2024,2024A,NOTE_DEBENTURES_CLOSING,NOTE_DEBENTURES_CLOSING,ORIGINAL_REPORTED_2024_CAS::NOTE_DEBENTURES_CLOSING,3266775,RMB_THOUSAND,3266.775,RMB_MILLION,0.001,CAS,CONSOLIDATED,SOURCE,ORIGINAL,UNIT_NORMALIZATION_ONLY,,2024A
2024::ORIGINAL_REPORTED_2024_CAS::NOTE_DEBENTURES_DISCOUNT_AMORTISATION,2024,2024A,NOTE_DEBENTURES_DISCOUNT_AMORTISATION,NOTE_DEBENTURES_DISCOUNT_AMORTISATION,ORIGINAL_REPORTED_2024_CAS::NOTE_DEBENTURES_DISCOUNT_AMORTISATION,731,RMB_THOUSAND,0.731,RMB_MILLION,0.001,CAS,CONSOLIDATED,SOURCE,ORIGINAL,UNIT_NORMALIZATION_ONLY,,2024A
2024::ORIGINAL_REPORTED_2024_CAS::NOTE_DEBENTURES_FX,2024,2024A,NOTE_DEBENTURES_FX,NOTE_DEBENTURES_FX,ORIGINAL_REPORTED_2024_CAS::NOTE_DEBENTURES_FX,48302,RMB_THOUSAND,48.302,RMB_MILLION,0.001,CAS,CONSOLIDATED,SOURCE,ORIGINAL,UNIT_NORMALIZATION_ONLY,,2024A
2024::ORIGINAL_REPORTED_2024_CAS::NOTE_DEBENTURES_OPENING,2024,2024A,NOTE_DEBENTURES_OPENING,NOTE_DEBENTURES_OPENING,ORIGINAL_REPORTED_2024_CAS::NOTE_DEBENTURES_OPENING,3217969,RMB_THOUSAND,3217.969,RMB_MILLION,0.001,CAS,CONSOLIDATED,SOURCE,ORIGINAL,UNIT_NORMALIZATION_ONLY,,2024A
2024::ORIGINAL_REPORTED_2024_CAS::NOTE_DEBENTURES_REPAYMENT,2024,2024A,NOTE_DEBENTURES_REPAYMENT,NOTE_DEBENTURES_REPAYMENT,ORIGINAL_REPORTED_2024_CAS::NOTE_DEBENTURES_REPAYMENT,-92323,RMB_THOUSAND,-92.323,RMB_MILLION,0.001,CAS,CONSOLIDATED,SOURCE,ORIGINAL,UNIT_NORMALIZATION_ONLY,,2024A
2024::ORIGINAL_REPORTED_2024_CAS::NOTE_DIVIDENDS,2024,2024A,NOTE_DIVIDENDS,NOTE_DIVIDENDS,ORIGINAL_REPORTED_2024_CAS::NOTE_DIVIDENDS,-20764776,RMB_THOUSAND,-20764.776,RMB_MILLION,0.001,CAS,CONSOLIDATED,SOURCE,ORIGINAL,UNIT_NORMALIZATION_ONLY,,2024A
2024::ORIGINAL_REPORTED_2024_CAS::NOTE_FINANCE_INTEREST_INCOME,2024,2024A,NOTE_FINANCE_INTEREST_INCOME,NOTE_FINANCE_INTEREST_INCOME,ORIGINAL_REPORTED_2024_CAS::NOTE_FINANCE_INTEREST_INCOME,7200991,RMB_THOUSAND,7200.991,RMB_MILLION,0.001,CAS,CONSOLIDATED,DERIVED,ORIGINAL,UNIT_NORMALIZATION_ONLY,,2024A
2024::ORIGINAL_REPORTED_2024_CAS::NOTE_FINANCING_INTEREST_EXPENSE,2024,2024A,NOTE_FINANCING_INTEREST_EXPENSE,NOTE_FINANCING_INTEREST_EXPENSE,ORIGINAL_REPORTED_2024_CAS::NOTE_FINANCING_INTEREST_EXPENSE,-2453361,RMB_THOUSAND,-2453.361,RMB_MILLION,0.001,CAS,CONSOLIDATED,DERIVED,ORIGINAL,UNIT_NORMALIZATION_ONLY,,2024A
2024::ORIGINAL_REPORTED_2024_CAS::NOTE_FIXED_ASSET_DEPRECIATION,2024,2024A,NOTE_FIXED_ASSET_DEPRECIATION,NOTE_FIXED_ASSET_DEPRECIATION,ORIGINAL_REPORTED_2024_CAS::NOTE_FIXED_ASSET_DEPRECIATION,4078675,RMB_THOUSAND,4078.675,RMB_MILLION,0.001,CAS,CONSOLIDATED,SOURCE,ORIGINAL,UNIT_NORMALIZATION_ONLY,,2024A
2024::ORIGINAL_REPORTED_2024_CAS::NOTE_GOODWILL,2024,2024A,NOTE_GOODWILL,NOTE_GOODWILL,ORIGINAL_REPORTED_2024_CAS::NOTE_GOODWILL,29581014,RMB_THOUSAND,29581.014,RMB_MILLION,0.001,CAS,CONSOLIDATED,DERIVED,ORIGINAL,UNIT_NORMALIZATION_ONLY,,2024A
2024::ORIGINAL_REPORTED_2024_CAS::NOTE_INTANGIBLE_AMORTIZATION,2024,2024A,NOTE_INTANGIBLE_AMORTIZATION,NOTE_INTANGIBLE_AMORTIZATION,ORIGINAL_REPORTED_2024_CAS::NOTE_INTANGIBLE_AMORTIZATION,1265389,RMB_THOUSAND,1265.389,RMB_MILLION,0.001,CAS,CONSOLIDATED,SOURCE,ORIGINAL,UNIT_NORMALIZATION_ONLY,,2024A
2024::ORIGINAL_REPORTED_2024_CAS::NOTE_INTANGIBLE_ASSETS,2024,2024A,NOTE_INTANGIBLE_ASSETS,NOTE_INTANGIBLE_ASSETS,ORIGINAL_REPORTED_2024_CAS::NOTE_INTANGIBLE_ASSETS,17008978,RMB_THOUSAND,17008.978,RMB_MILLION,0.001,CAS,CONSOLIDATED,DERIVED,ORIGINAL,UNIT_NORMALIZATION_ONLY,,2024A
2024::ORIGINAL_REPORTED_2024_CAS::NOTE_LEASE_ADDITIONS,2024,2024A,NOTE_LEASE_ADDITIONS,NOTE_LEASE_ADDITIONS,ORIGINAL_REPORTED_2024_CAS::NOTE_LEASE_ADDITIONS,1337491,RMB_THOUSAND,1337.491,RMB_MILLION,0.001,CAS,CONSOLIDATED,SOURCE,ORIGINAL,UNIT_NORMALIZATION_ONLY,,2024A
2024::ORIGINAL_REPORTED_2024_CAS::NOTE_LEASE_INTEREST_EXPENSE,2024,2024A,NOTE_LEASE_INTEREST_EXPENSE,NOTE_LEASE_INTEREST_EXPENSE,ORIGINAL_REPORTED_2024_CAS::NOTE_LEASE_INTEREST_EXPENSE,151181,RMB_THOUSAND,151.181,RMB_MILLION,0.001,CAS,CONSOLIDATED,DERIVED,ORIGINAL,UNIT_NORMALIZATION_ONLY,,2024A
2024::ORIGINAL_REPORTED_2024_CAS::NOTE_LEASE_LIABILITIES,2024,2024A,NOTE_LEASE_LIABILITIES,NOTE_LEASE_LIABILITIES,ORIGINAL_REPORTED_2024_CAS::NOTE_LEASE_LIABILITIES,2947366,RMB_THOUSAND,2947.366,RMB_MILLION,0.001,CAS,CONSOLIDATED,DERIVED,ORIGINAL,UNIT_NORMALIZATION_ONLY,,2024A
2024::ORIGINAL_REPORTED_2024_CAS::NOTE_LEASE_LIABILITY_CLOSING,2024,2024A,NOTE_LEASE_LIABILITY_CLOSING,NOTE_LEASE_LIABILITY_CLOSING,ORIGINAL_REPORTED_2024_CAS::NOTE_LEASE_LIABILITY_CLOSING,2947366,RMB_THOUSAND,2947.366,RMB_MILLION,0.001,CAS,CONSOLIDATED,DERIVED,ORIGINAL,UNIT_NORMALIZATION_ONLY,,2024A
2024::ORIGINAL_REPORTED_2024_CAS::NOTE_LEASE_LIABILITY_OPENING,2024,2024A,NOTE_LEASE_LIABILITY_OPENING,NOTE_LEASE_LIABILITY_OPENING,ORIGINAL_REPORTED_2024_CAS::NOTE_LEASE_LIABILITY_OPENING,3214220,RMB_THOUSAND,3214.22,RMB_MILLION,0.001,CAS,CONSOLIDATED,SOURCE,ORIGINAL,UNIT_NORMALIZATION_ONLY,,2024A
2024::ORIGINAL_REPORTED_2024_CAS::NOTE_LEASE_PAYMENTS,2024,2024A,NOTE_LEASE_PAYMENTS,NOTE_LEASE_PAYMENTS,ORIGINAL_REPORTED_2024_CAS::NOTE_LEASE_PAYMENTS,-1442485,RMB_THOUSAND,-1442.485,RMB_MILLION,0.001,CAS,CONSOLIDATED,DERIVED,ORIGINAL,UNIT_NORMALIZATION_ONLY,,2024A
2024::ORIGINAL_REPORTED_2024_CAS::NOTE_LONG_TERM_BONDS,2024,2024A,NOTE_LONG_TERM_BONDS,NOTE_LONG_TERM_BONDS,ORIGINAL_REPORTED_2024_CAS::NOTE_LONG_TERM_BONDS,3266775,RMB_THOUSAND,3266.775,RMB_MILLION,0.001,CAS,CONSOLIDATED,DERIVED,ORIGINAL,UNIT_NORMALIZATION_ONLY,,2024A
2024::ORIGINAL_REPORTED_2024_CAS::NOTE_LONG_TERM_DEBT,2024,2024A,NOTE_LONG_TERM_DEBT,NOTE_LONG_TERM_DEBT,ORIGINAL_REPORTED_2024_CAS::NOTE_LONG_TERM_DEBT,10491757,RMB_THOUSAND,10491.757,RMB_MILLION,0.001,CAS,CONSOLIDATED,DERIVED,ORIGINAL,UNIT_NORMALIZATION_ONLY,,2024A
2024::ORIGINAL_REPORTED_2024_CAS::NOTE_PPE_ADDITIONS,2024,2024A,NOTE_PPE_ADDITIONS,NOTE_PPE_ADDITIONS,ORIGINAL_REPORTED_2024_CAS::NOTE_PPE_ADDITIONS,8689721,RMB_THOUSAND,8689.721,RMB_MILLION,0.001,CAS,CONSOLIDATED,DERIVED,ORIGINAL,UNIT_NORMALIZATION_ONLY,,2024A
2024::ORIGINAL_REPORTED_2024_CAS::NOTE_REPURCHASES,2024,2024A,NOTE_REPURCHASES,NOTE_REPURCHASES,ORIGINAL_REPORTED_2024_CAS::NOTE_REPURCHASES,0,RMB_THOUSAND,0,RMB_MILLION,0.001,CAS,CONSOLIDATED,SOURCE,ORIGINAL,UNIT_NORMALIZATION_ONLY,,2024A
2024::ORIGINAL_REPORTED_2024_CAS::NOTE_RESTRICTED_CASH,2024,2024A,NOTE_RESTRICTED_CASH,NOTE_RESTRICTED_CASH,ORIGINAL_REPORTED_2024_CAS::NOTE_RESTRICTED_CASH,6067386,RMB_THOUSAND,6067.386,RMB_MILLION,0.001,CAS,CONSOLIDATED,DERIVED,ORIGINAL,UNIT_NORMALIZATION_ONLY,,2024A
2024::ORIGINAL_REPORTED_2024_CAS::NOTE_ROU_ADDITIONS,2024,2024A,NOTE_ROU_ADDITIONS,NOTE_ROU_ADDITIONS,ORIGINAL_REPORTED_2024_CAS::NOTE_ROU_ADDITIONS,1337491,RMB_THOUSAND,1337.491,RMB_MILLION,0.001,CAS,CONSOLIDATED,DERIVED,ORIGINAL,UNIT_NORMALIZATION_ONLY,,2024A
2024::ORIGINAL_REPORTED_2024_CAS::NOTE_ROU_CLOSING,2024,2024A,NOTE_ROU_CLOSING,NOTE_ROU_CLOSING,ORIGINAL_REPORTED_2024_CAS::NOTE_ROU_CLOSING,2771967,RMB_THOUSAND,2771.967,RMB_MILLION,0.001,CAS,CONSOLIDATED,SOURCE,ORIGINAL,UNIT_NORMALIZATION_ONLY,,2024A
2024::ORIGINAL_REPORTED_2024_CAS::NOTE_ROU_DEPRECIATION,2024,2024A,NOTE_ROU_DEPRECIATION,NOTE_ROU_DEPRECIATION,ORIGINAL_REPORTED_2024_CAS::NOTE_ROU_DEPRECIATION,1317510,RMB_THOUSAND,1317.51,RMB_MILLION,0.001,CAS,CONSOLIDATED,SOURCE,ORIGINAL,UNIT_NORMALIZATION_ONLY,,2024A
2024::ORIGINAL_REPORTED_2024_CAS::NOTE_ROU_DISPOSALS,2024,2024A,NOTE_ROU_DISPOSALS,NOTE_ROU_DISPOSALS,ORIGINAL_REPORTED_2024_CAS::NOTE_ROU_DISPOSALS,-261397,RMB_THOUSAND,-261.397,RMB_MILLION,0.001,CAS,CONSOLIDATED,DERIVED,ORIGINAL,UNIT_NORMALIZATION_ONLY,,2024A
2024::ORIGINAL_REPORTED_2024_CAS::NOTE_ROU_OPENING,2024,2024A,NOTE_ROU_OPENING,NOTE_ROU_OPENING,ORIGINAL_REPORTED_2024_CAS::NOTE_ROU_OPENING,3048785,RMB_THOUSAND,3048.785,RMB_MILLION,0.001,CAS,CONSOLIDATED,SOURCE,ORIGINAL,UNIT_NORMALIZATION_ONLY,,2024A
2024::ORIGINAL_REPORTED_2024_CAS::NOTE_SHARE_BASED_COMPENSATION,2024,2024A,NOTE_SHARE_BASED_COMPENSATION,NOTE_SHARE_BASED_COMPENSATION,ORIGINAL_REPORTED_2024_CAS::NOTE_SHARE_BASED_COMPENSATION,1144276,RMB_THOUSAND,1144.276,RMB_MILLION,0.001,CAS,CONSOLIDATED,SOURCE,ORIGINAL,UNIT_NORMALIZATION_ONLY,,2024A
2024::ORIGINAL_REPORTED_2024_CAS::NOTE_SHORT_TERM_DEBT,2024,2024A,NOTE_SHORT_TERM_DEBT,NOTE_SHORT_TERM_DEBT,ORIGINAL_REPORTED_2024_CAS::NOTE_SHORT_TERM_DEBT,31008549,RMB_THOUSAND,31008.549,RMB_MILLION,0.001,CAS,CONSOLIDATED,DERIVED,ORIGINAL,UNIT_NORMALIZATION_ONLY,,2024A
2024::ORIGINAL_REPORTED_2024_CAS::NOTE_TERM_DEPOSITS,2024,2024A,NOTE_TERM_DEPOSITS,NOTE_TERM_DEPOSITS,ORIGINAL_REPORTED_2024_CAS::NOTE_TERM_DEPOSITS,78155209,RMB_THOUSAND,78155.209,RMB_MILLION,0.001,CAS,CONSOLIDATED,DERIVED,ORIGINAL,UNIT_NORMALIZATION_ONLY,,2024A
2024::ORIGINAL_REPORTED_2024_CAS::NOTE_TOTAL_DA,2024,2024A,NOTE_TOTAL_DA,NOTE_TOTAL_DA,ORIGINAL_REPORTED_2024_CAS::NOTE_TOTAL_DA,7823840,RMB_THOUSAND,7823.84,RMB_MILLION,0.001,CAS,CONSOLIDATED,DERIVED,ORIGINAL,UNIT_NORMALIZATION_ONLY,,2024A
2024::ORIGINAL_REPORTED_2024_CAS::PARENT_CASH,2024,2024A,PARENT_CASH,PARENT_CASH,ORIGINAL_REPORTED_2024_CAS::PARENT_CASH,18441820,RMB_THOUSAND,18441.82,RMB_MILLION,0.001,CAS,PARENT_COMPANY,SOURCE,ORIGINAL,UNIT_NORMALIZATION_ONLY,,2024A
2024::ORIGINAL_REPORTED_2024_CAS::PARENT_CFO,2024,2024A,PARENT_CFO,PARENT_CFO,ORIGINAL_REPORTED_2024_CAS::PARENT_CFO,4645875,RMB_THOUSAND,4645.875,RMB_MILLION,0.001,CAS,PARENT_COMPANY,SOURCE,ORIGINAL,UNIT_NORMALIZATION_ONLY,,2024A
2024::ORIGINAL_REPORTED_2024_CAS::PARENT_LONG_TERM_BORROWING,2024,2024A,PARENT_LONG_TERM_BORROWING,PARENT_LONG_TERM_BORROWING,ORIGINAL_REPORTED_2024_CAS::PARENT_LONG_TERM_BORROWING,7599900,RMB_THOUSAND,7599.9,RMB_MILLION,0.001,CAS,PARENT_COMPANY,SOURCE,ORIGINAL,UNIT_NORMALIZATION_ONLY,,2024A
2024::ORIGINAL_REPORTED_2024_CAS::PARENT_NET_PROFIT,2024,2024A,PARENT_NET_PROFIT,PARENT_NET_PROFIT,ORIGINAL_REPORTED_2024_CAS::PARENT_NET_PROFIT,28517064,RMB_THOUSAND,28517.064,RMB_MILLION,0.001,CAS,PARENT_COMPANY,SOURCE,ORIGINAL,UNIT_NORMALIZATION_ONLY,,2024A
2024::ORIGINAL_REPORTED_2024_CAS::PARENT_SHORT_TERM_BORROWING,2024,2024A,PARENT_SHORT_TERM_BORROWING,PARENT_SHORT_TERM_BORROWING,ORIGINAL_REPORTED_2024_CAS::PARENT_SHORT_TERM_BORROWING,1850000,RMB_THOUSAND,1850,RMB_MILLION,0.001,CAS,PARENT_COMPANY,SOURCE,ORIGINAL,UNIT_NORMALIZATION_ONLY,,2024A
2024::ORIGINAL_REPORTED_2024_CAS::PARENT_TOTAL_ASSETS,2024,2024A,PARENT_TOTAL_ASSETS,PARENT_TOTAL_ASSETS,ORIGINAL_REPORTED_2024_CAS::PARENT_TOTAL_ASSETS,300151455,RMB_THOUSAND,300151.455,RMB_MILLION,0.001,CAS,PARENT_COMPANY,SOURCE,ORIGINAL,UNIT_NORMALIZATION_ONLY,,2024A
2024::ORIGINAL_REPORTED_2024_CAS::PARENT_TOTAL_EQUITY,2024,2024A,PARENT_TOTAL_EQUITY,PARENT_TOTAL_EQUITY,ORIGINAL_REPORTED_2024_CAS::PARENT_TOTAL_EQUITY,106505026,RMB_THOUSAND,106505.026,RMB_MILLION,0.001,CAS,PARENT_COMPANY,SOURCE,ORIGINAL,UNIT_NORMALIZATION_ONLY,,2024A
2024::ORIGINAL_REPORTED_2024_CAS::SEG_BUILDING_TECH_ASSETS,2024,2024A,SEG_BUILDING_TECH_ASSETS,SEG_BUILDING_TECH_ASSETS,ORIGINAL_REPORTED_2024_CAS::SEG_BUILDING_TECH_ASSETS,39086692,RMB_THOUSAND,39086.692,RMB_MILLION,0.001,CAS,SEGMENT_BUILDING_TECH,SOURCE,ORIGINAL,UNIT_NORMALIZATION_ONLY,,2024A
2024::ORIGINAL_REPORTED_2024_CAS::SEG_BUILDING_TECH_DA,2024,2024A,SEG_BUILDING_TECH_DA,SEG_BUILDING_TECH_DA,ORIGINAL_REPORTED_2024_CAS::SEG_BUILDING_TECH_DA,451176,RMB_THOUSAND,451.176,RMB_MILLION,0.001,CAS,SEGMENT_BUILDING_TECH,SOURCE,ORIGINAL,UNIT_NORMALIZATION_ONLY,,2024A
2024::ORIGINAL_REPORTED_2024_CAS::SEG_BUILDING_TECH_LIABILITIES,2024,2024A,SEG_BUILDING_TECH_LIABILITIES,SEG_BUILDING_TECH_LIABILITIES,ORIGINAL_REPORTED_2024_CAS::SEG_BUILDING_TECH_LIABILITIES,26106072,RMB_THOUSAND,26106.072,RMB_MILLION,0.001,CAS,SEGMENT_BUILDING_TECH,SOURCE,ORIGINAL,UNIT_NORMALIZATION_ONLY,,2024A
2024::ORIGINAL_REPORTED_2024_CAS::SEG_BUILDING_TECH_PROFIT,2024,2024A,SEG_BUILDING_TECH_PROFIT,SEG_BUILDING_TECH_PROFIT,ORIGINAL_REPORTED_2024_CAS::SEG_BUILDING_TECH_PROFIT,5050178,RMB_THOUSAND,5050.178,RMB_MILLION,0.001,CAS,SEGMENT_BUILDING_TECH,SOURCE,ORIGINAL,UNIT_NORMALIZATION_ONLY,,2024A
2024::ORIGINAL_REPORTED_2024_CAS::SEG_BUILDING_TECH_REVENUE,2024,2024A,SEG_BUILDING_TECH_REVENUE,SEG_BUILDING_TECH_REVENUE,ORIGINAL_REPORTED_2024_CAS::SEG_BUILDING_TECH_REVENUE,28835174,RMB_THOUSAND,28835.174,RMB_MILLION,0.001,CAS,SEGMENT_BUILDING_TECH,SOURCE,ORIGINAL,UNIT_NORMALIZATION_ONLY,,2024A
2024::ORIGINAL_REPORTED_2024_CAS::SEG_ELIMINATIONS_ASSETS,2024,2024A,SEG_ELIMINATIONS_ASSETS,SEG_ELIMINATIONS_ASSETS,ORIGINAL_REPORTED_2024_CAS::SEG_ELIMINATIONS_ASSETS,-300708135,RMB_THOUSAND,-300708.135,RMB_MILLION,0.001,CAS,SEGMENT_ELIMINATIONS,SOURCE,ORIGINAL,UNIT_NORMALIZATION_ONLY,,2024A
2024::ORIGINAL_REPORTED_2024_CAS::SEG_ELIMINATIONS_DA,2024,2024A,SEG_ELIMINATIONS_DA,SEG_ELIMINATIONS_DA,ORIGINAL_REPORTED_2024_CAS::SEG_ELIMINATIONS_DA,-2546,RMB_THOUSAND,-2.546,RMB_MILLION,0.001,CAS,SEGMENT_ELIMINATIONS,SOURCE,ORIGINAL,UNIT_NORMALIZATION_ONLY,,2024A
2024::ORIGINAL_REPORTED_2024_CAS::SEG_ELIMINATIONS_LIABILITIES,2024,2024A,SEG_ELIMINATIONS_LIABILITIES,SEG_ELIMINATIONS_LIABILITIES,ORIGINAL_REPORTED_2024_CAS::SEG_ELIMINATIONS_LIABILITIES,-307075752,RMB_THOUSAND,-307075.752,RMB_MILLION,0.001,CAS,SEGMENT_ELIMINATIONS,SOURCE,ORIGINAL,UNIT_NORMALIZATION_ONLY,,2024A
2024::ORIGINAL_REPORTED_2024_CAS::SEG_ELIMINATIONS_PROFIT,2024,2024A,SEG_ELIMINATIONS_PROFIT,SEG_ELIMINATIONS_PROFIT,ORIGINAL_REPORTED_2024_CAS::SEG_ELIMINATIONS_PROFIT,-86215,RMB_THOUSAND,-86.215,RMB_MILLION,0.001,CAS,SEGMENT_ELIMINATIONS,SOURCE,ORIGINAL,UNIT_NORMALIZATION_ONLY,,2024A
2024::ORIGINAL_REPORTED_2024_CAS::SEG_ELIMINATIONS_REVENUE,2024,2024A,SEG_ELIMINATIONS_REVENUE,SEG_ELIMINATIONS_REVENUE,ORIGINAL_REPORTED_2024_CAS::SEG_ELIMINATIONS_REVENUE,0,RMB_THOUSAND,0,RMB_MILLION,0.001,CAS,SEGMENT_ELIMINATIONS,SOURCE,ORIGINAL,UNIT_NORMALIZATION_ONLY,,2024A
2024::ORIGINAL_REPORTED_2024_CAS::SEG_ENERGY_INDUSTRIAL_ASSETS,2024,2024A,SEG_ENERGY_INDUSTRIAL_ASSETS,SEG_ENERGY_INDUSTRIAL_ASSETS,ORIGINAL_REPORTED_2024_CAS::SEG_ENERGY_INDUSTRIAL_ASSETS,66059770,RMB_THOUSAND,66059.77,RMB_MILLION,0.001,CAS,SEGMENT_ENERGY_INDUSTRIAL,SOURCE,ORIGINAL,UNIT_NORMALIZATION_ONLY,,2024A
2024::ORIGINAL_REPORTED_2024_CAS::SEG_ENERGY_INDUSTRIAL_DA,2024,2024A,SEG_ENERGY_INDUSTRIAL_DA,SEG_ENERGY_INDUSTRIAL_DA,ORIGINAL_REPORTED_2024_CAS::SEG_ENERGY_INDUSTRIAL_DA,1358366,RMB_THOUSAND,1358.366,RMB_MILLION,0.001,CAS,SEGMENT_ENERGY_INDUSTRIAL,SOURCE,ORIGINAL,UNIT_NORMALIZATION_ONLY,,2024A
2024::ORIGINAL_REPORTED_2024_CAS::SEG_ENERGY_INDUSTRIAL_LIABILITIES,2024,2024A,SEG_ENERGY_INDUSTRIAL_LIABILITIES,SEG_ENERGY_INDUSTRIAL_LIABILITIES,ORIGINAL_REPORTED_2024_CAS::SEG_ENERGY_INDUSTRIAL_LIABILITIES,43326227,RMB_THOUSAND,43326.227,RMB_MILLION,0.001,CAS,SEGMENT_ENERGY_INDUSTRIAL,SOURCE,ORIGINAL,UNIT_NORMALIZATION_ONLY,,2024A
2024::ORIGINAL_REPORTED_2024_CAS::SEG_ENERGY_INDUSTRIAL_PROFIT,2024,2024A,SEG_ENERGY_INDUSTRIAL_PROFIT,SEG_ENERGY_INDUSTRIAL_PROFIT,ORIGINAL_REPORTED_2024_CAS::SEG_ENERGY_INDUSTRIAL_PROFIT,4413134,RMB_THOUSAND,4413.134,RMB_MILLION,0.001,CAS,SEGMENT_ENERGY_INDUSTRIAL,SOURCE,ORIGINAL,UNIT_NORMALIZATION_ONLY,,2024A
2024::ORIGINAL_REPORTED_2024_CAS::SEG_ENERGY_INDUSTRIAL_REVENUE,2024,2024A,SEG_ENERGY_INDUSTRIAL_REVENUE,SEG_ENERGY_INDUSTRIAL_REVENUE,ORIGINAL_REPORTED_2024_CAS::SEG_ENERGY_INDUSTRIAL_REVENUE,40274192,RMB_THOUSAND,40274.192,RMB_MILLION,0.001,CAS,SEGMENT_ENERGY_INDUSTRIAL,SOURCE,ORIGINAL,UNIT_NORMALIZATION_ONLY,,2024A
2024::ORIGINAL_REPORTED_2024_CAS::SEG_OTHER_ASSETS,2024,2024A,SEG_OTHER_ASSETS,SEG_OTHER_ASSETS,ORIGINAL_REPORTED_2024_CAS::SEG_OTHER_ASSETS,413659854,RMB_THOUSAND,413659.854,RMB_MILLION,0.001,CAS,SEGMENT_OTHER,SOURCE,ORIGINAL,UNIT_NORMALIZATION_ONLY,,2024A
2024::ORIGINAL_REPORTED_2024_CAS::SEG_OTHER_DA,2024,2024A,SEG_OTHER_DA,SEG_OTHER_DA,ORIGINAL_REPORTED_2024_CAS::SEG_OTHER_DA,2876660,RMB_THOUSAND,2876.66,RMB_MILLION,0.001,CAS,SEGMENT_OTHER,SOURCE,ORIGINAL,UNIT_NORMALIZATION_ONLY,,2024A
2024::ORIGINAL_REPORTED_2024_CAS::SEG_OTHER_LIABILITIES,2024,2024A,SEG_OTHER_LIABILITIES,SEG_OTHER_LIABILITIES,ORIGINAL_REPORTED_2024_CAS::SEG_OTHER_LIABILITIES,348506989,RMB_THOUSAND,348506.989,RMB_MILLION,0.001,CAS,SEGMENT_OTHER,SOURCE,ORIGINAL,UNIT_NORMALIZATION_ONLY,,2024A
2024::ORIGINAL_REPORTED_2024_CAS::SEG_OTHER_PROFIT,2024,2024A,SEG_OTHER_PROFIT,SEG_OTHER_PROFIT,ORIGINAL_REPORTED_2024_CAS::SEG_OTHER_PROFIT,3119855,RMB_THOUSAND,3119.855,RMB_MILLION,0.001,CAS,SEGMENT_OTHER,SOURCE,ORIGINAL,UNIT_NORMALIZATION_ONLY,,2024A
2024::ORIGINAL_REPORTED_2024_CAS::SEG_OTHER_REVENUE,2024,2024A,SEG_OTHER_REVENUE,SEG_OTHER_REVENUE,ORIGINAL_REPORTED_2024_CAS::SEG_OTHER_REVENUE,44743826,RMB_THOUSAND,44743.826,RMB_MILLION,0.001,CAS,SEGMENT_OTHER,SOURCE,ORIGINAL,UNIT_NORMALIZATION_ONLY,,2024A
2024::ORIGINAL_REPORTED_2024_CAS::SEG_SMART_HOME_ASSETS,2024,2024A,SEG_SMART_HOME_ASSETS,SEG_SMART_HOME_ASSETS,ORIGINAL_REPORTED_2024_CAS::SEG_SMART_HOME_ASSETS,386253672,RMB_THOUSAND,386253.672,RMB_MILLION,0.001,CAS,SEGMENT_SMART_HOME,SOURCE,ORIGINAL,UNIT_NORMALIZATION_ONLY,,2024A
2024::ORIGINAL_REPORTED_2024_CAS::SEG_SMART_HOME_DA,2024,2024A,SEG_SMART_HOME_DA,SEG_SMART_HOME_DA,ORIGINAL_REPORTED_2024_CAS::SEG_SMART_HOME_DA,3140184,RMB_THOUSAND,3140.184,RMB_MILLION,0.001,CAS,SEGMENT_SMART_HOME,SOURCE,ORIGINAL,UNIT_NORMALIZATION_ONLY,,2024A
2024::ORIGINAL_REPORTED_2024_CAS::SEG_SMART_HOME_LIABILITIES,2024,2024A,SEG_SMART_HOME_LIABILITIES,SEG_SMART_HOME_LIABILITIES,ORIGINAL_REPORTED_2024_CAS::SEG_SMART_HOME_LIABILITIES,265820926,RMB_THOUSAND,265820.926,RMB_MILLION,0.001,CAS,SEGMENT_SMART_HOME,SOURCE,ORIGINAL,UNIT_NORMALIZATION_ONLY,,2024A
2024::ORIGINAL_REPORTED_2024_CAS::SEG_SMART_HOME_PROFIT,2024,2024A,SEG_SMART_HOME_PROFIT,SEG_SMART_HOME_PROFIT,ORIGINAL_REPORTED_2024_CAS::SEG_SMART_HOME_PROFIT,28714678,RMB_THOUSAND,28714.678,RMB_MILLION,0.001,CAS,SEGMENT_SMART_HOME,SOURCE,ORIGINAL,UNIT_NORMALIZATION_ONLY,,2024A
2024::ORIGINAL_REPORTED_2024_CAS::SEG_SMART_HOME_REVENUE,2024,2024A,SEG_SMART_HOME_REVENUE,SEG_SMART_HOME_REVENUE,ORIGINAL_REPORTED_2024_CAS::SEG_SMART_HOME_REVENUE,295231074,RMB_THOUSAND,295231.074,RMB_MILLION,0.001,CAS,SEGMENT_SMART_HOME,SOURCE,ORIGINAL,UNIT_NORMALIZATION_ONLY,,2024A
2024::ORIGINAL_REPORTED_2024_CAS::SEG_TOTAL_ASSETS,2024,2024A,SEG_TOTAL_ASSETS,SEG_TOTAL_ASSETS,ORIGINAL_REPORTED_2024_CAS::SEG_TOTAL_ASSETS,604351853,RMB_THOUSAND,604351.853,RMB_MILLION,0.001,CAS,SEGMENT_TOTAL,SOURCE,ORIGINAL,UNIT_NORMALIZATION_ONLY,,2024A
2024::ORIGINAL_REPORTED_2024_CAS::SEG_TOTAL_DA,2024,2024A,SEG_TOTAL_DA,SEG_TOTAL_DA,ORIGINAL_REPORTED_2024_CAS::SEG_TOTAL_DA,7823840,RMB_THOUSAND,7823.84,RMB_MILLION,0.001,CAS,SEGMENT_TOTAL,SOURCE,ORIGINAL,UNIT_NORMALIZATION_ONLY,,2024A
2024::ORIGINAL_REPORTED_2024_CAS::SEG_TOTAL_LIABILITIES,2024,2024A,SEG_TOTAL_LIABILITIES,SEG_TOTAL_LIABILITIES,ORIGINAL_REPORTED_2024_CAS::SEG_TOTAL_LIABILITIES,376684462,RMB_THOUSAND,376684.462,RMB_MILLION,0.001,CAS,SEGMENT_TOTAL,SOURCE,ORIGINAL,UNIT_NORMALIZATION_ONLY,,2024A
2024::ORIGINAL_REPORTED_2024_CAS::SEG_TOTAL_PROFIT,2024,2024A,SEG_TOTAL_PROFIT,SEG_TOTAL_PROFIT,ORIGINAL_REPORTED_2024_CAS::SEG_TOTAL_PROFIT,41211630,RMB_THOUSAND,41211.63,RMB_MILLION,0.001,CAS,SEGMENT_TOTAL,SOURCE,ORIGINAL,UNIT_NORMALIZATION_ONLY,,2024A
2024::ORIGINAL_REPORTED_2024_CAS::SEG_TOTAL_REVENUE,2024,2024A,SEG_TOTAL_REVENUE,SEG_TOTAL_REVENUE,ORIGINAL_REPORTED_2024_CAS::SEG_TOTAL_REVENUE,409084266,RMB_THOUSAND,409084.266,RMB_MILLION,0.001,CAS,SEGMENT_TOTAL,SOURCE,ORIGINAL,UNIT_NORMALIZATION_ONLY,,2024A
2024::ORIGINAL_REPORTED_2024_CAS::SOCE_CAPITAL_OTHER,2024,2024A,SOCE_CAPITAL_OTHER,SOCE_CAPITAL_OTHER,ORIGINAL_REPORTED_2024_CAS::SOCE_CAPITAL_OTHER,610857,RMB_THOUSAND,610.857,RMB_MILLION,0.001,CAS,CONSOLIDATED,SOURCE,ORIGINAL,UNIT_NORMALIZATION_ONLY,,2024A
2024::ORIGINAL_REPORTED_2024_CAS::SOCE_CLOSING,2024,2024A,SOCE_CLOSING,SOCE_CLOSING,ORIGINAL_REPORTED_2024_CAS::SOCE_CLOSING,227667391,RMB_THOUSAND,227667.391,RMB_MILLION,0.001,CAS,CONSOLIDATED,SOURCE,ORIGINAL,UNIT_NORMALIZATION_ONLY,,2024A
2024::ORIGINAL_REPORTED_2024_CAS::SOCE_COMPREHENSIVE,2024,2024A,SOCE_COMPREHENSIVE,SOCE_COMPREHENSIVE,ORIGINAL_REPORTED_2024_CAS::SOCE_COMPREHENSIVE,38038233,RMB_THOUSAND,38038.233,RMB_MILLION,0.001,CAS,CONSOLIDATED,SOURCE,ORIGINAL,UNIT_NORMALIZATION_ONLY,,2024A
2024::ORIGINAL_REPORTED_2024_CAS::SOCE_DISTRIBUTIONS,2024,2024A,SOCE_DISTRIBUTIONS,SOCE_DISTRIBUTIONS,ORIGINAL_REPORTED_2024_CAS::SOCE_DISTRIBUTIONS,-21181312,RMB_THOUSAND,-21181.312,RMB_MILLION,0.001,CAS,CONSOLIDATED,SOURCE,ORIGINAL,UNIT_NORMALIZATION_ONLY,,2024A
2024::ORIGINAL_REPORTED_2024_CAS::SOCE_H_IPO,2024,2024A,SOCE_H_IPO,SOCE_H_IPO,ORIGINAL_REPORTED_2024_CAS::SOCE_H_IPO,32146232,RMB_THOUSAND,32146.232,RMB_MILLION,0.001,CAS,CONSOLIDATED,SOURCE,ORIGINAL,UNIT_NORMALIZATION_ONLY,,2024A
2024::ORIGINAL_REPORTED_2024_CAS::SOCE_NET_INCOME,2024,2024A,SOCE_NET_INCOME,SOCE_NET_INCOME,ORIGINAL_REPORTED_2024_CAS::SOCE_NET_INCOME,38757214,RMB_THOUSAND,38757.214,RMB_MILLION,0.001,CAS,CONSOLIDATED,SOURCE,ORIGINAL,UNIT_NORMALIZATION_ONLY,,2024A
2024::ORIGINAL_REPORTED_2024_CAS::SOCE_OCI,2024,2024A,SOCE_OCI,SOCE_OCI,ORIGINAL_REPORTED_2024_CAS::SOCE_OCI,-718981,RMB_THOUSAND,-718.981,RMB_MILLION,0.001,CAS,CONSOLIDATED,SOURCE,ORIGINAL,UNIT_NORMALIZATION_ONLY,,2024A
2024::ORIGINAL_REPORTED_2024_CAS::SOCE_OPENING,2024,2024A,SOCE_OPENING,SOCE_OPENING,ORIGINAL_REPORTED_2024_CAS::SOCE_OPENING,174299649,RMB_THOUSAND,174299.649,RMB_MILLION,0.001,CAS,CONSOLIDATED,SOURCE,ORIGINAL,UNIT_NORMALIZATION_ONLY,,2024A
2024::ORIGINAL_REPORTED_2024_CAS::SOCE_ORDINARY_CONTRIBUTIONS,2024,2024A,SOCE_ORDINARY_CONTRIBUTIONS,SOCE_ORDINARY_CONTRIBUTIONS,ORIGINAL_REPORTED_2024_CAS::SOCE_ORDINARY_CONTRIBUTIONS,3166414,RMB_THOUSAND,3166.414,RMB_MILLION,0.001,CAS,CONSOLIDATED,SOURCE,ORIGINAL,UNIT_NORMALIZATION_ONLY,,2024A
2024::ORIGINAL_REPORTED_2024_CAS::SOCE_OTHER,2024,2024A,SOCE_OTHER,SOCE_OTHER,ORIGINAL_REPORTED_2024_CAS::SOCE_OTHER,89619,RMB_THOUSAND,89.619,RMB_MILLION,0.001,CAS,CONSOLIDATED,SOURCE,ORIGINAL,UNIT_NORMALIZATION_ONLY,,2024A
2024::ORIGINAL_REPORTED_2024_CAS::SOCE_RESERVE_INCREASE,2024,2024A,SOCE_RESERVE_INCREASE,SOCE_RESERVE_INCREASE,ORIGINAL_REPORTED_2024_CAS::SOCE_RESERVE_INCREASE,10021,RMB_THOUSAND,10.021,RMB_MILLION,0.001,CAS,CONSOLIDATED,SOURCE,ORIGINAL,UNIT_NORMALIZATION_ONLY,,2024A
2024::ORIGINAL_REPORTED_2024_CAS::SOCE_RESERVE_USE,2024,2024A,SOCE_RESERVE_USE,SOCE_RESERVE_USE,ORIGINAL_REPORTED_2024_CAS::SOCE_RESERVE_USE,-7267,RMB_THOUSAND,-7.267,RMB_MILLION,0.001,CAS,CONSOLIDATED,SOURCE,ORIGINAL,UNIT_NORMALIZATION_ONLY,,2024A
2024::ORIGINAL_REPORTED_2024_CAS::SOCE_SHARE_BASED,2024,2024A,SOCE_SHARE_BASED,SOCE_SHARE_BASED,ORIGINAL_REPORTED_2024_CAS::SOCE_SHARE_BASED,494945,RMB_THOUSAND,494.945,RMB_MILLION,0.001,CAS,CONSOLIDATED,SOURCE,ORIGINAL,UNIT_NORMALIZATION_ONLY,,2024A
2024::ORIGINAL_REPORTED_2024_CAS::TOTAL_RESTRICTED_USE_CASH_AND_DEPOSITS,2024,2024A,TOTAL_RESTRICTED_USE_CASH_AND_DEPOSITS,TOTAL_RESTRICTED_USE_CASH_AND_DEPOSITS,ORIGINAL_REPORTED_2024_CAS::TOTAL_RESTRICTED_USE_CASH_AND_DEPOSITS,84222595,RMB_THOUSAND,84222.595,RMB_MILLION,0.001,CAS,CONSOLIDATED,SOURCE,ORIGINAL,UNIT_NORMALIZATION_ONLY,,2024A
2025::ORIGINAL_REPORTED_2025_CAS::ADJUSTED_PARENT_NI,2025,2025A,ADJUSTED_PARENT_NI,ADJUSTED_PARENT_NI,ORIGINAL_REPORTED_2025_CAS::ADJUSTED_PARENT_NI,41267233,RMB_THOUSAND,41267.233,RMB_MILLION,0.001,CAS,CONSOLIDATED,SOURCE,ORIGINAL,UNIT_NORMALIZATION_ONLY,,2025A
2025::ORIGINAL_REPORTED_2025_CAS::ARBONIA_CONSIDERATION,2025,2025A,ARBONIA_CONSIDERATION,ARBONIA_CONSIDERATION,ORIGINAL_REPORTED_2025_CAS::ARBONIA_CONSIDERATION,4122198,RMB_THOUSAND,4122.198,RMB_MILLION,0.001,CAS,ARBONIA,SOURCE,ORIGINAL,UNIT_NORMALIZATION_ONLY,,2025A
2025::ORIGINAL_REPORTED_2025_CAS::ARBONIA_NET_CASH_OUTFLOW,2025,2025A,ARBONIA_NET_CASH_OUTFLOW,ARBONIA_NET_CASH_OUTFLOW,ORIGINAL_REPORTED_2025_CAS::ARBONIA_NET_CASH_OUTFLOW,3757962,RMB_THOUSAND,3757.962,RMB_MILLION,0.001,CAS,ARBONIA,SOURCE,ORIGINAL,UNIT_NORMALIZATION_ONLY,,2025A
2025::ORIGINAL_REPORTED_2025_CAS::ARBONIA_NET_IDENTIFIABLE_ASSETS,2025,2025A,ARBONIA_NET_IDENTIFIABLE_ASSETS,ARBONIA_NET_IDENTIFIABLE_ASSETS,ORIGINAL_REPORTED_2025_CAS::ARBONIA_NET_IDENTIFIABLE_ASSETS,2985995,RMB_THOUSAND,2985.995,RMB_MILLION,0.001,CAS,ARBONIA,SOURCE,ORIGINAL,UNIT_NORMALIZATION_ONLY,,2025A
2025::ORIGINAL_REPORTED_2025_CAS::ARBONIA_REPORTED_GOODWILL,2025,2025A,ARBONIA_REPORTED_GOODWILL,ARBONIA_REPORTED_GOODWILL,ORIGINAL_REPORTED_2025_CAS::ARBONIA_REPORTED_GOODWILL,1136203,RMB_THOUSAND,1136.203,RMB_MILLION,0.001,CAS,ARBONIA,SOURCE,ORIGINAL,UNIT_NORMALIZATION_ONLY,,2025A
2025::ORIGINAL_REPORTED_2025_CAS::BS_AP,2025,2025A,BS_AP,BS_AP,ORIGINAL_REPORTED_2025_CAS::BS_AP,103680491,RMB_THOUSAND,103680.491,RMB_MILLION,0.001,CAS,CONSOLIDATED,SOURCE,ORIGINAL,UNIT_NORMALIZATION_ONLY,,2025A
2025::ORIGINAL_REPORTED_2025_CAS::BS_AR,2025,2025A,BS_AR,BS_AR,ORIGINAL_REPORTED_2025_CAS::BS_AR,40450097,RMB_THOUSAND,40450.097,RMB_MILLION,0.001,CAS,CONSOLIDATED,SOURCE,ORIGINAL,UNIT_NORMALIZATION_ONLY,,2025A
2025::ORIGINAL_REPORTED_2025_CAS::BS_BONDS,2025,2025A,BS_BONDS,BS_BONDS,ORIGINAL_REPORTED_2025_CAS::BS_BONDS,3194774,RMB_THOUSAND,3194.774,RMB_MILLION,0.001,CAS,CONSOLIDATED,DERIVED,ORIGINAL,UNIT_NORMALIZATION_ONLY,,2025A
2025::ORIGINAL_REPORTED_2025_CAS::BS_CAPITAL_RESERVE,2025,2025A,BS_CAPITAL_RESERVE,BS_CAPITAL_RESERVE,ORIGINAL_REPORTED_2025_CAS::BS_CAPITAL_RESERVE,45350720,RMB_THOUSAND,45350.72,RMB_MILLION,0.001,CAS,CONSOLIDATED,SOURCE,ORIGINAL,UNIT_NORMALIZATION_ONLY,,2025A
2025::ORIGINAL_REPORTED_2025_CAS::BS_CASH,2025,2025A,BS_CASH,BS_CASH,ORIGINAL_REPORTED_2025_CAS::BS_CASH,85247150,RMB_THOUSAND,85247.15,RMB_MILLION,0.001,CAS,CONSOLIDATED,SOURCE,ORIGINAL,UNIT_NORMALIZATION_ONLY,,2025A
2025::ORIGINAL_REPORTED_2025_CAS::BS_CASH_EQUIVALENTS,2025,2025A,BS_CASH_EQUIVALENTS,BS_CASH_EQUIVALENTS,ORIGINAL_REPORTED_2025_CAS::BS_CASH_EQUIVALENTS,68508670,RMB_THOUSAND,68508.67,RMB_MILLION,0.001,CAS,CONSOLIDATED,DERIVED,ORIGINAL,UNIT_NORMALIZATION_ONLY,,2025A
2025::ORIGINAL_REPORTED_2025_CAS::BS_CIP,2025,2025A,BS_CIP,BS_CIP,ORIGINAL_REPORTED_2025_CAS::BS_CIP,3054828,RMB_THOUSAND,3054.828,RMB_MILLION,0.001,CAS,CONSOLIDATED,SOURCE,ORIGINAL,UNIT_NORMALIZATION_ONLY,,2025A
2025::ORIGINAL_REPORTED_2025_CAS::BS_CONTRACT_ASSETS,2025,2025A,BS_CONTRACT_ASSETS,BS_CONTRACT_ASSETS,ORIGINAL_REPORTED_2025_CAS::BS_CONTRACT_ASSETS,4268501,RMB_THOUSAND,4268.501,RMB_MILLION,0.001,CAS,CONSOLIDATED,SOURCE,ORIGINAL,UNIT_NORMALIZATION_ONLY,,2025A
2025::ORIGINAL_REPORTED_2025_CAS::BS_CONTRACT_LIABILITIES,2025,2025A,BS_CONTRACT_LIABILITIES,BS_CONTRACT_LIABILITIES,ORIGINAL_REPORTED_2025_CAS::BS_CONTRACT_LIABILITIES,46993060,RMB_THOUSAND,46993.06,RMB_MILLION,0.001,CAS,CONSOLIDATED,SOURCE,ORIGINAL,UNIT_NORMALIZATION_ONLY,,2025A
2025::ORIGINAL_REPORTED_2025_CAS::BS_CURRENT_LEASE_LIABILITIES,2025,2025A,BS_CURRENT_LEASE_LIABILITIES,BS_CURRENT_LEASE_LIABILITIES,ORIGINAL_REPORTED_2025_CAS::BS_CURRENT_LEASE_LIABILITIES,1395306,RMB_THOUSAND,1395.306,RMB_MILLION,0.001,CAS,CONSOLIDATED,DERIVED,ORIGINAL,UNIT_NORMALIZATION_ONLY,,2025A
2025::ORIGINAL_REPORTED_2025_CAS::BS_CURRENT_LONG_TERM_BORROWINGS,2025,2025A,BS_CURRENT_LONG_TERM_BORROWINGS,BS_CURRENT_LONG_TERM_BORROWINGS,ORIGINAL_REPORTED_2025_CAS::BS_CURRENT_LONG_TERM_BORROWINGS,4426471,RMB_THOUSAND,4426.471,RMB_MILLION,0.001,CAS,CONSOLIDATED,SOURCE,ORIGINAL,UNIT_NORMALIZATION_ONLY,,2025A
2025::ORIGINAL_REPORTED_2025_CAS::BS_CURRENT_PORTION_DEBT,2025,2025A,BS_CURRENT_PORTION_DEBT,BS_CURRENT_PORTION_DEBT,ORIGINAL_REPORTED_2025_CAS::BS_CURRENT_PORTION_DEBT,5821777,RMB_THOUSAND,5821.777,RMB_MILLION,0.001,CAS,CONSOLIDATED,SOURCE,ORIGINAL,UNIT_NORMALIZATION_ONLY,,2025A
2025::ORIGINAL_REPORTED_2025_CAS::BS_CURRENT_PORTION_NONCURRENT_ASSETS,2025,2025A,BS_CURRENT_PORTION_NONCURRENT_ASSETS,BS_CURRENT_PORTION_NONCURRENT_ASSETS,ORIGINAL_REPORTED_2025_CAS::BS_CURRENT_PORTION_NONCURRENT_ASSETS,155618201,RMB_THOUSAND,155618.201,RMB_MILLION,0.001,CAS,CONSOLIDATED,SOURCE,ORIGINAL,UNIT_NORMALIZATION_ONLY,,2025A
2025::ORIGINAL_REPORTED_2025_CAS::BS_CUSTOMER_DEPOSITS,2025,2025A,BS_CUSTOMER_DEPOSITS,BS_CUSTOMER_DEPOSITS,ORIGINAL_REPORTED_2025_CAS::BS_CUSTOMER_DEPOSITS,134110,RMB_THOUSAND,134.11,RMB_MILLION,0.001,CAS,CONSOLIDATED,SOURCE,ORIGINAL,UNIT_NORMALIZATION_ONLY,,2025A
2025::ORIGINAL_REPORTED_2025_CAS::BS_DEFERRED_INCOME,2025,2025A,BS_DEFERRED_INCOME,BS_DEFERRED_INCOME,ORIGINAL_REPORTED_2025_CAS::BS_DEFERRED_INCOME,2638278,RMB_THOUSAND,2638.278,RMB_MILLION,0.001,CAS,CONSOLIDATED,SOURCE,ORIGINAL,UNIT_NORMALIZATION_ONLY,,2025A
2025::ORIGINAL_REPORTED_2025_CAS::BS_DEFERRED_TAX_ASSETS,2025,2025A,BS_DEFERRED_TAX_ASSETS,BS_DEFERRED_TAX_ASSETS,ORIGINAL_REPORTED_2025_CAS::BS_DEFERRED_TAX_ASSETS,15118022,RMB_THOUSAND,15118.022,RMB_MILLION,0.001,CAS,CONSOLIDATED,SOURCE,ORIGINAL,UNIT_NORMALIZATION_ONLY,,2025A
2025::ORIGINAL_REPORTED_2025_CAS::BS_DEFERRED_TAX_LIABILITIES,2025,2025A,BS_DEFERRED_TAX_LIABILITIES,BS_DEFERRED_TAX_LIABILITIES,ORIGINAL_REPORTED_2025_CAS::BS_DEFERRED_TAX_LIABILITIES,5891940,RMB_THOUSAND,5891.94,RMB_MILLION,0.001,CAS,CONSOLIDATED,SOURCE,ORIGINAL,UNIT_NORMALIZATION_ONLY,,2025A
2025::ORIGINAL_REPORTED_2025_CAS::BS_DERIVATIVE_FINANCIAL_ASSETS,2025,2025A,BS_DERIVATIVE_FINANCIAL_ASSETS,BS_DERIVATIVE_FINANCIAL_ASSETS,ORIGINAL_REPORTED_2025_CAS::BS_DERIVATIVE_FINANCIAL_ASSETS,2223159,RMB_THOUSAND,2223.159,RMB_MILLION,0.001,CAS,CONSOLIDATED,SOURCE,ORIGINAL,UNIT_NORMALIZATION_ONLY,,2025A
2025::ORIGINAL_REPORTED_2025_CAS::BS_DERIVATIVE_LIABILITIES,2025,2025A,BS_DERIVATIVE_LIABILITIES,BS_DERIVATIVE_LIABILITIES,ORIGINAL_REPORTED_2025_CAS::BS_DERIVATIVE_LIABILITIES,850959,RMB_THOUSAND,850.959,RMB_MILLION,0.001,CAS,CONSOLIDATED,SOURCE,ORIGINAL,UNIT_NORMALIZATION_ONLY,,2025A
2025::ORIGINAL_REPORTED_2025_CAS::BS_EMPLOYEE_COMP,2025,2025A,BS_EMPLOYEE_COMP,BS_EMPLOYEE_COMP,ORIGINAL_REPORTED_2025_CAS::BS_EMPLOYEE_COMP,9645445,RMB_THOUSAND,9645.445,RMB_MILLION,0.001,CAS,CONSOLIDATED,SOURCE,ORIGINAL,UNIT_NORMALIZATION_ONLY,,2025A
2025::ORIGINAL_REPORTED_2025_CAS::BS_GENERAL_RISK_RESERVE,2025,2025A,BS_GENERAL_RISK_RESERVE,BS_GENERAL_RISK_RESERVE,ORIGINAL_REPORTED_2025_CAS::BS_GENERAL_RISK_RESERVE,935764,RMB_THOUSAND,935.764,RMB_MILLION,0.001,CAS,CONSOLIDATED,SOURCE,ORIGINAL,UNIT_NORMALIZATION_ONLY,,2025A
2025::ORIGINAL_REPORTED_2025_CAS::BS_GOODWILL,2025,2025A,BS_GOODWILL,BS_GOODWILL,ORIGINAL_REPORTED_2025_CAS::BS_GOODWILL,34256859,RMB_THOUSAND,34256.859,RMB_MILLION,0.001,CAS,CONSOLIDATED,SOURCE,ORIGINAL,UNIT_NORMALIZATION_ONLY,,2025A
2025::ORIGINAL_REPORTED_2025_CAS::BS_INTANGIBLES,2025,2025A,BS_INTANGIBLES,BS_INTANGIBLES,ORIGINAL_REPORTED_2025_CAS::BS_INTANGIBLES,21618860,RMB_THOUSAND,21618.86,RMB_MILLION,0.001,CAS,CONSOLIDATED,SOURCE,ORIGINAL,UNIT_NORMALIZATION_ONLY,,2025A
2025::ORIGINAL_REPORTED_2025_CAS::BS_INVENTORY,2025,2025A,BS_INVENTORY,BS_INVENTORY,ORIGINAL_REPORTED_2025_CAS::BS_INVENTORY,64628834,RMB_THOUSAND,64628.834,RMB_MILLION,0.001,CAS,CONSOLIDATED,SOURCE,ORIGINAL,UNIT_NORMALIZATION_ONLY,,2025A
2025::ORIGINAL_REPORTED_2025_CAS::BS_INVESTMENT_PROPERTIES,2025,2025A,BS_INVESTMENT_PROPERTIES,BS_INVESTMENT_PROPERTIES,ORIGINAL_REPORTED_2025_CAS::BS_INVESTMENT_PROPERTIES,1142213,RMB_THOUSAND,1142.213,RMB_MILLION,0.001,CAS,CONSOLIDATED,SOURCE,ORIGINAL,UNIT_NORMALIZATION_ONLY,,2025A
2025::ORIGINAL_REPORTED_2025_CAS::BS_LEASE_LIABILITIES,2025,2025A,BS_LEASE_LIABILITIES,BS_LEASE_LIABILITIES,ORIGINAL_REPORTED_2025_CAS::BS_LEASE_LIABILITIES,1901053,RMB_THOUSAND,1901.053,RMB_MILLION,0.001,CAS,CONSOLIDATED,DERIVED,ORIGINAL,UNIT_NORMALIZATION_ONLY,,2025A
2025::ORIGINAL_REPORTED_2025_CAS::BS_LEASE_LIABILITIES_CURRENT,2025,2025A,BS_LEASE_LIABILITIES_CURRENT,BS_LEASE_LIABILITIES_CURRENT,ORIGINAL_REPORTED_2025_CAS::BS_LEASE_LIABILITIES_CURRENT,1395306,RMB_THOUSAND,1395.306,RMB_MILLION,0.001,CAS,CONSOLIDATED,SOURCE,ORIGINAL,UNIT_NORMALIZATION_ONLY,,2025A
2025::ORIGINAL_REPORTED_2025_CAS::BS_LEASE_LIABILITIES_NONCURRENT,2025,2025A,BS_LEASE_LIABILITIES_NONCURRENT,BS_LEASE_LIABILITIES_NONCURRENT,ORIGINAL_REPORTED_2025_CAS::BS_LEASE_LIABILITIES_NONCURRENT,1901053,RMB_THOUSAND,1901.053,RMB_MILLION,0.001,CAS,CONSOLIDATED,SOURCE,ORIGINAL,UNIT_NORMALIZATION_ONLY,,2025A
2025::ORIGINAL_REPORTED_2025_CAS::BS_LEASE_LIABILITIES_TOTAL,2025,2025A,BS_LEASE_LIABILITIES_TOTAL,BS_LEASE_LIABILITIES_TOTAL,ORIGINAL_REPORTED_2025_CAS::BS_LEASE_LIABILITIES_TOTAL,3296359,RMB_THOUSAND,3296.359,RMB_MILLION,0.001,CAS,CONSOLIDATED,SOURCE,ORIGINAL,UNIT_NORMALIZATION_ONLY,,2025A
2025::ORIGINAL_REPORTED_2025_CAS::BS_LOANS_ADVANCES_CURRENT,2025,2025A,BS_LOANS_ADVANCES_CURRENT,BS_LOANS_ADVANCES_CURRENT,ORIGINAL_REPORTED_2025_CAS::BS_LOANS_ADVANCES_CURRENT,11779217,RMB_THOUSAND,11779.217,RMB_MILLION,0.001,CAS,CONSOLIDATED,SOURCE,ORIGINAL,UNIT_NORMALIZATION_ONLY,,2025A
2025::ORIGINAL_REPORTED_2025_CAS::BS_LOANS_ADVANCES_NONCURRENT,2025,2025A,BS_LOANS_ADVANCES_NONCURRENT,BS_LOANS_ADVANCES_NONCURRENT,ORIGINAL_REPORTED_2025_CAS::BS_LOANS_ADVANCES_NONCURRENT,622248,RMB_THOUSAND,622.248,RMB_MILLION,0.001,CAS,CONSOLIDATED,SOURCE,ORIGINAL,UNIT_NORMALIZATION_ONLY,,2025A
2025::ORIGINAL_REPORTED_2025_CAS::BS_LONG_TERM_BONDS,2025,2025A,BS_LONG_TERM_BONDS,BS_LONG_TERM_BONDS,ORIGINAL_REPORTED_2025_CAS::BS_LONG_TERM_BONDS,3194774,RMB_THOUSAND,3194.774,RMB_MILLION,0.001,CAS,CONSOLIDATED,SOURCE,ORIGINAL,UNIT_NORMALIZATION_ONLY,,2025A
2025::ORIGINAL_REPORTED_2025_CAS::BS_LONG_TERM_BORROWINGS,2025,2025A,BS_LONG_TERM_BORROWINGS,BS_LONG_TERM_BORROWINGS,ORIGINAL_REPORTED_2025_CAS::BS_LONG_TERM_BORROWINGS,12658843,RMB_THOUSAND,12658.843,RMB_MILLION,0.001,CAS,CONSOLIDATED,SOURCE,ORIGINAL,UNIT_NORMALIZATION_ONLY,,2025A
2025::ORIGINAL_REPORTED_2025_CAS::BS_LONG_TERM_EMPLOYEE_BENEFITS,2025,2025A,BS_LONG_TERM_EMPLOYEE_BENEFITS,BS_LONG_TERM_EMPLOYEE_BENEFITS,ORIGINAL_REPORTED_2025_CAS::BS_LONG_TERM_EMPLOYEE_BENEFITS,1376865,RMB_THOUSAND,1376.865,RMB_MILLION,0.001,CAS,CONSOLIDATED,SOURCE,ORIGINAL,UNIT_NORMALIZATION_ONLY,,2025A
2025::ORIGINAL_REPORTED_2025_CAS::BS_LONG_TERM_INVESTMENTS,2025,2025A,BS_LONG_TERM_INVESTMENTS,BS_LONG_TERM_INVESTMENTS,ORIGINAL_REPORTED_2025_CAS::BS_LONG_TERM_INVESTMENTS,4775044,RMB_THOUSAND,4775.044,RMB_MILLION,0.001,CAS,CONSOLIDATED,SOURCE,ORIGINAL,UNIT_NORMALIZATION_ONLY,,2025A
2025::ORIGINAL_REPORTED_2025_CAS::BS_LONG_TERM_PREPAID_EXPENSES,2025,2025A,BS_LONG_TERM_PREPAID_EXPENSES,BS_LONG_TERM_PREPAID_EXPENSES,ORIGINAL_REPORTED_2025_CAS::BS_LONG_TERM_PREPAID_EXPENSES,2373477,RMB_THOUSAND,2373.477,RMB_MILLION,0.001,CAS,CONSOLIDATED,SOURCE,ORIGINAL,UNIT_NORMALIZATION_ONLY,,2025A
2025::ORIGINAL_REPORTED_2025_CAS::BS_LONG_TERM_RECEIVABLES,2025,2025A,BS_LONG_TERM_RECEIVABLES,BS_LONG_TERM_RECEIVABLES,ORIGINAL_REPORTED_2025_CAS::BS_LONG_TERM_RECEIVABLES,139663,RMB_THOUSAND,139.663,RMB_MILLION,0.001,CAS,CONSOLIDATED,SOURCE,ORIGINAL,UNIT_NORMALIZATION_ONLY,,2025A
2025::ORIGINAL_REPORTED_2025_CAS::BS_NCI,2025,2025A,BS_NCI,BS_NCI,ORIGINAL_REPORTED_2025_CAS::BS_NCI,13202918,RMB_THOUSAND,13202.918,RMB_MILLION,0.001,CAS,CONSOLIDATED,SOURCE,ORIGINAL,UNIT_NORMALIZATION_ONLY,,2025A
2025::ORIGINAL_REPORTED_2025_CAS::BS_NOTES_PAYABLE,2025,2025A,BS_NOTES_PAYABLE,BS_NOTES_PAYABLE,ORIGINAL_REPORTED_2025_CAS::BS_NOTES_PAYABLE,27121881,RMB_THOUSAND,27121.881,RMB_MILLION,0.001,CAS,CONSOLIDATED,SOURCE,ORIGINAL,UNIT_NORMALIZATION_ONLY,,2025A
2025::ORIGINAL_REPORTED_2025_CAS::BS_NOTES_RECEIVABLE,2025,2025A,BS_NOTES_RECEIVABLE,BS_NOTES_RECEIVABLE,ORIGINAL_REPORTED_2025_CAS::BS_NOTES_RECEIVABLE,5246763,RMB_THOUSAND,5246.763,RMB_MILLION,0.001,CAS,CONSOLIDATED,SOURCE,ORIGINAL,UNIT_NORMALIZATION_ONLY,,2025A
2025::ORIGINAL_REPORTED_2025_CAS::BS_OCI,2025,2025A,BS_OCI,BS_OCI,ORIGINAL_REPORTED_2025_CAS::BS_OCI,-468755,RMB_THOUSAND,-468.755,RMB_MILLION,0.001,CAS,CONSOLIDATED,SOURCE,ORIGINAL,UNIT_NORMALIZATION_ONLY,,2025A
2025::ORIGINAL_REPORTED_2025_CAS::BS_OTHER_CURRENT_ASSETS,2025,2025A,BS_OTHER_CURRENT_ASSETS,BS_OTHER_CURRENT_ASSETS,ORIGINAL_REPORTED_2025_CAS::BS_OTHER_CURRENT_ASSETS,25376475,RMB_THOUSAND,25376.475,RMB_MILLION,0.001,CAS,CONSOLIDATED,SOURCE,ORIGINAL,UNIT_NORMALIZATION_ONLY,,2025A
2025::ORIGINAL_REPORTED_2025_CAS::BS_OTHER_CURRENT_LIABILITIES,2025,2025A,BS_OTHER_CURRENT_LIABILITIES,BS_OTHER_CURRENT_LIABILITIES,ORIGINAL_REPORTED_2025_CAS::BS_OTHER_CURRENT_LIABILITIES,92537419,RMB_THOUSAND,92537.419,RMB_MILLION,0.001,CAS,CONSOLIDATED,SOURCE,ORIGINAL,UNIT_NORMALIZATION_ONLY,,2025A
2025::ORIGINAL_REPORTED_2025_CAS::BS_OTHER_EQUITY_INSTRUMENTS,2025,2025A,BS_OTHER_EQUITY_INSTRUMENTS,BS_OTHER_EQUITY_INSTRUMENTS,ORIGINAL_REPORTED_2025_CAS::BS_OTHER_EQUITY_INSTRUMENTS,29901,RMB_THOUSAND,29.901,RMB_MILLION,0.001,CAS,CONSOLIDATED,SOURCE,ORIGINAL,UNIT_NORMALIZATION_ONLY,,2025A
2025::ORIGINAL_REPORTED_2025_CAS::BS_OTHER_NONCURRENT_ASSETS,2025,2025A,BS_OTHER_NONCURRENT_ASSETS,BS_OTHER_NONCURRENT_ASSETS,ORIGINAL_REPORTED_2025_CAS::BS_OTHER_NONCURRENT_ASSETS,56058664,RMB_THOUSAND,56058.664,RMB_MILLION,0.001,CAS,CONSOLIDATED,SOURCE,ORIGINAL,UNIT_NORMALIZATION_ONLY,,2025A
2025::ORIGINAL_REPORTED_2025_CAS::BS_OTHER_NONCURRENT_FINANCIAL_ASSETS,2025,2025A,BS_OTHER_NONCURRENT_FINANCIAL_ASSETS,BS_OTHER_NONCURRENT_FINANCIAL_ASSETS,ORIGINAL_REPORTED_2025_CAS::BS_OTHER_NONCURRENT_FINANCIAL_ASSETS,4786089,RMB_THOUSAND,4786.089,RMB_MILLION,0.001,CAS,CONSOLIDATED,SOURCE,ORIGINAL,UNIT_NORMALIZATION_ONLY,,2025A
2025::ORIGINAL_REPORTED_2025_CAS::BS_OTHER_NONCURRENT_LIABILITIES,2025,2025A,BS_OTHER_NONCURRENT_LIABILITIES,BS_OTHER_NONCURRENT_LIABILITIES,ORIGINAL_REPORTED_2025_CAS::BS_OTHER_NONCURRENT_LIABILITIES,468216,RMB_THOUSAND,468.216,RMB_MILLION,0.001,CAS,CONSOLIDATED,SOURCE,ORIGINAL,UNIT_NORMALIZATION_ONLY,,2025A
2025::ORIGINAL_REPORTED_2025_CAS::BS_OTHER_PAYABLES,2025,2025A,BS_OTHER_PAYABLES,BS_OTHER_PAYABLES,ORIGINAL_REPORTED_2025_CAS::BS_OTHER_PAYABLES,4823476,RMB_THOUSAND,4823.476,RMB_MILLION,0.001,CAS,CONSOLIDATED,SOURCE,ORIGINAL,UNIT_NORMALIZATION_ONLY,,2025A
2025::ORIGINAL_REPORTED_2025_CAS::BS_OTHER_RECEIVABLES,2025,2025A,BS_OTHER_RECEIVABLES,BS_OTHER_RECEIVABLES,ORIGINAL_REPORTED_2025_CAS::BS_OTHER_RECEIVABLES,3190591,RMB_THOUSAND,3190.591,RMB_MILLION,0.001,CAS,CONSOLIDATED,SOURCE,ORIGINAL,UNIT_NORMALIZATION_ONLY,,2025A
2025::ORIGINAL_REPORTED_2025_CAS::BS_OTHER_RESERVES,2025,2025A,BS_OTHER_RESERVES,BS_OTHER_RESERVES,ORIGINAL_REPORTED_2025_CAS::BS_OTHER_RESERVES,11196537,RMB_THOUSAND,11196.537,RMB_MILLION,0.001,CAS,CONSOLIDATED,DERIVED,ORIGINAL,UNIT_NORMALIZATION_ONLY,,2025A
2025::ORIGINAL_REPORTED_2025_CAS::BS_PARENT_EQUITY,2025,2025A,BS_PARENT_EQUITY,BS_PARENT_EQUITY,ORIGINAL_REPORTED_2025_CAS::BS_PARENT_EQUITY,223221305,RMB_THOUSAND,223221.305,RMB_MILLION,0.001,CAS,CONSOLIDATED,SOURCE,ORIGINAL,UNIT_NORMALIZATION_ONLY,,2025A
2025::ORIGINAL_REPORTED_2025_CAS::BS_PPE,2025,2025A,BS_PPE,BS_PPE,ORIGINAL_REPORTED_2025_CAS::BS_PPE,44983394,RMB_THOUSAND,44983.394,RMB_MILLION,0.001,CAS,CONSOLIDATED,SOURCE,ORIGINAL,UNIT_NORMALIZATION_ONLY,,2025A
2025::ORIGINAL_REPORTED_2025_CAS::BS_PREPAYMENTS,2025,2025A,BS_PREPAYMENTS,BS_PREPAYMENTS,ORIGINAL_REPORTED_2025_CAS::BS_PREPAYMENTS,2987292,RMB_THOUSAND,2987.292,RMB_MILLION,0.001,CAS,CONSOLIDATED,SOURCE,ORIGINAL,UNIT_NORMALIZATION_ONLY,,2025A
2025::ORIGINAL_REPORTED_2025_CAS::BS_PROVISIONS,2025,2025A,BS_PROVISIONS,BS_PROVISIONS,ORIGINAL_REPORTED_2025_CAS::BS_PROVISIONS,853874,RMB_THOUSAND,853.874,RMB_MILLION,0.001,CAS,CONSOLIDATED,SOURCE,ORIGINAL,UNIT_NORMALIZATION_ONLY,,2025A
2025::ORIGINAL_REPORTED_2025_CAS::BS_RECEIVABLES_FINANCING,2025,2025A,BS_RECEIVABLES_FINANCING,BS_RECEIVABLES_FINANCING,ORIGINAL_REPORTED_2025_CAS::BS_RECEIVABLES_FINANCING,14935344,RMB_THOUSAND,14935.344,RMB_MILLION,0.001,CAS,CONSOLIDATED,SOURCE,ORIGINAL,UNIT_NORMALIZATION_ONLY,,2025A
2025::ORIGINAL_REPORTED_2025_CAS::BS_RESTRICTED_CASH,2025,2025A,BS_RESTRICTED_CASH,BS_RESTRICTED_CASH,ORIGINAL_REPORTED_2025_CAS::BS_RESTRICTED_CASH,4715545,RMB_THOUSAND,4715.545,RMB_MILLION,0.001,CAS,CONSOLIDATED,DERIVED,ORIGINAL,UNIT_NORMALIZATION_ONLY,,2025A
2025::ORIGINAL_REPORTED_2025_CAS::BS_RETAINED_EARNINGS,2025,2025A,BS_RETAINED_EARNINGS,BS_RETAINED_EARNINGS,ORIGINAL_REPORTED_2025_CAS::BS_RETAINED_EARNINGS,167228020,RMB_THOUSAND,167228.02,RMB_MILLION,0.001,CAS,CONSOLIDATED,SOURCE,ORIGINAL,UNIT_NORMALIZATION_ONLY,,2025A
2025::ORIGINAL_REPORTED_2025_CAS::BS_ROU_ASSETS,2025,2025A,BS_ROU_ASSETS,BS_ROU_ASSETS,ORIGINAL_REPORTED_2025_CAS::BS_ROU_ASSETS,3170163,RMB_THOUSAND,3170.163,RMB_MILLION,0.001,CAS,CONSOLIDATED,SOURCE,ORIGINAL,UNIT_NORMALIZATION_ONLY,,2025A
2025::ORIGINAL_REPORTED_2025_CAS::BS_SHARE_CAPITAL,2025,2025A,BS_SHARE_CAPITAL,BS_SHARE_CAPITAL,ORIGINAL_REPORTED_2025_CAS::BS_SHARE_CAPITAL,7597145,RMB_THOUSAND,7597.145,RMB_MILLION,0.001,CAS,CONSOLIDATED,SOURCE,ORIGINAL,UNIT_NORMALIZATION_ONLY,,2025A
2025::ORIGINAL_REPORTED_2025_CAS::BS_SHORT_TERM_BORROWING,2025,2025A,BS_SHORT_TERM_BORROWING,BS_SHORT_TERM_BORROWING,ORIGINAL_REPORTED_2025_CAS::BS_SHORT_TERM_BORROWING,43904550,RMB_THOUSAND,43904.55,RMB_MILLION,0.001,CAS,CONSOLIDATED,SOURCE,ORIGINAL,UNIT_NORMALIZATION_ONLY,,2025A
2025::ORIGINAL_REPORTED_2025_CAS::BS_SPECIAL_RESERVE,2025,2025A,BS_SPECIAL_RESERVE,BS_SPECIAL_RESERVE,ORIGINAL_REPORTED_2025_CAS::BS_SPECIAL_RESERVE,26600,RMB_THOUSAND,26.6,RMB_MILLION,0.001,CAS,CONSOLIDATED,SOURCE,ORIGINAL,UNIT_NORMALIZATION_ONLY,,2025A
2025::ORIGINAL_REPORTED_2025_CAS::BS_SURPLUS_RESERVE,2025,2025A,BS_SURPLUS_RESERVE,BS_SURPLUS_RESERVE,ORIGINAL_REPORTED_2025_CAS::BS_SURPLUS_RESERVE,10702928,RMB_THOUSAND,10702.928,RMB_MILLION,0.001,CAS,CONSOLIDATED,SOURCE,ORIGINAL,UNIT_NORMALIZATION_ONLY,,2025A
2025::ORIGINAL_REPORTED_2025_CAS::BS_TAXES_PAYABLE,2025,2025A,BS_TAXES_PAYABLE,BS_TAXES_PAYABLE,ORIGINAL_REPORTED_2025_CAS::BS_TAXES_PAYABLE,7164093,RMB_THOUSAND,7164.093,RMB_MILLION,0.001,CAS,CONSOLIDATED,SOURCE,ORIGINAL,UNIT_NORMALIZATION_ONLY,,2025A
2025::ORIGINAL_REPORTED_2025_CAS::BS_TERM_DEPOSITS,2025,2025A,BS_TERM_DEPOSITS,BS_TERM_DEPOSITS,ORIGINAL_REPORTED_2025_CAS::BS_TERM_DEPOSITS,11942612,RMB_THOUSAND,11942.612,RMB_MILLION,0.001,CAS,CONSOLIDATED,DERIVED,ORIGINAL,UNIT_NORMALIZATION_ONLY,,2025A
2025::ORIGINAL_REPORTED_2025_CAS::BS_TOTAL_ASSETS,2025,2025A,BS_TOTAL_ASSETS,BS_TOTAL_ASSETS,ORIGINAL_REPORTED_2025_CAS::BS_TOTAL_ASSETS,608791766,RMB_THOUSAND,608791.766,RMB_MILLION,0.001,CAS,CONSOLIDATED,SOURCE,ORIGINAL,UNIT_NORMALIZATION_ONLY,,2025A
2025::ORIGINAL_REPORTED_2025_CAS::BS_TOTAL_CURRENT_ASSETS,2025,2025A,BS_TOTAL_CURRENT_ASSETS,BS_TOTAL_CURRENT_ASSETS,ORIGINAL_REPORTED_2025_CAS::BS_TOTAL_CURRENT_ASSETS,416662341,RMB_THOUSAND,416662.341,RMB_MILLION,0.001,CAS,CONSOLIDATED,SOURCE,ORIGINAL,UNIT_NORMALIZATION_ONLY,,2025A
2025::ORIGINAL_REPORTED_2025_CAS::BS_TOTAL_CURRENT_LIABILITIES,2025,2025A,BS_TOTAL_CURRENT_LIABILITIES,BS_TOTAL_CURRENT_LIABILITIES,ORIGINAL_REPORTED_2025_CAS::BS_TOTAL_CURRENT_LIABILITIES,343383700,RMB_THOUSAND,343383.7,RMB_MILLION,0.001,CAS,CONSOLIDATED,SOURCE,ORIGINAL,UNIT_NORMALIZATION_ONLY,,2025A
2025::ORIGINAL_REPORTED_2025_CAS::BS_TOTAL_EQUITY,2025,2025A,BS_TOTAL_EQUITY,BS_TOTAL_EQUITY,ORIGINAL_REPORTED_2025_CAS::BS_TOTAL_EQUITY,236424223,RMB_THOUSAND,236424.223,RMB_MILLION,0.001,CAS,CONSOLIDATED,SOURCE,ORIGINAL,UNIT_NORMALIZATION_ONLY,,2025A
2025::ORIGINAL_REPORTED_2025_CAS::BS_TOTAL_LIABILITIES,2025,2025A,BS_TOTAL_LIABILITIES,BS_TOTAL_LIABILITIES,ORIGINAL_REPORTED_2025_CAS::BS_TOTAL_LIABILITIES,372367543,RMB_THOUSAND,372367.543,RMB_MILLION,0.001,CAS,CONSOLIDATED,SOURCE,ORIGINAL,UNIT_NORMALIZATION_ONLY,,2025A
2025::ORIGINAL_REPORTED_2025_CAS::BS_TOTAL_NONCURRENT_ASSETS,2025,2025A,BS_TOTAL_NONCURRENT_ASSETS,BS_TOTAL_NONCURRENT_ASSETS,ORIGINAL_REPORTED_2025_CAS::BS_TOTAL_NONCURRENT_ASSETS,192129425,RMB_THOUSAND,192129.425,RMB_MILLION,0.001,CAS,CONSOLIDATED,SOURCE,ORIGINAL,UNIT_NORMALIZATION_ONLY,,2025A
2025::ORIGINAL_REPORTED_2025_CAS::BS_TOTAL_NONCURRENT_LIABILITIES,2025,2025A,BS_TOTAL_NONCURRENT_LIABILITIES,BS_TOTAL_NONCURRENT_LIABILITIES,ORIGINAL_REPORTED_2025_CAS::BS_TOTAL_NONCURRENT_LIABILITIES,28983843,RMB_THOUSAND,28983.843,RMB_MILLION,0.001,CAS,CONSOLIDATED,SOURCE,ORIGINAL,UNIT_NORMALIZATION_ONLY,,2025A
2025::ORIGINAL_REPORTED_2025_CAS::BS_TRADING_FINANCIAL_ASSETS,2025,2025A,BS_TRADING_FINANCIAL_ASSETS,BS_TRADING_FINANCIAL_ASSETS,ORIGINAL_REPORTED_2025_CAS::BS_TRADING_FINANCIAL_ASSETS,710717,RMB_THOUSAND,710.717,RMB_MILLION,0.001,CAS,CONSOLIDATED,SOURCE,ORIGINAL,UNIT_NORMALIZATION_ONLY,,2025A
2025::ORIGINAL_REPORTED_2025_CAS::BS_TRADING_FINANCIAL_LIABILITIES,2025,2025A,BS_TRADING_FINANCIAL_LIABILITIES,BS_TRADING_FINANCIAL_LIABILITIES,ORIGINAL_REPORTED_2025_CAS::BS_TRADING_FINANCIAL_LIABILITIES,706439,RMB_THOUSAND,706.439,RMB_MILLION,0.001,CAS,CONSOLIDATED,SOURCE,ORIGINAL,UNIT_NORMALIZATION_ONLY,,2025A
2025::ORIGINAL_REPORTED_2025_CAS::BS_TREASURY_SHARES,2025,2025A,BS_TREASURY_SHARES,BS_TREASURY_SHARES,ORIGINAL_REPORTED_2025_CAS::BS_TREASURY_SHARES,-8151117,RMB_THOUSAND,-8151.117,RMB_MILLION,0.001,CAS,CONSOLIDATED,SOURCE,ORIGINAL,UNIT_NORMALIZATION_ONLY,,2025A
2025::ORIGINAL_REPORTED_2025_CAS::CAPITAL_COMMITMENTS_INVESTMENTS,2025,2025A,CAPITAL_COMMITMENTS_INVESTMENTS,CAPITAL_COMMITMENTS_INVESTMENTS,ORIGINAL_REPORTED_2025_CAS::CAPITAL_COMMITMENTS_INVESTMENTS,2213,RMB_THOUSAND,2.213,RMB_MILLION,0.001,CAS,CONSOLIDATED,SOURCE,ORIGINAL,UNIT_NORMALIZATION_ONLY,,2025A
2025::ORIGINAL_REPORTED_2025_CAS::CAPITAL_COMMITMENTS_PPE,2025,2025A,CAPITAL_COMMITMENTS_PPE,CAPITAL_COMMITMENTS_PPE,ORIGINAL_REPORTED_2025_CAS::CAPITAL_COMMITMENTS_PPE,3913097,RMB_THOUSAND,3913.097,RMB_MILLION,0.001,CAS,CONSOLIDATED,SOURCE,ORIGINAL,UNIT_NORMALIZATION_ONLY,,2025A
2025::ORIGINAL_REPORTED_2025_CAS::CARESTREAM_CONSIDERATION,2025,2025A,CARESTREAM_CONSIDERATION,CARESTREAM_CONSIDERATION,ORIGINAL_REPORTED_2025_CAS::CARESTREAM_CONSIDERATION,1861746,RMB_THOUSAND,1861.746,RMB_MILLION,0.001,CAS,CARESTREAM,SOURCE,ORIGINAL,UNIT_NORMALIZATION_ONLY,,2025A
2025::ORIGINAL_REPORTED_2025_CAS::CARESTREAM_NET_CASH_OUTFLOW,2025,2025A,CARESTREAM_NET_CASH_OUTFLOW,CARESTREAM_NET_CASH_OUTFLOW,ORIGINAL_REPORTED_2025_CAS::CARESTREAM_NET_CASH_OUTFLOW,446556,RMB_THOUSAND,446.556,RMB_MILLION,0.001,CAS,CARESTREAM,SOURCE,ORIGINAL,UNIT_NORMALIZATION_ONLY,,2025A
2025::ORIGINAL_REPORTED_2025_CAS::CARESTREAM_PROVISIONAL_NET_IDENTIFIABLE_ASSETS,2025,2025A,CARESTREAM_PROVISIONAL_NET_IDENTIFIABLE_ASSETS,CARESTREAM_PROVISIONAL_NET_IDENTIFIABLE_ASSETS,ORIGINAL_REPORTED_2025_CAS::CARESTREAM_PROVISIONAL_NET_IDENTIFIABLE_ASSETS,1451167,RMB_THOUSAND,1451.167,RMB_MILLION,0.001,CAS,CARESTREAM,SOURCE,ORIGINAL,UNIT_NORMALIZATION_ONLY,,2025A
2025::ORIGINAL_REPORTED_2025_CAS::CARESTREAM_REPORTED_GOODWILL,2025,2025A,CARESTREAM_REPORTED_GOODWILL,CARESTREAM_REPORTED_GOODWILL,ORIGINAL_REPORTED_2025_CAS::CARESTREAM_REPORTED_GOODWILL,410586,RMB_THOUSAND,410.586,RMB_MILLION,0.001,CAS,CARESTREAM,SOURCE,ORIGINAL,UNIT_NORMALIZATION_ONLY,,2025A
2025::ORIGINAL_REPORTED_2025_CAS::CAS_PARENT_OCI_DEFINED_BENEFIT,2025,2025A,CAS_PARENT_OCI_DEFINED_BENEFIT,CAS_PARENT_OCI_DEFINED_BENEFIT,ORIGINAL_REPORTED_2025_CAS::CAS_PARENT_OCI_DEFINED_BENEFIT,148642,RMB_THOUSAND,148.642,RMB_MILLION,0.001,CAS,CONSOLIDATED,SOURCE,ORIGINAL,UNIT_NORMALIZATION_ONLY,,2025A
2025::ORIGINAL_REPORTED_2025_CAS::CAS_PARENT_OCI_EQUITY_INSTRUMENTS,2025,2025A,CAS_PARENT_OCI_EQUITY_INSTRUMENTS,CAS_PARENT_OCI_EQUITY_INSTRUMENTS,ORIGINAL_REPORTED_2025_CAS::CAS_PARENT_OCI_EQUITY_INSTRUMENTS,-1075,RMB_THOUSAND,-1.075,RMB_MILLION,0.001,CAS,CONSOLIDATED,SOURCE,ORIGINAL,UNIT_NORMALIZATION_ONLY,,2025A
2025::ORIGINAL_REPORTED_2025_CAS::CAS_PARENT_OCI_EQUITY_METHOD,2025,2025A,CAS_PARENT_OCI_EQUITY_METHOD,CAS_PARENT_OCI_EQUITY_METHOD,ORIGINAL_REPORTED_2025_CAS::CAS_PARENT_OCI_EQUITY_METHOD,-22314,RMB_THOUSAND,-22.314,RMB_MILLION,0.001,CAS,CONSOLIDATED,SOURCE,ORIGINAL,UNIT_NORMALIZATION_ONLY,,2025A
2025::ORIGINAL_REPORTED_2025_CAS::CAS_PARENT_OCI_FX,2025,2025A,CAS_PARENT_OCI_FX,CAS_PARENT_OCI_FX,ORIGINAL_REPORTED_2025_CAS::CAS_PARENT_OCI_FX,-410731,RMB_THOUSAND,-410.731,RMB_MILLION,0.001,CAS,CONSOLIDATED,SOURCE,ORIGINAL,UNIT_NORMALIZATION_ONLY,,2025A
2025::ORIGINAL_REPORTED_2025_CAS::CAS_PARENT_OCI_HEDGES,2025,2025A,CAS_PARENT_OCI_HEDGES,CAS_PARENT_OCI_HEDGES,ORIGINAL_REPORTED_2025_CAS::CAS_PARENT_OCI_HEDGES,394985,RMB_THOUSAND,394.985,RMB_MILLION,0.001,CAS,CONSOLIDATED,SOURCE,ORIGINAL,UNIT_NORMALIZATION_ONLY,,2025A
2025::ORIGINAL_REPORTED_2025_CAS::CAS_PARENT_OCI_NONRECLASSIFIABLE,2025,2025A,CAS_PARENT_OCI_NONRECLASSIFIABLE,CAS_PARENT_OCI_NONRECLASSIFIABLE,ORIGINAL_REPORTED_2025_CAS::CAS_PARENT_OCI_NONRECLASSIFIABLE,147567,RMB_THOUSAND,147.567,RMB_MILLION,0.001,CAS,CONSOLIDATED,SOURCE,ORIGINAL,UNIT_NORMALIZATION_ONLY,,2025A
2025::ORIGINAL_REPORTED_2025_CAS::CAS_PARENT_OCI_OTHER,2025,2025A,CAS_PARENT_OCI_OTHER,CAS_PARENT_OCI_OTHER,ORIGINAL_REPORTED_2025_CAS::CAS_PARENT_OCI_OTHER,-60323,RMB_THOUSAND,-60.323,RMB_MILLION,0.001,CAS,CONSOLIDATED,SOURCE,ORIGINAL,UNIT_NORMALIZATION_ONLY,,2025A
2025::ORIGINAL_REPORTED_2025_CAS::CAS_PARENT_OCI_RECLASSIFIABLE,2025,2025A,CAS_PARENT_OCI_RECLASSIFIABLE,CAS_PARENT_OCI_RECLASSIFIABLE,ORIGINAL_REPORTED_2025_CAS::CAS_PARENT_OCI_RECLASSIFIABLE,-98383,RMB_THOUSAND,-98.383,RMB_MILLION,0.001,CAS,CONSOLIDATED,SOURCE,ORIGINAL,UNIT_NORMALIZATION_ONLY,,2025A
2025::ORIGINAL_REPORTED_2025_CAS::CFO_RECON_ASSET_IMPAIRMENT,2025,2025A,CFO_RECON_ASSET_IMPAIRMENT,CFO_RECON_ASSET_IMPAIRMENT,ORIGINAL_REPORTED_2025_CAS::CFO_RECON_ASSET_IMPAIRMENT,1156469,RMB_THOUSAND,1156.469,RMB_MILLION,0.001,CAS,CONSOLIDATED,SOURCE,ORIGINAL,UNIT_NORMALIZATION_ONLY,,2025A
2025::ORIGINAL_REPORTED_2025_CAS::CFO_RECON_CFO,2025,2025A,CFO_RECON_CFO,CFO_RECON_CFO,ORIGINAL_REPORTED_2025_CAS::CFO_RECON_CFO,53345930,RMB_THOUSAND,53345.93,RMB_MILLION,0.001,CAS,CONSOLIDATED,SOURCE,ORIGINAL,UNIT_NORMALIZATION_ONLY,,2025A
2025::ORIGINAL_REPORTED_2025_CAS::CFO_RECON_CREDIT_IMPAIRMENT,2025,2025A,CFO_RECON_CREDIT_IMPAIRMENT,CFO_RECON_CREDIT_IMPAIRMENT,ORIGINAL_REPORTED_2025_CAS::CFO_RECON_CREDIT_IMPAIRMENT,355860,RMB_THOUSAND,355.86,RMB_MILLION,0.001,CAS,CONSOLIDATED,SOURCE,ORIGINAL,UNIT_NORMALIZATION_ONLY,,2025A
2025::ORIGINAL_REPORTED_2025_CAS::CFO_RECON_DA,2025,2025A,CFO_RECON_DA,CFO_RECON_DA,ORIGINAL_REPORTED_2025_CAS::CFO_RECON_DA,9339695,RMB_THOUSAND,9339.695,RMB_MILLION,0.001,CAS,CONSOLIDATED,SOURCE,ORIGINAL,UNIT_NORMALIZATION_ONLY,,2025A
2025::ORIGINAL_REPORTED_2025_CAS::CFO_RECON_DEFERRED_TAX_ASSET,2025,2025A,CFO_RECON_DEFERRED_TAX_ASSET,CFO_RECON_DEFERRED_TAX_ASSET,ORIGINAL_REPORTED_2025_CAS::CFO_RECON_DEFERRED_TAX_ASSET,-372141,RMB_THOUSAND,-372.141,RMB_MILLION,0.001,CAS,CONSOLIDATED,SOURCE,ORIGINAL,UNIT_NORMALIZATION_ONLY,,2025A
2025::ORIGINAL_REPORTED_2025_CAS::CFO_RECON_DEFERRED_TAX_LIABILITY,2025,2025A,CFO_RECON_DEFERRED_TAX_LIABILITY,CFO_RECON_DEFERRED_TAX_LIABILITY,ORIGINAL_REPORTED_2025_CAS::CFO_RECON_DEFERRED_TAX_LIABILITY,-1017814,RMB_THOUSAND,-1017.814,RMB_MILLION,0.001,CAS,CONSOLIDATED,SOURCE,ORIGINAL,UNIT_NORMALIZATION_ONLY,,2025A
2025::ORIGINAL_REPORTED_2025_CAS::CFO_RECON_DISPOSAL,2025,2025A,CFO_RECON_DISPOSAL,CFO_RECON_DISPOSAL,ORIGINAL_REPORTED_2025_CAS::CFO_RECON_DISPOSAL,76024,RMB_THOUSAND,76.024,RMB_MILLION,0.001,CAS,CONSOLIDATED,SOURCE,ORIGINAL,UNIT_NORMALIZATION_ONLY,,2025A
2025::ORIGINAL_REPORTED_2025_CAS::CFO_RECON_FAIR_VALUE,2025,2025A,CFO_RECON_FAIR_VALUE,CFO_RECON_FAIR_VALUE,ORIGINAL_REPORTED_2025_CAS::CFO_RECON_FAIR_VALUE,-782358,RMB_THOUSAND,-782.358,RMB_MILLION,0.001,CAS,CONSOLIDATED,SOURCE,ORIGINAL,UNIT_NORMALIZATION_ONLY,,2025A
2025::ORIGINAL_REPORTED_2025_CAS::CFO_RECON_FINANCE,2025,2025A,CFO_RECON_FINANCE,CFO_RECON_FINANCE,ORIGINAL_REPORTED_2025_CAS::CFO_RECON_FINANCE,-4396660,RMB_THOUSAND,-4396.66,RMB_MILLION,0.001,CAS,CONSOLIDATED,SOURCE,ORIGINAL,UNIT_NORMALIZATION_ONLY,,2025A
2025::ORIGINAL_REPORTED_2025_CAS::CFO_RECON_INVENTORIES,2025,2025A,CFO_RECON_INVENTORIES,CFO_RECON_INVENTORIES,ORIGINAL_REPORTED_2025_CAS::CFO_RECON_INVENTORIES,2075064,RMB_THOUSAND,2075.064,RMB_MILLION,0.001,CAS,CONSOLIDATED,SOURCE,ORIGINAL,UNIT_NORMALIZATION_ONLY,,2025A
2025::ORIGINAL_REPORTED_2025_CAS::CFO_RECON_INVESTMENT,2025,2025A,CFO_RECON_INVESTMENT,CFO_RECON_INVESTMENT,ORIGINAL_REPORTED_2025_CAS::CFO_RECON_INVESTMENT,-1694661,RMB_THOUSAND,-1694.661,RMB_MILLION,0.001,CAS,CONSOLIDATED,SOURCE,ORIGINAL,UNIT_NORMALIZATION_ONLY,,2025A
2025::ORIGINAL_REPORTED_2025_CAS::CFO_RECON_NET_PROFIT,2025,2025A,CFO_RECON_NET_PROFIT,CFO_RECON_NET_PROFIT,ORIGINAL_REPORTED_2025_CAS::CFO_RECON_NET_PROFIT,44520196,RMB_THOUSAND,44520.196,RMB_MILLION,0.001,CAS,CONSOLIDATED,SOURCE,ORIGINAL,UNIT_NORMALIZATION_ONLY,,2025A
2025::ORIGINAL_REPORTED_2025_CAS::CFO_RECON_PAYABLES,2025,2025A,CFO_RECON_PAYABLES,CFO_RECON_PAYABLES,ORIGINAL_REPORTED_2025_CAS::CFO_RECON_PAYABLES,11316620,RMB_THOUSAND,11316.62,RMB_MILLION,0.001,CAS,CONSOLIDATED,SOURCE,ORIGINAL,UNIT_NORMALIZATION_ONLY,,2025A
2025::ORIGINAL_REPORTED_2025_CAS::CFO_RECON_RECEIVABLES,2025,2025A,CFO_RECON_RECEIVABLES,CFO_RECON_RECEIVABLES,ORIGINAL_REPORTED_2025_CAS::CFO_RECON_RECEIVABLES,-8112158,RMB_THOUSAND,-8112.158,RMB_MILLION,0.001,CAS,CONSOLIDATED,SOURCE,ORIGINAL,UNIT_NORMALIZATION_ONLY,,2025A
2025::ORIGINAL_REPORTED_2025_CAS::CFO_RECON_SHARE_BASED_OTHER,2025,2025A,CFO_RECON_SHARE_BASED_OTHER,CFO_RECON_SHARE_BASED_OTHER,ORIGINAL_REPORTED_2025_CAS::CFO_RECON_SHARE_BASED_OTHER,881794,RMB_THOUSAND,881.794,RMB_MILLION,0.001,CAS,CONSOLIDATED,SOURCE,ORIGINAL,UNIT_NORMALIZATION_ONLY,,2025A
2025::ORIGINAL_REPORTED_2025_CAS::CF_ACQUISITION_PAYMENTS,2025,2025A,CF_ACQUISITION_PAYMENTS,CF_ACQUISITION_PAYMENTS,ORIGINAL_REPORTED_2025_CAS::CF_ACQUISITION_PAYMENTS,-6155136,RMB_THOUSAND,-6155.136,RMB_MILLION,0.001,CAS,CONSOLIDATED,SOURCE,ORIGINAL,UNIT_NORMALIZATION_ONLY,,2025A
2025::ORIGINAL_REPORTED_2025_CAS::CF_CAPEX,2025,2025A,CF_CAPEX,CF_CAPEX,ORIGINAL_REPORTED_2025_CAS::CF_CAPEX,-11141889,RMB_THOUSAND,-11141.889,RMB_MILLION,0.001,CAS,CONSOLIDATED,SOURCE,ORIGINAL,UNIT_NORMALIZATION_ONLY,,2025A
2025::ORIGINAL_REPORTED_2025_CAS::CF_CAPITAL_CONTRIBUTIONS,2025,2025A,CF_CAPITAL_CONTRIBUTIONS,CF_CAPITAL_CONTRIBUTIONS,ORIGINAL_REPORTED_2025_CAS::CF_CAPITAL_CONTRIBUTIONS,4725891,RMB_THOUSAND,4725.891,RMB_MILLION,0.001,CAS,CONSOLIDATED,SOURCE,ORIGINAL,UNIT_NORMALIZATION_ONLY,,2025A
2025::ORIGINAL_REPORTED_2025_CAS::CF_CASH_FROM_SALES,2025,2025A,CF_CASH_FROM_SALES,CF_CASH_FROM_SALES,ORIGINAL_REPORTED_2025_CAS::CF_CASH_FROM_SALES,426210800,RMB_THOUSAND,426210.8,RMB_MILLION,0.001,CAS,CONSOLIDATED,SOURCE,ORIGINAL,UNIT_NORMALIZATION_ONLY,,2025A
2025::ORIGINAL_REPORTED_2025_CAS::CF_CASH_TO_EMPLOYEES,2025,2025A,CF_CASH_TO_EMPLOYEES,CF_CASH_TO_EMPLOYEES,ORIGINAL_REPORTED_2025_CAS::CF_CASH_TO_EMPLOYEES,-43785067,RMB_THOUSAND,-43785.067,RMB_MILLION,0.001,CAS,CONSOLIDATED,SOURCE,ORIGINAL,UNIT_NORMALIZATION_ONLY,,2025A
2025::ORIGINAL_REPORTED_2025_CAS::CF_CASH_TO_SUPPLIERS,2025,2025A,CF_CASH_TO_SUPPLIERS,CF_CASH_TO_SUPPLIERS,ORIGINAL_REPORTED_2025_CAS::CF_CASH_TO_SUPPLIERS,-281799282,RMB_THOUSAND,-281799.282,RMB_MILLION,0.001,CAS,CONSOLIDATED,SOURCE,ORIGINAL,UNIT_NORMALIZATION_ONLY,,2025A
2025::ORIGINAL_REPORTED_2025_CAS::CF_CENTRAL_BANK_DEPOSITS_DECREASE,2025,2025A,CF_CENTRAL_BANK_DEPOSITS_DECREASE,CF_CENTRAL_BANK_DEPOSITS_DECREASE,ORIGINAL_REPORTED_2025_CAS::CF_CENTRAL_BANK_DEPOSITS_DECREASE,1708954,RMB_THOUSAND,1708.954,RMB_MILLION,0.001,CAS,CONSOLIDATED,SOURCE,ORIGINAL,UNIT_NORMALIZATION_ONLY,,2025A
2025::ORIGINAL_REPORTED_2025_CAS::CF_CENTRAL_BANK_DEPOSITS_INCREASE,2025,2025A,CF_CENTRAL_BANK_DEPOSITS_INCREASE,CF_CENTRAL_BANK_DEPOSITS_INCREASE,ORIGINAL_REPORTED_2025_CAS::CF_CENTRAL_BANK_DEPOSITS_INCREASE,0,RMB_THOUSAND,0,RMB_MILLION,0.001,CAS,CONSOLIDATED,SOURCE,ORIGINAL,UNIT_NORMALIZATION_ONLY,,2025A
2025::ORIGINAL_REPORTED_2025_CAS::CF_CFF,2025,2025A,CF_CFF,CF_CFF,ORIGINAL_REPORTED_2025_CAS::CF_CFF,-64957779,RMB_THOUSAND,-64957.779,RMB_MILLION,0.001,CAS,CONSOLIDATED,SOURCE,ORIGINAL,UNIT_NORMALIZATION_ONLY,,2025A
2025::ORIGINAL_REPORTED_2025_CAS::CF_CFI,2025,2025A,CF_CFI,CF_CFI,ORIGINAL_REPORTED_2025_CAS::CF_CFI,25340273,RMB_THOUSAND,25340.273,RMB_MILLION,0.001,CAS,CONSOLIDATED,SOURCE,ORIGINAL,UNIT_NORMALIZATION_ONLY,,2025A
2025::ORIGINAL_REPORTED_2025_CAS::CF_CFO,2025,2025A,CF_CFO,CF_CFO,ORIGINAL_REPORTED_2025_CAS::CF_CFO,53345930,RMB_THOUSAND,53345.93,RMB_MILLION,0.001,CAS,CONSOLIDATED,SOURCE,ORIGINAL,UNIT_NORMALIZATION_ONLY,,2025A
2025::ORIGINAL_REPORTED_2025_CAS::CF_CLOSING_CASH,2025,2025A,CF_CLOSING_CASH,CF_CLOSING_CASH,ORIGINAL_REPORTED_2025_CAS::CF_CLOSING_CASH,68508670,RMB_THOUSAND,68508.67,RMB_MILLION,0.001,CAS,CONSOLIDATED,SOURCE,ORIGINAL,UNIT_NORMALIZATION_ONLY,,2025A
2025::ORIGINAL_REPORTED_2025_CAS::CF_CUSTOMER_DEPOSITS_DECREASE,2025,2025A,CF_CUSTOMER_DEPOSITS_DECREASE,CF_CUSTOMER_DEPOSITS_DECREASE,ORIGINAL_REPORTED_2025_CAS::CF_CUSTOMER_DEPOSITS_DECREASE,-3234,RMB_THOUSAND,-3.234,RMB_MILLION,0.001,CAS,CONSOLIDATED,SOURCE,ORIGINAL,UNIT_NORMALIZATION_ONLY,,2025A
2025::ORIGINAL_REPORTED_2025_CAS::CF_CUSTOMER_DEPOSITS_INCREASE,2025,2025A,CF_CUSTOMER_DEPOSITS_INCREASE,CF_CUSTOMER_DEPOSITS_INCREASE,ORIGINAL_REPORTED_2025_CAS::CF_CUSTOMER_DEPOSITS_INCREASE,0,RMB_THOUSAND,0,RMB_MILLION,0.001,CAS,CONSOLIDATED,SOURCE,ORIGINAL,UNIT_NORMALIZATION_ONLY,,2025A
2025::ORIGINAL_REPORTED_2025_CAS::CF_DEBT_PROCEEDS,2025,2025A,CF_DEBT_PROCEEDS,CF_DEBT_PROCEEDS,ORIGINAL_REPORTED_2025_CAS::CF_DEBT_PROCEEDS,88859535,RMB_THOUSAND,88859.535,RMB_MILLION,0.001,CAS,CONSOLIDATED,SOURCE,ORIGINAL,UNIT_NORMALIZATION_ONLY,,2025A
2025::ORIGINAL_REPORTED_2025_CAS::CF_DEBT_REPAYMENTS,2025,2025A,CF_DEBT_REPAYMENTS,CF_DEBT_REPAYMENTS,ORIGINAL_REPORTED_2025_CAS::CF_DEBT_REPAYMENTS,-112064327,RMB_THOUSAND,-112064.327,RMB_MILLION,0.001,CAS,CONSOLIDATED,SOURCE,ORIGINAL,UNIT_NORMALIZATION_ONLY,,2025A
2025::ORIGINAL_REPORTED_2025_CAS::CF_DIVIDENDS_INTEREST,2025,2025A,CF_DIVIDENDS_INTEREST,CF_DIVIDENDS_INTEREST,ORIGINAL_REPORTED_2025_CAS::CF_DIVIDENDS_INTEREST,-33080135,RMB_THOUSAND,-33080.135,RMB_MILLION,0.001,CAS,CONSOLIDATED,SOURCE,ORIGINAL,UNIT_NORMALIZATION_ONLY,,2025A
2025::ORIGINAL_REPORTED_2025_CAS::CF_DIVIDENDS_PAID,2025,2025A,CF_DIVIDENDS_PAID,CF_DIVIDENDS_PAID,ORIGINAL_REPORTED_2025_CAS::CF_DIVIDENDS_PAID,-31036359,RMB_THOUSAND,-31036.359,RMB_MILLION,0.001,CAS,CONSOLIDATED,DERIVED,ORIGINAL,UNIT_NORMALIZATION_ONLY,,2025A
2025::ORIGINAL_REPORTED_2025_CAS::CF_FINANCING_INFLOW,2025,2025A,CF_FINANCING_INFLOW,CF_FINANCING_INFLOW,ORIGINAL_REPORTED_2025_CAS::CF_FINANCING_INFLOW,93615293,RMB_THOUSAND,93615.293,RMB_MILLION,0.001,CAS,CONSOLIDATED,DERIVED,ORIGINAL,UNIT_NORMALIZATION_ONLY,,2025A
2025::ORIGINAL_REPORTED_2025_CAS::CF_FINANCING_OUTFLOW,2025,2025A,CF_FINANCING_OUTFLOW,CF_FINANCING_OUTFLOW,ORIGINAL_REPORTED_2025_CAS::CF_FINANCING_OUTFLOW,-158573072,RMB_THOUSAND,-158573.072,RMB_MILLION,0.001,CAS,CONSOLIDATED,DERIVED,ORIGINAL,UNIT_NORMALIZATION_ONLY,,2025A
2025::ORIGINAL_REPORTED_2025_CAS::CF_FIXED_ASSET_DISPOSAL_PROCEEDS,2025,2025A,CF_FIXED_ASSET_DISPOSAL_PROCEEDS,CF_FIXED_ASSET_DISPOSAL_PROCEEDS,ORIGINAL_REPORTED_2025_CAS::CF_FIXED_ASSET_DISPOSAL_PROCEEDS,475524,RMB_THOUSAND,475.524,RMB_MILLION,0.001,CAS,CONSOLIDATED,SOURCE,ORIGINAL,UNIT_NORMALIZATION_ONLY,,2025A
2025::ORIGINAL_REPORTED_2025_CAS::CF_FX_EFFECT,2025,2025A,CF_FX_EFFECT,CF_FX_EFFECT,ORIGINAL_REPORTED_2025_CAS::CF_FX_EFFECT,-338482,RMB_THOUSAND,-338.482,RMB_MILLION,0.001,CAS,CONSOLIDATED,SOURCE,ORIGINAL,UNIT_NORMALIZATION_ONLY,,2025A
2025::ORIGINAL_REPORTED_2025_CAS::CF_INTEREST_FEES_PAID,2025,2025A,CF_INTEREST_FEES_PAID,CF_INTEREST_FEES_PAID,ORIGINAL_REPORTED_2025_CAS::CF_INTEREST_FEES_PAID,-1917,RMB_THOUSAND,-1.917,RMB_MILLION,0.001,CAS,CONSOLIDATED,SOURCE,ORIGINAL,UNIT_NORMALIZATION_ONLY,,2025A
2025::ORIGINAL_REPORTED_2025_CAS::CF_INTEREST_FEES_RECEIVED,2025,2025A,CF_INTEREST_FEES_RECEIVED,CF_INTEREST_FEES_RECEIVED,ORIGINAL_REPORTED_2025_CAS::CF_INTEREST_FEES_RECEIVED,2034350,RMB_THOUSAND,2034.35,RMB_MILLION,0.001,CAS,CONSOLIDATED,SOURCE,ORIGINAL,UNIT_NORMALIZATION_ONLY,,2025A
2025::ORIGINAL_REPORTED_2025_CAS::CF_INTEREST_PAID,2025,2025A,CF_INTEREST_PAID,CF_INTEREST_PAID,ORIGINAL_REPORTED_2025_CAS::CF_INTEREST_PAID,-2043776,RMB_THOUSAND,-2043.776,RMB_MILLION,0.001,CAS,CONSOLIDATED,SOURCE,ORIGINAL,UNIT_NORMALIZATION_ONLY,,2025A
2025::ORIGINAL_REPORTED_2025_CAS::CF_INVESTING_INFLOW,2025,2025A,CF_INVESTING_INFLOW,CF_INVESTING_INFLOW,ORIGINAL_REPORTED_2025_CAS::CF_INVESTING_INFLOW,207639281,RMB_THOUSAND,207639.281,RMB_MILLION,0.001,CAS,CONSOLIDATED,DERIVED,ORIGINAL,UNIT_NORMALIZATION_ONLY,,2025A
2025::ORIGINAL_REPORTED_2025_CAS::CF_INVESTING_OUTFLOW,2025,2025A,CF_INVESTING_OUTFLOW,CF_INVESTING_OUTFLOW,ORIGINAL_REPORTED_2025_CAS::CF_INVESTING_OUTFLOW,-182299008,RMB_THOUSAND,-182299.008,RMB_MILLION,0.001,CAS,CONSOLIDATED,DERIVED,ORIGINAL,UNIT_NORMALIZATION_ONLY,,2025A
2025::ORIGINAL_REPORTED_2025_CAS::CF_INVESTMENT_PROCEEDS,2025,2025A,CF_INVESTMENT_PROCEEDS,CF_INVESTMENT_PROCEEDS,ORIGINAL_REPORTED_2025_CAS::CF_INVESTMENT_PROCEEDS,197531961,RMB_THOUSAND,197531.961,RMB_MILLION,0.001,CAS,CONSOLIDATED,SOURCE,ORIGINAL,UNIT_NORMALIZATION_ONLY,,2025A
2025::ORIGINAL_REPORTED_2025_CAS::CF_INVESTMENT_PURCHASES,2025,2025A,CF_INVESTMENT_PURCHASES,CF_INVESTMENT_PURCHASES,ORIGINAL_REPORTED_2025_CAS::CF_INVESTMENT_PURCHASES,-164904908,RMB_THOUSAND,-164904.908,RMB_MILLION,0.001,CAS,CONSOLIDATED,SOURCE,ORIGINAL,UNIT_NORMALIZATION_ONLY,,2025A
2025::ORIGINAL_REPORTED_2025_CAS::CF_INVESTMENT_RETURNS,2025,2025A,CF_INVESTMENT_RETURNS,CF_INVESTMENT_RETURNS,ORIGINAL_REPORTED_2025_CAS::CF_INVESTMENT_RETURNS,9200825,RMB_THOUSAND,9200.825,RMB_MILLION,0.001,CAS,CONSOLIDATED,SOURCE,ORIGINAL,UNIT_NORMALIZATION_ONLY,,2025A
2025::ORIGINAL_REPORTED_2025_CAS::CF_LEASE_FINANCING_PAYMENTS,2025,2025A,CF_LEASE_FINANCING_PAYMENTS,CF_LEASE_FINANCING_PAYMENTS,ORIGINAL_REPORTED_2025_CAS::CF_LEASE_FINANCING_PAYMENTS,1587045,RMB_THOUSAND,1587.045,RMB_MILLION,0.001,CAS,CONSOLIDATED,DERIVED,ORIGINAL,UNIT_NORMALIZATION_ONLY,,2025A
2025::ORIGINAL_REPORTED_2025_CAS::CF_LEASE_PAYMENTS,2025,2025A,CF_LEASE_PAYMENTS,CF_LEASE_PAYMENTS,ORIGINAL_REPORTED_2025_CAS::CF_LEASE_PAYMENTS,1587045,RMB_THOUSAND,1587.045,RMB_MILLION,0.001,CAS,CONSOLIDATED,SOURCE,ORIGINAL,UNIT_NORMALIZATION_ONLY,,2025A
2025::ORIGINAL_REPORTED_2025_CAS::CF_LOANS_ADVANCES_DECREASE,2025,2025A,CF_LOANS_ADVANCES_DECREASE,CF_LOANS_ADVANCES_DECREASE,ORIGINAL_REPORTED_2025_CAS::CF_LOANS_ADVANCES_DECREASE,0,RMB_THOUSAND,0,RMB_MILLION,0.001,CAS,CONSOLIDATED,SOURCE,ORIGINAL,UNIT_NORMALIZATION_ONLY,,2025A
2025::ORIGINAL_REPORTED_2025_CAS::CF_LOANS_ADVANCES_INCREASE,2025,2025A,CF_LOANS_ADVANCES_INCREASE,CF_LOANS_ADVANCES_INCREASE,ORIGINAL_REPORTED_2025_CAS::CF_LOANS_ADVANCES_INCREASE,-1016970,RMB_THOUSAND,-1016.97,RMB_MILLION,0.001,CAS,CONSOLIDATED,SOURCE,ORIGINAL,UNIT_NORMALIZATION_ONLY,,2025A
2025::ORIGINAL_REPORTED_2025_CAS::CF_MINORITY_ACQUISITIONS,2025,2025A,CF_MINORITY_ACQUISITIONS,CF_MINORITY_ACQUISITIONS,ORIGINAL_REPORTED_2025_CAS::CF_MINORITY_ACQUISITIONS,142865,RMB_THOUSAND,142.865,RMB_MILLION,0.001,CAS,CONSOLIDATED,SOURCE,ORIGINAL,UNIT_NORMALIZATION_ONLY,,2025A
2025::ORIGINAL_REPORTED_2025_CAS::CF_MINORITY_CAPITAL_CONTRIBUTIONS,2025,2025A,CF_MINORITY_CAPITAL_CONTRIBUTIONS,CF_MINORITY_CAPITAL_CONTRIBUTIONS,ORIGINAL_REPORTED_2025_CAS::CF_MINORITY_CAPITAL_CONTRIBUTIONS,2018304,RMB_THOUSAND,2018.304,RMB_MILLION,0.001,CAS,CONSOLIDATED,SOURCE,ORIGINAL,UNIT_NORMALIZATION_ONLY,,2025A
2025::ORIGINAL_REPORTED_2025_CAS::CF_MINORITY_DIVIDENDS,2025,2025A,CF_MINORITY_DIVIDENDS,CF_MINORITY_DIVIDENDS,ORIGINAL_REPORTED_2025_CAS::CF_MINORITY_DIVIDENDS,-549386,RMB_THOUSAND,-549.386,RMB_MILLION,0.001,CAS,CONSOLIDATED,SOURCE,ORIGINAL,UNIT_NORMALIZATION_ONLY,,2025A
2025::ORIGINAL_REPORTED_2025_CAS::CF_NET_CHANGE_CASH,2025,2025A,CF_NET_CHANGE_CASH,CF_NET_CHANGE_CASH,ORIGINAL_REPORTED_2025_CAS::CF_NET_CHANGE_CASH,13389942,RMB_THOUSAND,13389.942,RMB_MILLION,0.001,CAS,CONSOLIDATED,SOURCE,ORIGINAL,UNIT_NORMALIZATION_ONLY,,2025A
2025::ORIGINAL_REPORTED_2025_CAS::CF_OPENING_CASH,2025,2025A,CF_OPENING_CASH,CF_OPENING_CASH,ORIGINAL_REPORTED_2025_CAS::CF_OPENING_CASH,55118728,RMB_THOUSAND,55118.728,RMB_MILLION,0.001,CAS,CONSOLIDATED,SOURCE,ORIGINAL,UNIT_NORMALIZATION_ONLY,,2025A
2025::ORIGINAL_REPORTED_2025_CAS::CF_OPERATING_INFLOW,2025,2025A,CF_OPERATING_INFLOW,CF_OPERATING_INFLOW,ORIGINAL_REPORTED_2025_CAS::CF_OPERATING_INFLOW,449542460,RMB_THOUSAND,449542.46,RMB_MILLION,0.001,CAS,CONSOLIDATED,DERIVED,ORIGINAL,UNIT_NORMALIZATION_ONLY,,2025A
2025::ORIGINAL_REPORTED_2025_CAS::CF_OPERATING_OUTFLOW,2025,2025A,CF_OPERATING_OUTFLOW,CF_OPERATING_OUTFLOW,ORIGINAL_REPORTED_2025_CAS::CF_OPERATING_OUTFLOW,-396196530,RMB_THOUSAND,-396196.53,RMB_MILLION,0.001,CAS,CONSOLIDATED,DERIVED,ORIGINAL,UNIT_NORMALIZATION_ONLY,,2025A
2025::ORIGINAL_REPORTED_2025_CAS::CF_OTHER_FINANCING_PAYMENTS,2025,2025A,CF_OTHER_FINANCING_PAYMENTS,CF_OTHER_FINANCING_PAYMENTS,ORIGINAL_REPORTED_2025_CAS::CF_OTHER_FINANCING_PAYMENTS,-13428610,RMB_THOUSAND,-13428.61,RMB_MILLION,0.001,CAS,CONSOLIDATED,SOURCE,ORIGINAL,UNIT_NORMALIZATION_ONLY,,2025A
2025::ORIGINAL_REPORTED_2025_CAS::CF_OTHER_FINANCING_RECEIPTS,2025,2025A,CF_OTHER_FINANCING_RECEIPTS,CF_OTHER_FINANCING_RECEIPTS,ORIGINAL_REPORTED_2025_CAS::CF_OTHER_FINANCING_RECEIPTS,29867,RMB_THOUSAND,29.867,RMB_MILLION,0.001,CAS,CONSOLIDATED,SOURCE,ORIGINAL,UNIT_NORMALIZATION_ONLY,,2025A
2025::ORIGINAL_REPORTED_2025_CAS::CF_OTHER_INVESTING_PAYMENTS,2025,2025A,CF_OTHER_INVESTING_PAYMENTS,CF_OTHER_INVESTING_PAYMENTS,ORIGINAL_REPORTED_2025_CAS::CF_OTHER_INVESTING_PAYMENTS,-97075,RMB_THOUSAND,-97.075,RMB_MILLION,0.001,CAS,CONSOLIDATED,SOURCE,ORIGINAL,UNIT_NORMALIZATION_ONLY,,2025A
2025::ORIGINAL_REPORTED_2025_CAS::CF_OTHER_INVESTING_RECEIPTS,2025,2025A,CF_OTHER_INVESTING_RECEIPTS,CF_OTHER_INVESTING_RECEIPTS,ORIGINAL_REPORTED_2025_CAS::CF_OTHER_INVESTING_RECEIPTS,65997,RMB_THOUSAND,65.997,RMB_MILLION,0.001,CAS,CONSOLIDATED,SOURCE,ORIGINAL,UNIT_NORMALIZATION_ONLY,,2025A
2025::ORIGINAL_REPORTED_2025_CAS::CF_OTHER_OPERATING_PAYMENTS,2025,2025A,CF_OTHER_OPERATING_PAYMENTS,CF_OTHER_OPERATING_PAYMENTS,ORIGINAL_REPORTED_2025_CAS::CF_OTHER_OPERATING_PAYMENTS,-49273141,RMB_THOUSAND,-49273.141,RMB_MILLION,0.001,CAS,CONSOLIDATED,SOURCE,ORIGINAL,UNIT_NORMALIZATION_ONLY,,2025A
2025::ORIGINAL_REPORTED_2025_CAS::CF_OTHER_OPERATING_RECEIPTS,2025,2025A,CF_OTHER_OPERATING_RECEIPTS,CF_OTHER_OPERATING_RECEIPTS,ORIGINAL_REPORTED_2025_CAS::CF_OTHER_OPERATING_RECEIPTS,8018383,RMB_THOUSAND,8018.383,RMB_MILLION,0.001,CAS,CONSOLIDATED,SOURCE,ORIGINAL,UNIT_NORMALIZATION_ONLY,,2025A
2025::ORIGINAL_REPORTED_2025_CAS::CF_SHARE_REPURCHASES,2025,2025A,CF_SHARE_REPURCHASES,CF_SHARE_REPURCHASES,ORIGINAL_REPORTED_2025_CAS::CF_SHARE_REPURCHASES,11698700,RMB_THOUSAND,11698.7,RMB_MILLION,0.001,CAS,CONSOLIDATED,SOURCE,ORIGINAL,UNIT_NORMALIZATION_ONLY,,2025A
2025::ORIGINAL_REPORTED_2025_CAS::CF_SUBSIDIARY_DISPOSAL_PROCEEDS,2025,2025A,CF_SUBSIDIARY_DISPOSAL_PROCEEDS,CF_SUBSIDIARY_DISPOSAL_PROCEEDS,ORIGINAL_REPORTED_2025_CAS::CF_SUBSIDIARY_DISPOSAL_PROCEEDS,364974,RMB_THOUSAND,364.974,RMB_MILLION,0.001,CAS,CONSOLIDATED,SOURCE,ORIGINAL,UNIT_NORMALIZATION_ONLY,,2025A
2025::ORIGINAL_REPORTED_2025_CAS::CF_TAXES_PAID,2025,2025A,CF_TAXES_PAID,CF_TAXES_PAID,ORIGINAL_REPORTED_2025_CAS::CF_TAXES_PAID,-20316919,RMB_THOUSAND,-20316.919,RMB_MILLION,0.001,CAS,CONSOLIDATED,SOURCE,ORIGINAL,UNIT_NORMALIZATION_ONLY,,2025A
2025::ORIGINAL_REPORTED_2025_CAS::CF_TAX_REFUNDS,2025,2025A,CF_TAX_REFUNDS,CF_TAX_REFUNDS,ORIGINAL_REPORTED_2025_CAS::CF_TAX_REFUNDS,11569973,RMB_THOUSAND,11569.973,RMB_MILLION,0.001,CAS,CONSOLIDATED,SOURCE,ORIGINAL,UNIT_NORMALIZATION_ONLY,,2025A
2025::ORIGINAL_REPORTED_2025_CAS::CLOSING_A_SHARES,2025,2025A,CLOSING_A_SHARES,CLOSING_A_SHARES,ORIGINAL_REPORTED_2025_CAS::CLOSING_A_SHARES,6946296846,SHARES,6946296846,SHARES,1,CAS,COMPANY,SOURCE,ORIGINAL,UNIT_NORMALIZATION_ONLY,,2025A
2025::ORIGINAL_REPORTED_2025_CAS::CLOSING_H_SHARES,2025,2025A,CLOSING_H_SHARES,CLOSING_H_SHARES,ORIGINAL_REPORTED_2025_CAS::CLOSING_H_SHARES,650848500,SHARES,650848500,SHARES,1,CAS,COMPANY,SOURCE,ORIGINAL,UNIT_NORMALIZATION_ONLY,,2025A
2025::ORIGINAL_REPORTED_2025_CAS::CLOSING_TOTAL_CAPITAL_RMB,2025,2025A,CLOSING_TOTAL_CAPITAL_RMB,CLOSING_TOTAL_CAPITAL_RMB,ORIGINAL_REPORTED_2025_CAS::CLOSING_TOTAL_CAPITAL_RMB,7597145346,RMB,7597145346,RMB,1,CAS,COMPANY,SOURCE,ORIGINAL,UNIT_NORMALIZATION_ONLY,,2025A
2025::ORIGINAL_REPORTED_2025_CAS::COMP_OTHER_CASH,2025,2025A,COMP_OTHER_CASH,COMP_OTHER_CASH,ORIGINAL_REPORTED_2025_CAS::COMP_OTHER_CASH,4213878,RMB_THOUSAND,4213.878,RMB_MILLION,0.001,CAS,CONSOLIDATED,SOURCE,ORIGINAL,UNIT_NORMALIZATION_ONLY,,2025A
2025::ORIGINAL_REPORTED_2025_CAS::COMP_PPE_ACQUISITION,2025,2025A,COMP_PPE_ACQUISITION,COMP_PPE_ACQUISITION,ORIGINAL_REPORTED_2025_CAS::COMP_PPE_ACQUISITION,3647387,RMB_THOUSAND,3647.387,RMB_MILLION,0.001,CAS,CONSOLIDATED,SOURCE,ORIGINAL,UNIT_NORMALIZATION_ONLY,,2025A
2025::ORIGINAL_REPORTED_2025_CAS::COMP_PPE_CIP,2025,2025A,COMP_PPE_CIP,COMP_PPE_CIP,ORIGINAL_REPORTED_2025_CAS::COMP_PPE_CIP,6634166,RMB_THOUSAND,6634.166,RMB_MILLION,0.001,CAS,CONSOLIDATED,SOURCE,ORIGINAL,UNIT_NORMALIZATION_ONLY,,2025A
2025::ORIGINAL_REPORTED_2025_CAS::COMP_PPE_OTHER,2025,2025A,COMP_PPE_OTHER,COMP_PPE_OTHER,ORIGINAL_REPORTED_2025_CAS::COMP_PPE_OTHER,32573,RMB_THOUSAND,32.573,RMB_MILLION,0.001,CAS,CONSOLIDATED,SOURCE,ORIGINAL,UNIT_NORMALIZATION_ONLY,,2025A
2025::ORIGINAL_REPORTED_2025_CAS::COMP_PPE_PURCHASE,2025,2025A,COMP_PPE_PURCHASE,COMP_PPE_PURCHASE,ORIGINAL_REPORTED_2025_CAS::COMP_PPE_PURCHASE,7426980,RMB_THOUSAND,7426.98,RMB_MILLION,0.001,CAS,CONSOLIDATED,SOURCE,ORIGINAL,UNIT_NORMALIZATION_ONLY,,2025A
2025::ORIGINAL_REPORTED_2025_CAS::COMP_READILY_DRAWABLE_OTHER_CASH,2025,2025A,COMP_READILY_DRAWABLE_OTHER_CASH,COMP_READILY_DRAWABLE_OTHER_CASH,ORIGINAL_REPORTED_2025_CAS::COMP_READILY_DRAWABLE_OTHER_CASH,249709,RMB_THOUSAND,249.709,RMB_MILLION,0.001,CAS,CONSOLIDATED,SOURCE,ORIGINAL,UNIT_NORMALIZATION_ONLY,,2025A
2025::ORIGINAL_REPORTED_2025_CAS::COMP_ROU_ACQUISITION,2025,2025A,COMP_ROU_ACQUISITION,COMP_ROU_ACQUISITION,ORIGINAL_REPORTED_2025_CAS::COMP_ROU_ACQUISITION,409751,RMB_THOUSAND,409.751,RMB_MILLION,0.001,CAS,CONSOLIDATED,SOURCE,ORIGINAL,UNIT_NORMALIZATION_ONLY,,2025A
2025::ORIGINAL_REPORTED_2025_CAS::COMP_ROU_DISPOSAL_COST,2025,2025A,COMP_ROU_DISPOSAL_COST,COMP_ROU_DISPOSAL_COST,ORIGINAL_REPORTED_2025_CAS::COMP_ROU_DISPOSAL_COST,-1193052,RMB_THOUSAND,-1193.052,RMB_MILLION,0.001,CAS,CONSOLIDATED,SOURCE,ORIGINAL,UNIT_NORMALIZATION_ONLY,,2025A
2025::ORIGINAL_REPORTED_2025_CAS::COMP_ROU_DISPOSAL_DEPRECIATION,2025,2025A,COMP_ROU_DISPOSAL_DEPRECIATION,COMP_ROU_DISPOSAL_DEPRECIATION,ORIGINAL_REPORTED_2025_CAS::COMP_ROU_DISPOSAL_DEPRECIATION,-1193052,RMB_THOUSAND,-1193.052,RMB_MILLION,0.001,CAS,CONSOLIDATED,SOURCE,ORIGINAL,UNIT_NORMALIZATION_ONLY,,2025A
2025::ORIGINAL_REPORTED_2025_CAS::COMP_ROU_FX_COST,2025,2025A,COMP_ROU_FX_COST,COMP_ROU_FX_COST,ORIGINAL_REPORTED_2025_CAS::COMP_ROU_FX_COST,75013,RMB_THOUSAND,75.013,RMB_MILLION,0.001,CAS,CONSOLIDATED,SOURCE,ORIGINAL,UNIT_NORMALIZATION_ONLY,,2025A
2025::ORIGINAL_REPORTED_2025_CAS::COMP_ROU_FX_DEPRECIATION,2025,2025A,COMP_ROU_FX_DEPRECIATION,COMP_ROU_FX_DEPRECIATION,ORIGINAL_REPORTED_2025_CAS::COMP_ROU_FX_DEPRECIATION,38793,RMB_THOUSAND,38.793,RMB_MILLION,0.001,CAS,CONSOLIDATED,SOURCE,ORIGINAL,UNIT_NORMALIZATION_ONLY,,2025A
2025::ORIGINAL_REPORTED_2025_CAS::COMP_ROU_MODIFICATION_DECREASE,2025,2025A,COMP_ROU_MODIFICATION_DECREASE,COMP_ROU_MODIFICATION_DECREASE,ORIGINAL_REPORTED_2025_CAS::COMP_ROU_MODIFICATION_DECREASE,-838205,RMB_THOUSAND,-838.205,RMB_MILLION,0.001,CAS,CONSOLIDATED,SOURCE,ORIGINAL,UNIT_NORMALIZATION_ONLY,,2025A
2025::ORIGINAL_REPORTED_2025_CAS::COMP_ROU_MODIFICATION_DEPRECIATION,2025,2025A,COMP_ROU_MODIFICATION_DEPRECIATION,COMP_ROU_MODIFICATION_DEPRECIATION,ORIGINAL_REPORTED_2025_CAS::COMP_ROU_MODIFICATION_DEPRECIATION,-111175,RMB_THOUSAND,-111.175,RMB_MILLION,0.001,CAS,CONSOLIDATED,SOURCE,ORIGINAL,UNIT_NORMALIZATION_ONLY,,2025A
2025::ORIGINAL_REPORTED_2025_CAS::COMP_ROU_MODIFICATION_INCREASE,2025,2025A,COMP_ROU_MODIFICATION_INCREASE,COMP_ROU_MODIFICATION_INCREASE,ORIGINAL_REPORTED_2025_CAS::COMP_ROU_MODIFICATION_INCREASE,298963,RMB_THOUSAND,298.963,RMB_MILLION,0.001,CAS,CONSOLIDATED,SOURCE,ORIGINAL,UNIT_NORMALIZATION_ONLY,,2025A
2025::ORIGINAL_REPORTED_2025_CAS::COMP_ROU_NEW_LEASES,2025,2025A,COMP_ROU_NEW_LEASES,COMP_ROU_NEW_LEASES,ORIGINAL_REPORTED_2025_CAS::COMP_ROU_NEW_LEASES,1906822,RMB_THOUSAND,1906.822,RMB_MILLION,0.001,CAS,CONSOLIDATED,SOURCE,ORIGINAL,UNIT_NORMALIZATION_ONLY,,2025A
2025::ORIGINAL_REPORTED_2025_CAS::COMP_STATUTORY_CASH,2025,2025A,COMP_STATUTORY_CASH,COMP_STATUTORY_CASH,ORIGINAL_REPORTED_2025_CAS::COMP_STATUTORY_CASH,751376,RMB_THOUSAND,751.376,RMB_MILLION,0.001,CAS,CONSOLIDATED,SOURCE,ORIGINAL,UNIT_NORMALIZATION_ONLY,,2025A
2025::ORIGINAL_REPORTED_2025_CAS::COMP_TERM_BANK,2025,2025A,COMP_TERM_BANK,COMP_TERM_BANK,ORIGINAL_REPORTED_2025_CAS::COMP_TERM_BANK,5302036,RMB_THOUSAND,5302.036,RMB_MILLION,0.001,CAS,CONSOLIDATED,SOURCE,ORIGINAL,UNIT_NORMALIZATION_ONLY,,2025A
2025::ORIGINAL_REPORTED_2025_CAS::COMP_TERM_INTERBANK,2025,2025A,COMP_TERM_INTERBANK,COMP_TERM_INTERBANK,ORIGINAL_REPORTED_2025_CAS::COMP_TERM_INTERBANK,6640576,RMB_THOUSAND,6640.576,RMB_MILLION,0.001,CAS,CONSOLIDATED,SOURCE,ORIGINAL,UNIT_NORMALIZATION_ONLY,,2025A
2025::ORIGINAL_REPORTED_2025_CAS::DEBT_MOVEMENT_BANK_OTHER_CLOSING,2025,2025A,DEBT_MOVEMENT_BANK_OTHER_CLOSING,DEBT_MOVEMENT_BANK_OTHER_CLOSING,ORIGINAL_REPORTED_2025_CAS::DEBT_MOVEMENT_BANK_OTHER_CLOSING,61080579,RMB_THOUSAND,61080.579,RMB_MILLION,0.001,CAS,CONSOLIDATED,SOURCE,ORIGINAL,UNIT_NORMALIZATION_ONLY,,2025A
2025::ORIGINAL_REPORTED_2025_CAS::DEBT_MOVEMENT_BANK_OTHER_FINANCING_CASH,2025,2025A,DEBT_MOVEMENT_BANK_OTHER_FINANCING_CASH,DEBT_MOVEMENT_BANK_OTHER_FINANCING_CASH,ORIGINAL_REPORTED_2025_CAS::DEBT_MOVEMENT_BANK_OTHER_FINANCING_CASH,-23204792,RMB_THOUSAND,-23204.792,RMB_MILLION,0.001,CAS,CONSOLIDATED,SOURCE,ORIGINAL,UNIT_NORMALIZATION_ONLY,,2025A
2025::ORIGINAL_REPORTED_2025_CAS::DEBT_MOVEMENT_BANK_OTHER_INTEREST_ACCRUED,2025,2025A,DEBT_MOVEMENT_BANK_OTHER_INTEREST_ACCRUED,DEBT_MOVEMENT_BANK_OTHER_INTEREST_ACCRUED,ORIGINAL_REPORTED_2025_CAS::DEBT_MOVEMENT_BANK_OTHER_INTEREST_ACCRUED,1959690,RMB_THOUSAND,1959.69,RMB_MILLION,0.001,CAS,CONSOLIDATED,SOURCE,ORIGINAL,UNIT_NORMALIZATION_ONLY,,2025A
2025::ORIGINAL_REPORTED_2025_CAS::DEBT_MOVEMENT_BANK_OTHER_INTEREST_PAID,2025,2025A,DEBT_MOVEMENT_BANK_OTHER_INTEREST_PAID,DEBT_MOVEMENT_BANK_OTHER_INTEREST_PAID,ORIGINAL_REPORTED_2025_CAS::DEBT_MOVEMENT_BANK_OTHER_INTEREST_PAID,-1950879,RMB_THOUSAND,-1950.879,RMB_MILLION,0.001,CAS,CONSOLIDATED,SOURCE,ORIGINAL,UNIT_NORMALIZATION_ONLY,,2025A
2025::ORIGINAL_REPORTED_2025_CAS::DEBT_MOVEMENT_BANK_OTHER_OPENING,2025,2025A,DEBT_MOVEMENT_BANK_OTHER_OPENING,DEBT_MOVEMENT_BANK_OTHER_OPENING,ORIGINAL_REPORTED_2025_CAS::DEBT_MOVEMENT_BANK_OTHER_OPENING,80245742,RMB_THOUSAND,80245.742,RMB_MILLION,0.001,CAS,CONSOLIDATED,SOURCE,ORIGINAL,UNIT_NORMALIZATION_ONLY,,2025A
2025::ORIGINAL_REPORTED_2025_CAS::DEBT_MOVEMENT_BANK_OTHER_OTHER_NONCASH,2025,2025A,DEBT_MOVEMENT_BANK_OTHER_OTHER_NONCASH,DEBT_MOVEMENT_BANK_OTHER_OTHER_NONCASH,ORIGINAL_REPORTED_2025_CAS::DEBT_MOVEMENT_BANK_OTHER_OTHER_NONCASH,4030818,RMB_THOUSAND,4030.818,RMB_MILLION,0.001,CAS,CONSOLIDATED,SOURCE,ORIGINAL,UNIT_NORMALIZATION_ONLY,,2025A
2025::ORIGINAL_REPORTED_2025_CAS::DEBT_MOVEMENT_BONDS_CLOSING,2025,2025A,DEBT_MOVEMENT_BONDS_CLOSING,DEBT_MOVEMENT_BONDS_CLOSING,ORIGINAL_REPORTED_2025_CAS::DEBT_MOVEMENT_BONDS_CLOSING,3194774,RMB_THOUSAND,3194.774,RMB_MILLION,0.001,CAS,CONSOLIDATED,SOURCE,ORIGINAL,UNIT_NORMALIZATION_ONLY,,2025A
2025::ORIGINAL_REPORTED_2025_CAS::DEBT_MOVEMENT_BONDS_FINANCING_CASH,2025,2025A,DEBT_MOVEMENT_BONDS_FINANCING_CASH,DEBT_MOVEMENT_BONDS_FINANCING_CASH,ORIGINAL_REPORTED_2025_CAS::DEBT_MOVEMENT_BONDS_FINANCING_CASH,0,RMB_THOUSAND,0,RMB_MILLION,0.001,CAS,CONSOLIDATED,SOURCE,ORIGINAL,UNIT_NORMALIZATION_ONLY,,2025A
2025::ORIGINAL_REPORTED_2025_CAS::DEBT_MOVEMENT_BONDS_INTEREST_ACCRUED,2025,2025A,DEBT_MOVEMENT_BONDS_INTEREST_ACCRUED,DEBT_MOVEMENT_BONDS_INTEREST_ACCRUED,ORIGINAL_REPORTED_2025_CAS::DEBT_MOVEMENT_BONDS_INTEREST_ACCRUED,92861,RMB_THOUSAND,92.861,RMB_MILLION,0.001,CAS,CONSOLIDATED,SOURCE,ORIGINAL,UNIT_NORMALIZATION_ONLY,,2025A
2025::ORIGINAL_REPORTED_2025_CAS::DEBT_MOVEMENT_BONDS_INTEREST_PAID,2025,2025A,DEBT_MOVEMENT_BONDS_INTEREST_PAID,DEBT_MOVEMENT_BONDS_INTEREST_PAID,ORIGINAL_REPORTED_2025_CAS::DEBT_MOVEMENT_BONDS_INTEREST_PAID,-92897,RMB_THOUSAND,-92.897,RMB_MILLION,0.001,CAS,CONSOLIDATED,SOURCE,ORIGINAL,UNIT_NORMALIZATION_ONLY,,2025A
2025::ORIGINAL_REPORTED_2025_CAS::DEBT_MOVEMENT_BONDS_OPENING,2025,2025A,DEBT_MOVEMENT_BONDS_OPENING,DEBT_MOVEMENT_BONDS_OPENING,ORIGINAL_REPORTED_2025_CAS::DEBT_MOVEMENT_BONDS_OPENING,3266775,RMB_THOUSAND,3266.775,RMB_MILLION,0.001,CAS,CONSOLIDATED,SOURCE,ORIGINAL,UNIT_NORMALIZATION_ONLY,,2025A
2025::ORIGINAL_REPORTED_2025_CAS::DEBT_MOVEMENT_BONDS_OTHER_NONCASH,2025,2025A,DEBT_MOVEMENT_BONDS_OTHER_NONCASH,DEBT_MOVEMENT_BONDS_OTHER_NONCASH,ORIGINAL_REPORTED_2025_CAS::DEBT_MOVEMENT_BONDS_OTHER_NONCASH,-71965,RMB_THOUSAND,-71.965,RMB_MILLION,0.001,CAS,CONSOLIDATED,SOURCE,ORIGINAL,UNIT_NORMALIZATION_ONLY,,2025A
2025::ORIGINAL_REPORTED_2025_CAS::DEBT_MOVEMENT_LEASES_CLOSING,2025,2025A,DEBT_MOVEMENT_LEASES_CLOSING,DEBT_MOVEMENT_LEASES_CLOSING,ORIGINAL_REPORTED_2025_CAS::DEBT_MOVEMENT_LEASES_CLOSING,3296359,RMB_THOUSAND,3296.359,RMB_MILLION,0.001,CAS,CONSOLIDATED,SOURCE,ORIGINAL,UNIT_NORMALIZATION_ONLY,,2025A
2025::ORIGINAL_REPORTED_2025_CAS::DEBT_MOVEMENT_LEASES_FINANCING_CASH,2025,2025A,DEBT_MOVEMENT_LEASES_FINANCING_CASH,DEBT_MOVEMENT_LEASES_FINANCING_CASH,ORIGINAL_REPORTED_2025_CAS::DEBT_MOVEMENT_LEASES_FINANCING_CASH,-1587045,RMB_THOUSAND,-1587.045,RMB_MILLION,0.001,CAS,CONSOLIDATED,SOURCE,ORIGINAL,UNIT_NORMALIZATION_ONLY,,2025A
2025::ORIGINAL_REPORTED_2025_CAS::DEBT_MOVEMENT_LEASES_INTEREST_ACCRUED,2025,2025A,DEBT_MOVEMENT_LEASES_INTEREST_ACCRUED,DEBT_MOVEMENT_LEASES_INTEREST_ACCRUED,ORIGINAL_REPORTED_2025_CAS::DEBT_MOVEMENT_LEASES_INTEREST_ACCRUED,158780,RMB_THOUSAND,158.78,RMB_MILLION,0.001,CAS,CONSOLIDATED,SOURCE,ORIGINAL,UNIT_NORMALIZATION_ONLY,,2025A
2025::ORIGINAL_REPORTED_2025_CAS::DEBT_MOVEMENT_LEASES_INTEREST_PAID,2025,2025A,DEBT_MOVEMENT_LEASES_INTEREST_PAID,DEBT_MOVEMENT_LEASES_INTEREST_PAID,ORIGINAL_REPORTED_2025_CAS::DEBT_MOVEMENT_LEASES_INTEREST_PAID,0,RMB_THOUSAND,0,RMB_MILLION,0.001,CAS,CONSOLIDATED,SOURCE,ORIGINAL,UNIT_NORMALIZATION_ONLY,,2025A
2025::ORIGINAL_REPORTED_2025_CAS::DEBT_MOVEMENT_LEASES_OPENING,2025,2025A,DEBT_MOVEMENT_LEASES_OPENING,DEBT_MOVEMENT_LEASES_OPENING,ORIGINAL_REPORTED_2025_CAS::DEBT_MOVEMENT_LEASES_OPENING,2947366,RMB_THOUSAND,2947.366,RMB_MILLION,0.001,CAS,CONSOLIDATED,SOURCE,ORIGINAL,UNIT_NORMALIZATION_ONLY,,2025A
2025::ORIGINAL_REPORTED_2025_CAS::DEBT_MOVEMENT_LEASES_OTHER_NONCASH,2025,2025A,DEBT_MOVEMENT_LEASES_OTHER_NONCASH,DEBT_MOVEMENT_LEASES_OTHER_NONCASH,ORIGINAL_REPORTED_2025_CAS::DEBT_MOVEMENT_LEASES_OTHER_NONCASH,1777258,RMB_THOUSAND,1777.258,RMB_MILLION,0.001,CAS,CONSOLIDATED,SOURCE,ORIGINAL,UNIT_NORMALIZATION_ONLY,,2025A
2025::ORIGINAL_REPORTED_2025_CAS::DEBT_MOVEMENT_TOTAL_CLOSING,2025,2025A,DEBT_MOVEMENT_TOTAL_CLOSING,DEBT_MOVEMENT_TOTAL_CLOSING,ORIGINAL_REPORTED_2025_CAS::DEBT_MOVEMENT_TOTAL_CLOSING,67571712,RMB_THOUSAND,67571.712,RMB_MILLION,0.001,CAS,CONSOLIDATED,SOURCE,ORIGINAL,UNIT_NORMALIZATION_ONLY,,2025A
2025::ORIGINAL_REPORTED_2025_CAS::DEBT_MOVEMENT_TOTAL_FINANCING_CASH,2025,2025A,DEBT_MOVEMENT_TOTAL_FINANCING_CASH,DEBT_MOVEMENT_TOTAL_FINANCING_CASH,ORIGINAL_REPORTED_2025_CAS::DEBT_MOVEMENT_TOTAL_FINANCING_CASH,-24791837,RMB_THOUSAND,-24791.837,RMB_MILLION,0.001,CAS,CONSOLIDATED,SOURCE,ORIGINAL,UNIT_NORMALIZATION_ONLY,,2025A
2025::ORIGINAL_REPORTED_2025_CAS::DEBT_MOVEMENT_TOTAL_INTEREST_ACCRUED,2025,2025A,DEBT_MOVEMENT_TOTAL_INTEREST_ACCRUED,DEBT_MOVEMENT_TOTAL_INTEREST_ACCRUED,ORIGINAL_REPORTED_2025_CAS::DEBT_MOVEMENT_TOTAL_INTEREST_ACCRUED,2211331,RMB_THOUSAND,2211.331,RMB_MILLION,0.001,CAS,CONSOLIDATED,SOURCE,ORIGINAL,UNIT_NORMALIZATION_ONLY,,2025A
2025::ORIGINAL_REPORTED_2025_CAS::DEBT_MOVEMENT_TOTAL_INTEREST_PAID,2025,2025A,DEBT_MOVEMENT_TOTAL_INTEREST_PAID,DEBT_MOVEMENT_TOTAL_INTEREST_PAID,ORIGINAL_REPORTED_2025_CAS::DEBT_MOVEMENT_TOTAL_INTEREST_PAID,-2043776,RMB_THOUSAND,-2043.776,RMB_MILLION,0.001,CAS,CONSOLIDATED,SOURCE,ORIGINAL,UNIT_NORMALIZATION_ONLY,,2025A
2025::ORIGINAL_REPORTED_2025_CAS::DEBT_MOVEMENT_TOTAL_OPENING,2025,2025A,DEBT_MOVEMENT_TOTAL_OPENING,DEBT_MOVEMENT_TOTAL_OPENING,ORIGINAL_REPORTED_2025_CAS::DEBT_MOVEMENT_TOTAL_OPENING,86459883,RMB_THOUSAND,86459.883,RMB_MILLION,0.001,CAS,CONSOLIDATED,SOURCE,ORIGINAL,UNIT_NORMALIZATION_ONLY,,2025A
2025::ORIGINAL_REPORTED_2025_CAS::DEBT_MOVEMENT_TOTAL_OTHER_NONCASH,2025,2025A,DEBT_MOVEMENT_TOTAL_OTHER_NONCASH,DEBT_MOVEMENT_TOTAL_OTHER_NONCASH,ORIGINAL_REPORTED_2025_CAS::DEBT_MOVEMENT_TOTAL_OTHER_NONCASH,5736111,RMB_THOUSAND,5736.111,RMB_MILLION,0.001,CAS,CONSOLIDATED,SOURCE,ORIGINAL,UNIT_NORMALIZATION_ONLY,,2025A
2025::ORIGINAL_REPORTED_2025_CAS::DEPRECIATION_AMORTISATION,2025,2025A,DEPRECIATION_AMORTISATION,DEPRECIATION_AMORTISATION,ORIGINAL_REPORTED_2025_CAS::DEPRECIATION_AMORTISATION,9339695,RMB_THOUSAND,9339.695,RMB_MILLION,0.001,CAS,CONSOLIDATED,SOURCE,ORIGINAL,UNIT_NORMALIZATION_ONLY,,2025A
2025::ORIGINAL_REPORTED_2025_CAS::DISCLOSED_LEASE_EQUITY_BRIDGE,2025,2025A,DISCLOSED_LEASE_EQUITY_BRIDGE,DISCLOSED_LEASE_EQUITY_BRIDGE,ORIGINAL_REPORTED_2025_CAS::DISCLOSED_LEASE_EQUITY_BRIDGE,0,RMB_THOUSAND,0,RMB_MILLION,0.001,CAS,CONSOLIDATED,SOURCE,ORIGINAL,UNIT_NORMALIZATION_ONLY,,2025A
2025::ORIGINAL_REPORTED_2025_CAS::DISCLOSED_LEASE_PROFIT_BRIDGE,2025,2025A,DISCLOSED_LEASE_PROFIT_BRIDGE,DISCLOSED_LEASE_PROFIT_BRIDGE,ORIGINAL_REPORTED_2025_CAS::DISCLOSED_LEASE_PROFIT_BRIDGE,0,RMB_THOUSAND,0,RMB_MILLION,0.001,CAS,CONSOLIDATED,SOURCE,ORIGINAL,UNIT_NORMALIZATION_ONLY,,2025A
2025::ORIGINAL_REPORTED_2025_CAS::GEO_MAINLAND_NONCURRENT_ASSETS,2025,2025A,GEO_MAINLAND_NONCURRENT_ASSETS,GEO_MAINLAND_NONCURRENT_ASSETS,ORIGINAL_REPORTED_2025_CAS::GEO_MAINLAND_NONCURRENT_ASSETS,48023123,RMB_THOUSAND,48023.123,RMB_MILLION,0.001,CAS,GEOGRAPHIC_MAINLAND,SOURCE,ORIGINAL,UNIT_NORMALIZATION_ONLY,,2025A
2025::ORIGINAL_REPORTED_2025_CAS::GEO_MAINLAND_REVENUE,2025,2025A,GEO_MAINLAND_REVENUE,GEO_MAINLAND_REVENUE,ORIGINAL_REPORTED_2025_CAS::GEO_MAINLAND_REVENUE,262554714,RMB_THOUSAND,262554.714,RMB_MILLION,0.001,CAS,GEOGRAPHIC_MAINLAND,SOURCE,ORIGINAL,UNIT_NORMALIZATION_ONLY,,2025A
2025::ORIGINAL_REPORTED_2025_CAS::GEO_OVERSEAS_NONCURRENT_ASSETS,2025,2025A,GEO_OVERSEAS_NONCURRENT_ASSETS,GEO_OVERSEAS_NONCURRENT_ASSETS,ORIGINAL_REPORTED_2025_CAS::GEO_OVERSEAS_NONCURRENT_ASSETS,29987101,RMB_THOUSAND,29987.101,RMB_MILLION,0.001,CAS,GEOGRAPHIC_OVERSEAS,SOURCE,ORIGINAL,UNIT_NORMALIZATION_ONLY,,2025A
2025::ORIGINAL_REPORTED_2025_CAS::GEO_OVERSEAS_REVENUE,2025,2025A,GEO_OVERSEAS_REVENUE,GEO_OVERSEAS_REVENUE,ORIGINAL_REPORTED_2025_CAS::GEO_OVERSEAS_REVENUE,195947693,RMB_THOUSAND,195947.693,RMB_MILLION,0.001,CAS,GEOGRAPHIC_OVERSEAS,SOURCE,ORIGINAL,UNIT_NORMALIZATION_ONLY,,2025A
2025::ORIGINAL_REPORTED_2025_CAS::GOODWILL_IMPAIRMENT,2025,2025A,GOODWILL_IMPAIRMENT,GOODWILL_IMPAIRMENT,ORIGINAL_REPORTED_2025_CAS::GOODWILL_IMPAIRMENT,-556411,RMB_THOUSAND,-556.411,RMB_MILLION,0.001,CAS,CONSOLIDATED,SOURCE,ORIGINAL,UNIT_NORMALIZATION_ONLY,,2025A
2025::ORIGINAL_REPORTED_2025_CAS::GOODWILL_KUKA,2025,2025A,GOODWILL_KUKA,GOODWILL_KUKA,ORIGINAL_REPORTED_2025_CAS::GOODWILL_KUKA,23435302,RMB_THOUSAND,23435.302,RMB_MILLION,0.001,CAS,CONSOLIDATED,SOURCE,ORIGINAL,UNIT_NORMALIZATION_ONLY,,2025A
2025::ORIGINAL_REPORTED_2025_CAS::GOODWILL_LITTLE_SWAN,2025,2025A,GOODWILL_LITTLE_SWAN,GOODWILL_LITTLE_SWAN,ORIGINAL_REPORTED_2025_CAS::GOODWILL_LITTLE_SWAN,1361306,RMB_THOUSAND,1361.306,RMB_MILLION,0.001,CAS,CONSOLIDATED,SOURCE,ORIGINAL,UNIT_NORMALIZATION_ONLY,,2025A
2025::ORIGINAL_REPORTED_2025_CAS::GOODWILL_OTHER,2025,2025A,GOODWILL_OTHER,GOODWILL_OTHER,ORIGINAL_REPORTED_2025_CAS::GOODWILL_OTHER,7930808,RMB_THOUSAND,7930.808,RMB_MILLION,0.001,CAS,CONSOLIDATED,SOURCE,ORIGINAL,UNIT_NORMALIZATION_ONLY,,2025A
2025::ORIGINAL_REPORTED_2025_CAS::GOODWILL_TLSC,2025,2025A,GOODWILL_TLSC,GOODWILL_TLSC,ORIGINAL_REPORTED_2025_CAS::GOODWILL_TLSC,2085854,RMB_THOUSAND,2085.854,RMB_MILLION,0.001,CAS,CONSOLIDATED,SOURCE,ORIGINAL,UNIT_NORMALIZATION_ONLY,,2025A
2025::ORIGINAL_REPORTED_2025_CAS::INTANGIBLE_AMORTIZATION_CHARGE,2025,2025A,INTANGIBLE_AMORTIZATION_CHARGE,INTANGIBLE_AMORTIZATION_CHARGE,ORIGINAL_REPORTED_2025_CAS::INTANGIBLE_AMORTIZATION_CHARGE,1501257,RMB_THOUSAND,1501.257,RMB_MILLION,0.001,CAS,CONSOLIDATED,SOURCE,ORIGINAL,UNIT_NORMALIZATION_ONLY,,2025A
2025::ORIGINAL_REPORTED_2025_CAS::INTANGIBLE_AMORTIZATION_CLOSING,2025,2025A,INTANGIBLE_AMORTIZATION_CLOSING,INTANGIBLE_AMORTIZATION_CLOSING,ORIGINAL_REPORTED_2025_CAS::INTANGIBLE_AMORTIZATION_CLOSING,9557522,RMB_THOUSAND,9557.522,RMB_MILLION,0.001,CAS,CONSOLIDATED,SOURCE,ORIGINAL,UNIT_NORMALIZATION_ONLY,,2025A
2025::ORIGINAL_REPORTED_2025_CAS::INTANGIBLE_AMORTIZATION_DISPOSAL,2025,2025A,INTANGIBLE_AMORTIZATION_DISPOSAL,INTANGIBLE_AMORTIZATION_DISPOSAL,ORIGINAL_REPORTED_2025_CAS::INTANGIBLE_AMORTIZATION_DISPOSAL,-637082,RMB_THOUSAND,-637.082,RMB_MILLION,0.001,CAS,CONSOLIDATED,SOURCE,ORIGINAL,UNIT_NORMALIZATION_ONLY,,2025A
2025::ORIGINAL_REPORTED_2025_CAS::INTANGIBLE_AMORTIZATION_FX,2025,2025A,INTANGIBLE_AMORTIZATION_FX,INTANGIBLE_AMORTIZATION_FX,ORIGINAL_REPORTED_2025_CAS::INTANGIBLE_AMORTIZATION_FX,355179,RMB_THOUSAND,355.179,RMB_MILLION,0.001,CAS,CONSOLIDATED,SOURCE,ORIGINAL,UNIT_NORMALIZATION_ONLY,,2025A
2025::ORIGINAL_REPORTED_2025_CAS::INTANGIBLE_AMORTIZATION_OPENING,2025,2025A,INTANGIBLE_AMORTIZATION_OPENING,INTANGIBLE_AMORTIZATION_OPENING,ORIGINAL_REPORTED_2025_CAS::INTANGIBLE_AMORTIZATION_OPENING,8335370,RMB_THOUSAND,8335.37,RMB_MILLION,0.001,CAS,CONSOLIDATED,SOURCE,ORIGINAL,UNIT_NORMALIZATION_ONLY,,2025A
2025::ORIGINAL_REPORTED_2025_CAS::INTANGIBLE_AMORTIZATION_OTHER,2025,2025A,INTANGIBLE_AMORTIZATION_OTHER,INTANGIBLE_AMORTIZATION_OTHER,ORIGINAL_REPORTED_2025_CAS::INTANGIBLE_AMORTIZATION_OTHER,2798,RMB_THOUSAND,2.798,RMB_MILLION,0.001,CAS,CONSOLIDATED,SOURCE,ORIGINAL,UNIT_NORMALIZATION_ONLY,,2025A
2025::ORIGINAL_REPORTED_2025_CAS::INTANGIBLE_COST_ACQUISITION,2025,2025A,INTANGIBLE_COST_ACQUISITION,INTANGIBLE_COST_ACQUISITION,ORIGINAL_REPORTED_2025_CAS::INTANGIBLE_COST_ACQUISITION,4997656,RMB_THOUSAND,4997.656,RMB_MILLION,0.001,CAS,CONSOLIDATED,SOURCE,ORIGINAL,UNIT_NORMALIZATION_ONLY,,2025A
2025::ORIGINAL_REPORTED_2025_CAS::INTANGIBLE_COST_CLOSING,2025,2025A,INTANGIBLE_COST_CLOSING,INTANGIBLE_COST_CLOSING,ORIGINAL_REPORTED_2025_CAS::INTANGIBLE_COST_CLOSING,31571828,RMB_THOUSAND,31571.828,RMB_MILLION,0.001,CAS,CONSOLIDATED,SOURCE,ORIGINAL,UNIT_NORMALIZATION_ONLY,,2025A
2025::ORIGINAL_REPORTED_2025_CAS::INTANGIBLE_COST_DISPOSAL,2025,2025A,INTANGIBLE_COST_DISPOSAL,INTANGIBLE_COST_DISPOSAL,ORIGINAL_REPORTED_2025_CAS::INTANGIBLE_COST_DISPOSAL,-898640,RMB_THOUSAND,-898.64,RMB_MILLION,0.001,CAS,CONSOLIDATED,SOURCE,ORIGINAL,UNIT_NORMALIZATION_ONLY,,2025A
2025::ORIGINAL_REPORTED_2025_CAS::INTANGIBLE_COST_FX,2025,2025A,INTANGIBLE_COST_FX,INTANGIBLE_COST_FX,ORIGINAL_REPORTED_2025_CAS::INTANGIBLE_COST_FX,956935,RMB_THOUSAND,956.935,RMB_MILLION,0.001,CAS,CONSOLIDATED,SOURCE,ORIGINAL,UNIT_NORMALIZATION_ONLY,,2025A
2025::ORIGINAL_REPORTED_2025_CAS::INTANGIBLE_COST_OPENING,2025,2025A,INTANGIBLE_COST_OPENING,INTANGIBLE_COST_OPENING,ORIGINAL_REPORTED_2025_CAS::INTANGIBLE_COST_OPENING,25713813,RMB_THOUSAND,25713.813,RMB_MILLION,0.001,CAS,CONSOLIDATED,SOURCE,ORIGINAL,UNIT_NORMALIZATION_ONLY,,2025A
2025::ORIGINAL_REPORTED_2025_CAS::INTANGIBLE_COST_OTHER,2025,2025A,INTANGIBLE_COST_OTHER,INTANGIBLE_COST_OTHER,ORIGINAL_REPORTED_2025_CAS::INTANGIBLE_COST_OTHER,390422,RMB_THOUSAND,390.422,RMB_MILLION,0.001,CAS,CONSOLIDATED,SOURCE,ORIGINAL,UNIT_NORMALIZATION_ONLY,,2025A
2025::ORIGINAL_REPORTED_2025_CAS::INTANGIBLE_COST_PURCHASE,2025,2025A,INTANGIBLE_COST_PURCHASE,INTANGIBLE_COST_PURCHASE,ORIGINAL_REPORTED_2025_CAS::INTANGIBLE_COST_PURCHASE,411642,RMB_THOUSAND,411.642,RMB_MILLION,0.001,CAS,CONSOLIDATED,SOURCE,ORIGINAL,UNIT_NORMALIZATION_ONLY,,2025A
2025::ORIGINAL_REPORTED_2025_CAS::INTANGIBLE_IMPAIRMENT_CHARGE,2025,2025A,INTANGIBLE_IMPAIRMENT_CHARGE,INTANGIBLE_IMPAIRMENT_CHARGE,ORIGINAL_REPORTED_2025_CAS::INTANGIBLE_IMPAIRMENT_CHARGE,20990,RMB_THOUSAND,20.99,RMB_MILLION,0.001,CAS,CONSOLIDATED,SOURCE,ORIGINAL,UNIT_NORMALIZATION_ONLY,,2025A
2025::ORIGINAL_REPORTED_2025_CAS::INTANGIBLE_IMPAIRMENT_CLOSING,2025,2025A,INTANGIBLE_IMPAIRMENT_CLOSING,INTANGIBLE_IMPAIRMENT_CLOSING,ORIGINAL_REPORTED_2025_CAS::INTANGIBLE_IMPAIRMENT_CLOSING,395446,RMB_THOUSAND,395.446,RMB_MILLION,0.001,CAS,CONSOLIDATED,SOURCE,ORIGINAL,UNIT_NORMALIZATION_ONLY,,2025A
2025::ORIGINAL_REPORTED_2025_CAS::INTANGIBLE_IMPAIRMENT_DISPOSAL,2025,2025A,INTANGIBLE_IMPAIRMENT_DISPOSAL,INTANGIBLE_IMPAIRMENT_DISPOSAL,ORIGINAL_REPORTED_2025_CAS::INTANGIBLE_IMPAIRMENT_DISPOSAL,-67,RMB_THOUSAND,-0.067,RMB_MILLION,0.001,CAS,CONSOLIDATED,SOURCE,ORIGINAL,UNIT_NORMALIZATION_ONLY,,2025A
2025::ORIGINAL_REPORTED_2025_CAS::INTANGIBLE_IMPAIRMENT_FX,2025,2025A,INTANGIBLE_IMPAIRMENT_FX,INTANGIBLE_IMPAIRMENT_FX,ORIGINAL_REPORTED_2025_CAS::INTANGIBLE_IMPAIRMENT_FX,-7135,RMB_THOUSAND,-7.135,RMB_MILLION,0.001,CAS,CONSOLIDATED,SOURCE,ORIGINAL,UNIT_NORMALIZATION_ONLY,,2025A
2025::ORIGINAL_REPORTED_2025_CAS::INTANGIBLE_IMPAIRMENT_OPENING,2025,2025A,INTANGIBLE_IMPAIRMENT_OPENING,INTANGIBLE_IMPAIRMENT_OPENING,ORIGINAL_REPORTED_2025_CAS::INTANGIBLE_IMPAIRMENT_OPENING,369465,RMB_THOUSAND,369.465,RMB_MILLION,0.001,CAS,CONSOLIDATED,SOURCE,ORIGINAL,UNIT_NORMALIZATION_ONLY,,2025A
2025::ORIGINAL_REPORTED_2025_CAS::INTANGIBLE_IMPAIRMENT_OTHER,2025,2025A,INTANGIBLE_IMPAIRMENT_OTHER,INTANGIBLE_IMPAIRMENT_OTHER,ORIGINAL_REPORTED_2025_CAS::INTANGIBLE_IMPAIRMENT_OTHER,12193,RMB_THOUSAND,12.193,RMB_MILLION,0.001,CAS,CONSOLIDATED,SOURCE,ORIGINAL,UNIT_NORMALIZATION_ONLY,,2025A
2025::ORIGINAL_REPORTED_2025_CAS::INVENTORY_ALLOWANCE,2025,2025A,INVENTORY_ALLOWANCE,INVENTORY_ALLOWANCE,ORIGINAL_REPORTED_2025_CAS::INVENTORY_ALLOWANCE,-1099351,RMB_THOUSAND,-1099.351,RMB_MILLION,0.001,CAS,CONSOLIDATED,SOURCE,ORIGINAL,UNIT_NORMALIZATION_ONLY,,2025A
2025::ORIGINAL_REPORTED_2025_CAS::INVENTORY_ALLOWANCE_CHARGE,2025,2025A,INVENTORY_ALLOWANCE_CHARGE,INVENTORY_ALLOWANCE_CHARGE,ORIGINAL_REPORTED_2025_CAS::INVENTORY_ALLOWANCE_CHARGE,695589,RMB_THOUSAND,695.589,RMB_MILLION,0.001,CAS,CONSOLIDATED,SOURCE,ORIGINAL,UNIT_NORMALIZATION_ONLY,,2025A
2025::ORIGINAL_REPORTED_2025_CAS::INVENTORY_ALLOWANCE_CLOSING,2025,2025A,INVENTORY_ALLOWANCE_CLOSING,INVENTORY_ALLOWANCE_CLOSING,ORIGINAL_REPORTED_2025_CAS::INVENTORY_ALLOWANCE_CLOSING,1099351,RMB_THOUSAND,1099.351,RMB_MILLION,0.001,CAS,CONSOLIDATED,SOURCE,ORIGINAL,UNIT_NORMALIZATION_ONLY,,2025A
2025::ORIGINAL_REPORTED_2025_CAS::INVENTORY_ALLOWANCE_FX,2025,2025A,INVENTORY_ALLOWANCE_FX,INVENTORY_ALLOWANCE_FX,ORIGINAL_REPORTED_2025_CAS::INVENTORY_ALLOWANCE_FX,33729,RMB_THOUSAND,33.729,RMB_MILLION,0.001,CAS,CONSOLIDATED,SOURCE,ORIGINAL,UNIT_NORMALIZATION_ONLY,,2025A
2025::ORIGINAL_REPORTED_2025_CAS::INVENTORY_ALLOWANCE_OPENING,2025,2025A,INVENTORY_ALLOWANCE_OPENING,INVENTORY_ALLOWANCE_OPENING,ORIGINAL_REPORTED_2025_CAS::INVENTORY_ALLOWANCE_OPENING,924408,RMB_THOUSAND,924.408,RMB_MILLION,0.001,CAS,CONSOLIDATED,SOURCE,ORIGINAL,UNIT_NORMALIZATION_ONLY,,2025A
2025::ORIGINAL_REPORTED_2025_CAS::INVENTORY_ALLOWANCE_REVERSAL_DISPOSAL,2025,2025A,INVENTORY_ALLOWANCE_REVERSAL_DISPOSAL,INVENTORY_ALLOWANCE_REVERSAL_DISPOSAL,ORIGINAL_REPORTED_2025_CAS::INVENTORY_ALLOWANCE_REVERSAL_DISPOSAL,-554375,RMB_THOUSAND,-554.375,RMB_MILLION,0.001,CAS,CONSOLIDATED,SOURCE,ORIGINAL,UNIT_NORMALIZATION_ONLY,,2025A
2025::ORIGINAL_REPORTED_2025_CAS::INVENTORY_GROSS,2025,2025A,INVENTORY_GROSS,INVENTORY_GROSS,ORIGINAL_REPORTED_2025_CAS::INVENTORY_GROSS,65728185,RMB_THOUSAND,65728.185,RMB_MILLION,0.001,CAS,CONSOLIDATED,SOURCE,ORIGINAL,UNIT_NORMALIZATION_ONLY,,2025A
2025::ORIGINAL_REPORTED_2025_CAS::INVENTORY_NET,2025,2025A,INVENTORY_NET,INVENTORY_NET,ORIGINAL_REPORTED_2025_CAS::INVENTORY_NET,64628834,RMB_THOUSAND,64628.834,RMB_MILLION,0.001,CAS,CONSOLIDATED,SOURCE,ORIGINAL,UNIT_NORMALIZATION_ONLY,,2025A
2025::ORIGINAL_REPORTED_2025_CAS::IS_ADJUSTED_ATTRIBUTABLE_NI,2025,2025A,IS_ADJUSTED_ATTRIBUTABLE_NI,IS_ADJUSTED_ATTRIBUTABLE_NI,ORIGINAL_REPORTED_2025_CAS::IS_ADJUSTED_ATTRIBUTABLE_NI,41267233,RMB_THOUSAND,41267.233,RMB_MILLION,0.001,CAS,CONSOLIDATED,DERIVED,ORIGINAL,UNIT_NORMALIZATION_ONLY,,2025A
2025::ORIGINAL_REPORTED_2025_CAS::IS_ADMIN_EXPENSE,2025,2025A,IS_ADMIN_EXPENSE,IS_ADMIN_EXPENSE,ORIGINAL_REPORTED_2025_CAS::IS_ADMIN_EXPENSE,-16092311,RMB_THOUSAND,-16092.311,RMB_MILLION,0.001,CAS,CONSOLIDATED,SOURCE,ORIGINAL,UNIT_NORMALIZATION_ONLY,,2025A
2025::ORIGINAL_REPORTED_2025_CAS::IS_ASSET_DISPOSAL,2025,2025A,IS_ASSET_DISPOSAL,IS_ASSET_DISPOSAL,ORIGINAL_REPORTED_2025_CAS::IS_ASSET_DISPOSAL,-76024,RMB_THOUSAND,-76.024,RMB_MILLION,0.001,CAS,CONSOLIDATED,SOURCE,ORIGINAL,UNIT_NORMALIZATION_ONLY,,2025A
2025::ORIGINAL_REPORTED_2025_CAS::IS_ASSET_IMPAIRMENT,2025,2025A,IS_ASSET_IMPAIRMENT,IS_ASSET_IMPAIRMENT,ORIGINAL_REPORTED_2025_CAS::IS_ASSET_IMPAIRMENT,-1156469,RMB_THOUSAND,-1156.469,RMB_MILLION,0.001,CAS,CONSOLIDATED,SOURCE,ORIGINAL,UNIT_NORMALIZATION_ONLY,,2025A
2025::ORIGINAL_REPORTED_2025_CAS::IS_ASSOCIATE_INVESTMENT_INCOME,2025,2025A,IS_ASSOCIATE_INVESTMENT_INCOME,IS_ASSOCIATE_INVESTMENT_INCOME,ORIGINAL_REPORTED_2025_CAS::IS_ASSOCIATE_INVESTMENT_INCOME,588828,RMB_THOUSAND,588.828,RMB_MILLION,0.001,CAS,CONSOLIDATED,SOURCE,ORIGINAL,UNIT_NORMALIZATION_ONLY,,2025A
2025::ORIGINAL_REPORTED_2025_CAS::IS_ATTRIBUTABLE_NI,2025,2025A,IS_ATTRIBUTABLE_NI,IS_ATTRIBUTABLE_NI,ORIGINAL_REPORTED_2025_CAS::IS_ATTRIBUTABLE_NI,43945411,RMB_THOUSAND,43945.411,RMB_MILLION,0.001,CAS,CONSOLIDATED,SOURCE,ORIGINAL,UNIT_NORMALIZATION_ONLY,,2025A
2025::ORIGINAL_REPORTED_2025_CAS::IS_BASIC_EPS,2025,2025A,IS_BASIC_EPS,IS_BASIC_EPS,ORIGINAL_REPORTED_2025_CAS::IS_BASIC_EPS,5.80,RMB_PER_SHARE,5.80,RMB_PER_SHARE,1,CAS,CONSOLIDATED,SOURCE,ORIGINAL,UNIT_NORMALIZATION_ONLY,,2025A
2025::ORIGINAL_REPORTED_2025_CAS::IS_COMPREHENSIVE_INCOME,2025,2025A,IS_COMPREHENSIVE_INCOME,IS_COMPREHENSIVE_INCOME,ORIGINAL_REPORTED_2025_CAS::IS_COMPREHENSIVE_INCOME,44776813,RMB_THOUSAND,44776.813,RMB_MILLION,0.001,CAS,CONSOLIDATED,SOURCE,ORIGINAL,UNIT_NORMALIZATION_ONLY,,2025A
2025::ORIGINAL_REPORTED_2025_CAS::IS_CREDIT_IMPAIRMENT,2025,2025A,IS_CREDIT_IMPAIRMENT,IS_CREDIT_IMPAIRMENT,ORIGINAL_REPORTED_2025_CAS::IS_CREDIT_IMPAIRMENT,-355860,RMB_THOUSAND,-355.86,RMB_MILLION,0.001,CAS,CONSOLIDATED,SOURCE,ORIGINAL,UNIT_NORMALIZATION_ONLY,,2025A
2025::ORIGINAL_REPORTED_2025_CAS::IS_DILUTED_EPS,2025,2025A,IS_DILUTED_EPS,IS_DILUTED_EPS,ORIGINAL_REPORTED_2025_CAS::IS_DILUTED_EPS,5.76,RMB_PER_SHARE,5.76,RMB_PER_SHARE,1,CAS,CONSOLIDATED,SOURCE,ORIGINAL,UNIT_NORMALIZATION_ONLY,,2025A
2025::ORIGINAL_REPORTED_2025_CAS::IS_FAIR_VALUE_CHANGE,2025,2025A,IS_FAIR_VALUE_CHANGE,IS_FAIR_VALUE_CHANGE,ORIGINAL_REPORTED_2025_CAS::IS_FAIR_VALUE_CHANGE,782358,RMB_THOUSAND,782.358,RMB_MILLION,0.001,CAS,CONSOLIDATED,SOURCE,ORIGINAL,UNIT_NORMALIZATION_ONLY,,2025A
2025::ORIGINAL_REPORTED_2025_CAS::IS_FEE_COMMISSION_EXPENSE,2025,2025A,IS_FEE_COMMISSION_EXPENSE,IS_FEE_COMMISSION_EXPENSE,ORIGINAL_REPORTED_2025_CAS::IS_FEE_COMMISSION_EXPENSE,-1642,RMB_THOUSAND,-1.642,RMB_MILLION,0.001,CAS,CONSOLIDATED,SOURCE,ORIGINAL,UNIT_NORMALIZATION_ONLY,,2025A
2025::ORIGINAL_REPORTED_2025_CAS::IS_FEE_COMMISSION_INCOME,2025,2025A,IS_FEE_COMMISSION_INCOME,IS_FEE_COMMISSION_INCOME,ORIGINAL_REPORTED_2025_CAS::IS_FEE_COMMISSION_INCOME,508,RMB_THOUSAND,0.508,RMB_MILLION,0.001,CAS,CONSOLIDATED,SOURCE,ORIGINAL,UNIT_NORMALIZATION_ONLY,,2025A
2025::ORIGINAL_REPORTED_2025_CAS::IS_FINANCE_INTEREST_INCOME,2025,2025A,IS_FINANCE_INTEREST_INCOME,IS_FINANCE_INTEREST_INCOME,ORIGINAL_REPORTED_2025_CAS::IS_FINANCE_INTEREST_INCOME,8444301,RMB_THOUSAND,8444.301,RMB_MILLION,0.001,CAS,CONSOLIDATED,SOURCE,ORIGINAL,UNIT_NORMALIZATION_ONLY,,2025A
2025::ORIGINAL_REPORTED_2025_CAS::IS_FINANCE_RESULT,2025,2025A,IS_FINANCE_RESULT,IS_FINANCE_RESULT,ORIGINAL_REPORTED_2025_CAS::IS_FINANCE_RESULT,5903546,RMB_THOUSAND,5903.546,RMB_MILLION,0.001,CAS,CONSOLIDATED,SOURCE,ORIGINAL,UNIT_NORMALIZATION_ONLY,,2025A
2025::ORIGINAL_REPORTED_2025_CAS::IS_FINANCIAL_BUSINESS_INTEREST_COST,2025,2025A,IS_FINANCIAL_BUSINESS_INTEREST_COST,IS_FINANCIAL_BUSINESS_INTEREST_COST,ORIGINAL_REPORTED_2025_CAS::IS_FINANCIAL_BUSINESS_INTEREST_COST,-275,RMB_THOUSAND,-0.275,RMB_MILLION,0.001,CAS,CONSOLIDATED,SOURCE,ORIGINAL,UNIT_NORMALIZATION_ONLY,,2025A
2025::ORIGINAL_REPORTED_2025_CAS::IS_FINANCIAL_BUSINESS_INTEREST_INCOME,2025,2025A,IS_FINANCIAL_BUSINESS_INTEREST_INCOME,IS_FINANCIAL_BUSINESS_INTEREST_INCOME,ORIGINAL_REPORTED_2025_CAS::IS_FINANCIAL_BUSINESS_INTEREST_INCOME,2050168,RMB_THOUSAND,2050.168,RMB_MILLION,0.001,CAS,CONSOLIDATED,SOURCE,ORIGINAL,UNIT_NORMALIZATION_ONLY,,2025A
2025::ORIGINAL_REPORTED_2025_CAS::IS_FINANCING_INTEREST_EXPENSE,2025,2025A,IS_FINANCING_INTEREST_EXPENSE,IS_FINANCING_INTEREST_EXPENSE,ORIGINAL_REPORTED_2025_CAS::IS_FINANCING_INTEREST_EXPENSE,-2211331,RMB_THOUSAND,-2211.331,RMB_MILLION,0.001,CAS,CONSOLIDATED,SOURCE,ORIGINAL,UNIT_NORMALIZATION_ONLY,,2025A
2025::ORIGINAL_REPORTED_2025_CAS::IS_INCOME_TAX,2025,2025A,IS_INCOME_TAX,IS_INCOME_TAX,ORIGINAL_REPORTED_2025_CAS::IS_INCOME_TAX,-8565147,RMB_THOUSAND,-8565.147,RMB_MILLION,0.001,CAS,CONSOLIDATED,SOURCE,ORIGINAL,UNIT_NORMALIZATION_ONLY,,2025A
2025::ORIGINAL_REPORTED_2025_CAS::IS_INVESTMENT_INCOME,2025,2025A,IS_INVESTMENT_INCOME,IS_INVESTMENT_INCOME,ORIGINAL_REPORTED_2025_CAS::IS_INVESTMENT_INCOME,1694661,RMB_THOUSAND,1694.661,RMB_MILLION,0.001,CAS,CONSOLIDATED,SOURCE,ORIGINAL,UNIT_NORMALIZATION_ONLY,,2025A
2025::ORIGINAL_REPORTED_2025_CAS::IS_LEASE_INTEREST_EXPENSE,2025,2025A,IS_LEASE_INTEREST_EXPENSE,IS_LEASE_INTEREST_EXPENSE,ORIGINAL_REPORTED_2025_CAS::IS_LEASE_INTEREST_EXPENSE,-158780,RMB_THOUSAND,-158.78,RMB_MILLION,0.001,CAS,CONSOLIDATED,DERIVED,ORIGINAL,UNIT_NORMALIZATION_ONLY,,2025A
2025::ORIGINAL_REPORTED_2025_CAS::IS_NCI_COMPREHENSIVE,2025,2025A,IS_NCI_COMPREHENSIVE,IS_NCI_COMPREHENSIVE,ORIGINAL_REPORTED_2025_CAS::IS_NCI_COMPREHENSIVE,782218,RMB_THOUSAND,782.218,RMB_MILLION,0.001,CAS,CONSOLIDATED,SOURCE,ORIGINAL,UNIT_NORMALIZATION_ONLY,,2025A
2025::ORIGINAL_REPORTED_2025_CAS::IS_NCI_OCI,2025,2025A,IS_NCI_OCI,IS_NCI_OCI,ORIGINAL_REPORTED_2025_CAS::IS_NCI_OCI,207433,RMB_THOUSAND,207.433,RMB_MILLION,0.001,CAS,CONSOLIDATED,SOURCE,ORIGINAL,UNIT_NORMALIZATION_ONLY,,2025A
2025::ORIGINAL_REPORTED_2025_CAS::IS_NCI_PROFIT,2025,2025A,IS_NCI_PROFIT,IS_NCI_PROFIT,ORIGINAL_REPORTED_2025_CAS::IS_NCI_PROFIT,574785,RMB_THOUSAND,574.785,RMB_MILLION,0.001,CAS,CONSOLIDATED,SOURCE,ORIGINAL,UNIT_NORMALIZATION_ONLY,,2025A
2025::ORIGINAL_REPORTED_2025_CAS::IS_NET_PROFIT,2025,2025A,IS_NET_PROFIT,IS_NET_PROFIT,ORIGINAL_REPORTED_2025_CAS::IS_NET_PROFIT,44520196,RMB_THOUSAND,44520.196,RMB_MILLION,0.001,CAS,CONSOLIDATED,SOURCE,ORIGINAL,UNIT_NORMALIZATION_ONLY,,2025A
2025::ORIGINAL_REPORTED_2025_CAS::IS_NONOPERATING_EXPENSE,2025,2025A,IS_NONOPERATING_EXPENSE,IS_NONOPERATING_EXPENSE,ORIGINAL_REPORTED_2025_CAS::IS_NONOPERATING_EXPENSE,-351064,RMB_THOUSAND,-351.064,RMB_MILLION,0.001,CAS,CONSOLIDATED,SOURCE,ORIGINAL,UNIT_NORMALIZATION_ONLY,,2025A
2025::ORIGINAL_REPORTED_2025_CAS::IS_NONOPERATING_INCOME,2025,2025A,IS_NONOPERATING_INCOME,IS_NONOPERATING_INCOME,ORIGINAL_REPORTED_2025_CAS::IS_NONOPERATING_INCOME,457634,RMB_THOUSAND,457.634,RMB_MILLION,0.001,CAS,CONSOLIDATED,SOURCE,ORIGINAL,UNIT_NORMALIZATION_ONLY,,2025A
2025::ORIGINAL_REPORTED_2025_CAS::IS_OCI,2025,2025A,IS_OCI,IS_OCI,ORIGINAL_REPORTED_2025_CAS::IS_OCI,256617,RMB_THOUSAND,256.617,RMB_MILLION,0.001,CAS,CONSOLIDATED,SOURCE,ORIGINAL,UNIT_NORMALIZATION_ONLY,,2025A
2025::ORIGINAL_REPORTED_2025_CAS::IS_OPERATING_COST,2025,2025A,IS_OPERATING_COST,IS_OPERATING_COST,ORIGINAL_REPORTED_2025_CAS::IS_OPERATING_COST,-335989528,RMB_THOUSAND,-335989.528,RMB_MILLION,0.001,CAS,CONSOLIDATED,SOURCE,ORIGINAL,UNIT_NORMALIZATION_ONLY,,2025A
2025::ORIGINAL_REPORTED_2025_CAS::IS_OPERATING_PROFIT,2025,2025A,IS_OPERATING_PROFIT,IS_OPERATING_PROFIT,ORIGINAL_REPORTED_2025_CAS::IS_OPERATING_PROFIT,52978773,RMB_THOUSAND,52978.773,RMB_MILLION,0.001,CAS,CONSOLIDATED,SOURCE,ORIGINAL,UNIT_NORMALIZATION_ONLY,,2025A
2025::ORIGINAL_REPORTED_2025_CAS::IS_OPERATING_REVENUE,2025,2025A,IS_OPERATING_REVENUE,IS_OPERATING_REVENUE,ORIGINAL_REPORTED_2025_CAS::IS_OPERATING_REVENUE,456451731,RMB_THOUSAND,456451.731,RMB_MILLION,0.001,CAS,CONSOLIDATED,SOURCE,ORIGINAL,UNIT_NORMALIZATION_ONLY,,2025A
2025::ORIGINAL_REPORTED_2025_CAS::IS_OTHER_INCOME,2025,2025A,IS_OTHER_INCOME,IS_OTHER_INCOME,ORIGINAL_REPORTED_2025_CAS::IS_OTHER_INCOME,2664313,RMB_THOUSAND,2664.313,RMB_MILLION,0.001,CAS,CONSOLIDATED,SOURCE,ORIGINAL,UNIT_NORMALIZATION_ONLY,,2025A
2025::ORIGINAL_REPORTED_2025_CAS::IS_PARENT_COMPREHENSIVE,2025,2025A,IS_PARENT_COMPREHENSIVE,IS_PARENT_COMPREHENSIVE,ORIGINAL_REPORTED_2025_CAS::IS_PARENT_COMPREHENSIVE,43994595,RMB_THOUSAND,43994.595,RMB_MILLION,0.001,CAS,CONSOLIDATED,SOURCE,ORIGINAL,UNIT_NORMALIZATION_ONLY,,2025A
2025::ORIGINAL_REPORTED_2025_CAS::IS_PARENT_OCI,2025,2025A,IS_PARENT_OCI,IS_PARENT_OCI,ORIGINAL_REPORTED_2025_CAS::IS_PARENT_OCI,49184,RMB_THOUSAND,49.184,RMB_MILLION,0.001,CAS,CONSOLIDATED,SOURCE,ORIGINAL,UNIT_NORMALIZATION_ONLY,,2025A
2025::ORIGINAL_REPORTED_2025_CAS::IS_PBT,2025,2025A,IS_PBT,IS_PBT,ORIGINAL_REPORTED_2025_CAS::IS_PBT,53085343,RMB_THOUSAND,53085.343,RMB_MILLION,0.001,CAS,CONSOLIDATED,SOURCE,ORIGINAL,UNIT_NORMALIZATION_ONLY,,2025A
2025::ORIGINAL_REPORTED_2025_CAS::IS_RD_EXPENSE,2025,2025A,IS_RD_EXPENSE,IS_RD_EXPENSE,ORIGINAL_REPORTED_2025_CAS::IS_RD_EXPENSE,-17787624,RMB_THOUSAND,-17787.624,RMB_MILLION,0.001,CAS,CONSOLIDATED,SOURCE,ORIGINAL,UNIT_NORMALIZATION_ONLY,,2025A
2025::ORIGINAL_REPORTED_2025_CAS::IS_SELLING_EXPENSE,2025,2025A,IS_SELLING_EXPENSE,IS_SELLING_EXPENSE,ORIGINAL_REPORTED_2025_CAS::IS_SELLING_EXPENSE,-42891490,RMB_THOUSAND,-42891.49,RMB_MILLION,0.001,CAS,CONSOLIDATED,SOURCE,ORIGINAL,UNIT_NORMALIZATION_ONLY,,2025A
2025::ORIGINAL_REPORTED_2025_CAS::IS_TAXES_SURCHARGES,2025,2025A,IS_TAXES_SURCHARGES,IS_TAXES_SURCHARGES,ORIGINAL_REPORTED_2025_CAS::IS_TAXES_SURCHARGES,-2217289,RMB_THOUSAND,-2217.289,RMB_MILLION,0.001,CAS,CONSOLIDATED,SOURCE,ORIGINAL,UNIT_NORMALIZATION_ONLY,,2025A
2025::ORIGINAL_REPORTED_2025_CAS::IS_TOTAL_REVENUE,2025,2025A,IS_TOTAL_REVENUE,IS_TOTAL_REVENUE,ORIGINAL_REPORTED_2025_CAS::IS_TOTAL_REVENUE,458502407,RMB_THOUSAND,458502.407,RMB_MILLION,0.001,CAS,CONSOLIDATED,SOURCE,ORIGINAL,UNIT_NORMALIZATION_ONLY,,2025A
2025::ORIGINAL_REPORTED_2025_CAS::LEASE_INTEREST,2025,2025A,LEASE_INTEREST,LEASE_INTEREST,ORIGINAL_REPORTED_2025_CAS::LEASE_INTEREST,158780,RMB_THOUSAND,158.78,RMB_MILLION,0.001,CAS,CONSOLIDATED,SOURCE,ORIGINAL,UNIT_NORMALIZATION_ONLY,,2025A
2025::ORIGINAL_REPORTED_2025_CAS::NOTE_ACQUISITIONS,2025,2025A,NOTE_ACQUISITIONS,NOTE_ACQUISITIONS,ORIGINAL_REPORTED_2025_CAS::NOTE_ACQUISITIONS,-6155136,RMB_THOUSAND,-6155.136,RMB_MILLION,0.001,CAS,CONSOLIDATED,DERIVED,ORIGINAL,UNIT_NORMALIZATION_ONLY,,2025A
2025::ORIGINAL_REPORTED_2025_CAS::NOTE_BONDS,2025,2025A,NOTE_BONDS,NOTE_BONDS,ORIGINAL_REPORTED_2025_CAS::NOTE_BONDS,3194774,RMB_THOUSAND,3194.774,RMB_MILLION,0.001,CAS,CONSOLIDATED,DERIVED,ORIGINAL,UNIT_NORMALIZATION_ONLY,,2025A
2025::ORIGINAL_REPORTED_2025_CAS::NOTE_CASH_EQUIVALENTS,2025,2025A,NOTE_CASH_EQUIVALENTS,NOTE_CASH_EQUIVALENTS,ORIGINAL_REPORTED_2025_CAS::NOTE_CASH_EQUIVALENTS,68508670,RMB_THOUSAND,68508.67,RMB_MILLION,0.001,CAS,CONSOLIDATED,DERIVED,ORIGINAL,UNIT_NORMALIZATION_ONLY,,2025A
2025::ORIGINAL_REPORTED_2025_CAS::NOTE_CIP_ADDITIONS,2025,2025A,NOTE_CIP_ADDITIONS,NOTE_CIP_ADDITIONS,ORIGINAL_REPORTED_2025_CAS::NOTE_CIP_ADDITIONS,4608262,RMB_THOUSAND,4608.262,RMB_MILLION,0.001,CAS,CONSOLIDATED,SOURCE,ORIGINAL,UNIT_NORMALIZATION_ONLY,,2025A
2025::ORIGINAL_REPORTED_2025_CAS::NOTE_DEBENTURES_ACCRUED_INTEREST,2025,2025A,NOTE_DEBENTURES_ACCRUED_INTEREST,NOTE_DEBENTURES_ACCRUED_INTEREST,ORIGINAL_REPORTED_2025_CAS::NOTE_DEBENTURES_ACCRUED_INTEREST,92861,RMB_THOUSAND,92.861,RMB_MILLION,0.001,CAS,CONSOLIDATED,SOURCE,ORIGINAL,UNIT_NORMALIZATION_ONLY,,2025A
2025::ORIGINAL_REPORTED_2025_CAS::NOTE_DEBENTURES_CLOSING,2025,2025A,NOTE_DEBENTURES_CLOSING,NOTE_DEBENTURES_CLOSING,ORIGINAL_REPORTED_2025_CAS::NOTE_DEBENTURES_CLOSING,3194774,RMB_THOUSAND,3194.774,RMB_MILLION,0.001,CAS,CONSOLIDATED,SOURCE,ORIGINAL,UNIT_NORMALIZATION_ONLY,,2025A
2025::ORIGINAL_REPORTED_2025_CAS::NOTE_DEBENTURES_DISCOUNT_AMORTISATION,2025,2025A,NOTE_DEBENTURES_DISCOUNT_AMORTISATION,NOTE_DEBENTURES_DISCOUNT_AMORTISATION,ORIGINAL_REPORTED_2025_CAS::NOTE_DEBENTURES_DISCOUNT_AMORTISATION,758,RMB_THOUSAND,0.758,RMB_MILLION,0.001,CAS,CONSOLIDATED,SOURCE,ORIGINAL,UNIT_NORMALIZATION_ONLY,,2025A
2025::ORIGINAL_REPORTED_2025_CAS::NOTE_DEBENTURES_FX,2025,2025A,NOTE_DEBENTURES_FX,NOTE_DEBENTURES_FX,ORIGINAL_REPORTED_2025_CAS::NOTE_DEBENTURES_FX,-72723,RMB_THOUSAND,-72.723,RMB_MILLION,0.001,CAS,CONSOLIDATED,SOURCE,ORIGINAL,UNIT_NORMALIZATION_ONLY,,2025A
2025::ORIGINAL_REPORTED_2025_CAS::NOTE_DEBENTURES_OPENING,2025,2025A,NOTE_DEBENTURES_OPENING,NOTE_DEBENTURES_OPENING,ORIGINAL_REPORTED_2025_CAS::NOTE_DEBENTURES_OPENING,3266775,RMB_THOUSAND,3266.775,RMB_MILLION,0.001,CAS,CONSOLIDATED,SOURCE,ORIGINAL,UNIT_NORMALIZATION_ONLY,,2025A
2025::ORIGINAL_REPORTED_2025_CAS::NOTE_DEBENTURES_REPAYMENT,2025,2025A,NOTE_DEBENTURES_REPAYMENT,NOTE_DEBENTURES_REPAYMENT,ORIGINAL_REPORTED_2025_CAS::NOTE_DEBENTURES_REPAYMENT,-92897,RMB_THOUSAND,-92.897,RMB_MILLION,0.001,CAS,CONSOLIDATED,SOURCE,ORIGINAL,UNIT_NORMALIZATION_ONLY,,2025A
2025::ORIGINAL_REPORTED_2025_CAS::NOTE_DIVIDENDS,2025,2025A,NOTE_DIVIDENDS,NOTE_DIVIDENDS,ORIGINAL_REPORTED_2025_CAS::NOTE_DIVIDENDS,-30476852,RMB_THOUSAND,-30476.852,RMB_MILLION,0.001,CAS,CONSOLIDATED,SOURCE,ORIGINAL,UNIT_NORMALIZATION_ONLY,,2025A
2025::ORIGINAL_REPORTED_2025_CAS::NOTE_FINANCE_INTEREST_INCOME,2025,2025A,NOTE_FINANCE_INTEREST_INCOME,NOTE_FINANCE_INTEREST_INCOME,ORIGINAL_REPORTED_2025_CAS::NOTE_FINANCE_INTEREST_INCOME,8444301,RMB_THOUSAND,8444.301,RMB_MILLION,0.001,CAS,CONSOLIDATED,DERIVED,ORIGINAL,UNIT_NORMALIZATION_ONLY,,2025A
2025::ORIGINAL_REPORTED_2025_CAS::NOTE_FINANCING_INTEREST_EXPENSE,2025,2025A,NOTE_FINANCING_INTEREST_EXPENSE,NOTE_FINANCING_INTEREST_EXPENSE,ORIGINAL_REPORTED_2025_CAS::NOTE_FINANCING_INTEREST_EXPENSE,-2211331,RMB_THOUSAND,-2211.331,RMB_MILLION,0.001,CAS,CONSOLIDATED,DERIVED,ORIGINAL,UNIT_NORMALIZATION_ONLY,,2025A
2025::ORIGINAL_REPORTED_2025_CAS::NOTE_FIXED_ASSET_DEPRECIATION,2025,2025A,NOTE_FIXED_ASSET_DEPRECIATION,NOTE_FIXED_ASSET_DEPRECIATION,ORIGINAL_REPORTED_2025_CAS::NOTE_FIXED_ASSET_DEPRECIATION,5117232,RMB_THOUSAND,5117.232,RMB_MILLION,0.001,CAS,CONSOLIDATED,SOURCE,ORIGINAL,UNIT_NORMALIZATION_ONLY,,2025A
2025::ORIGINAL_REPORTED_2025_CAS::NOTE_GOODWILL,2025,2025A,NOTE_GOODWILL,NOTE_GOODWILL,ORIGINAL_REPORTED_2025_CAS::NOTE_GOODWILL,34256859,RMB_THOUSAND,34256.859,RMB_MILLION,0.001,CAS,CONSOLIDATED,DERIVED,ORIGINAL,UNIT_NORMALIZATION_ONLY,,2025A
2025::ORIGINAL_REPORTED_2025_CAS::NOTE_INTANGIBLE_AMORTIZATION,2025,2025A,NOTE_INTANGIBLE_AMORTIZATION,NOTE_INTANGIBLE_AMORTIZATION,ORIGINAL_REPORTED_2025_CAS::NOTE_INTANGIBLE_AMORTIZATION,1501257,RMB_THOUSAND,1501.257,RMB_MILLION,0.001,CAS,CONSOLIDATED,SOURCE,ORIGINAL,UNIT_NORMALIZATION_ONLY,,2025A
2025::ORIGINAL_REPORTED_2025_CAS::NOTE_INTANGIBLE_ASSETS,2025,2025A,NOTE_INTANGIBLE_ASSETS,NOTE_INTANGIBLE_ASSETS,ORIGINAL_REPORTED_2025_CAS::NOTE_INTANGIBLE_ASSETS,21618860,RMB_THOUSAND,21618.86,RMB_MILLION,0.001,CAS,CONSOLIDATED,DERIVED,ORIGINAL,UNIT_NORMALIZATION_ONLY,,2025A
2025::ORIGINAL_REPORTED_2025_CAS::NOTE_LEASE_ADDITIONS,2025,2025A,NOTE_LEASE_ADDITIONS,NOTE_LEASE_ADDITIONS,ORIGINAL_REPORTED_2025_CAS::NOTE_LEASE_ADDITIONS,2205785,RMB_THOUSAND,2205.785,RMB_MILLION,0.001,CAS,CONSOLIDATED,SOURCE,ORIGINAL,UNIT_NORMALIZATION_ONLY,,2025A
2025::ORIGINAL_REPORTED_2025_CAS::NOTE_LEASE_INTEREST_EXPENSE,2025,2025A,NOTE_LEASE_INTEREST_EXPENSE,NOTE_LEASE_INTEREST_EXPENSE,ORIGINAL_REPORTED_2025_CAS::NOTE_LEASE_INTEREST_EXPENSE,158780,RMB_THOUSAND,158.78,RMB_MILLION,0.001,CAS,CONSOLIDATED,DERIVED,ORIGINAL,UNIT_NORMALIZATION_ONLY,,2025A
2025::ORIGINAL_REPORTED_2025_CAS::NOTE_LEASE_LIABILITIES,2025,2025A,NOTE_LEASE_LIABILITIES,NOTE_LEASE_LIABILITIES,ORIGINAL_REPORTED_2025_CAS::NOTE_LEASE_LIABILITIES,3296359,RMB_THOUSAND,3296.359,RMB_MILLION,0.001,CAS,CONSOLIDATED,DERIVED,ORIGINAL,UNIT_NORMALIZATION_ONLY,,2025A
2025::ORIGINAL_REPORTED_2025_CAS::NOTE_LEASE_LIABILITY_CLOSING,2025,2025A,NOTE_LEASE_LIABILITY_CLOSING,NOTE_LEASE_LIABILITY_CLOSING,ORIGINAL_REPORTED_2025_CAS::NOTE_LEASE_LIABILITY_CLOSING,3296359,RMB_THOUSAND,3296.359,RMB_MILLION,0.001,CAS,CONSOLIDATED,DERIVED,ORIGINAL,UNIT_NORMALIZATION_ONLY,,2025A
2025::ORIGINAL_REPORTED_2025_CAS::NOTE_LEASE_LIABILITY_OPENING,2025,2025A,NOTE_LEASE_LIABILITY_OPENING,NOTE_LEASE_LIABILITY_OPENING,ORIGINAL_REPORTED_2025_CAS::NOTE_LEASE_LIABILITY_OPENING,2947366,RMB_THOUSAND,2947.366,RMB_MILLION,0.001,CAS,CONSOLIDATED,SOURCE,ORIGINAL,UNIT_NORMALIZATION_ONLY,,2025A
2025::ORIGINAL_REPORTED_2025_CAS::NOTE_LEASE_PAYMENTS,2025,2025A,NOTE_LEASE_PAYMENTS,NOTE_LEASE_PAYMENTS,ORIGINAL_REPORTED_2025_CAS::NOTE_LEASE_PAYMENTS,1587045,RMB_THOUSAND,1587.045,RMB_MILLION,0.001,CAS,CONSOLIDATED,DERIVED,ORIGINAL,UNIT_NORMALIZATION_ONLY,,2025A
2025::ORIGINAL_REPORTED_2025_CAS::NOTE_LONG_TERM_BONDS,2025,2025A,NOTE_LONG_TERM_BONDS,NOTE_LONG_TERM_BONDS,ORIGINAL_REPORTED_2025_CAS::NOTE_LONG_TERM_BONDS,3194774,RMB_THOUSAND,3194.774,RMB_MILLION,0.001,CAS,CONSOLIDATED,DERIVED,ORIGINAL,UNIT_NORMALIZATION_ONLY,,2025A
2025::ORIGINAL_REPORTED_2025_CAS::NOTE_LONG_TERM_DEBT,2025,2025A,NOTE_LONG_TERM_DEBT,NOTE_LONG_TERM_DEBT,ORIGINAL_REPORTED_2025_CAS::NOTE_LONG_TERM_DEBT,12658843,RMB_THOUSAND,12658.843,RMB_MILLION,0.001,CAS,CONSOLIDATED,DERIVED,ORIGINAL,UNIT_NORMALIZATION_ONLY,,2025A
2025::ORIGINAL_REPORTED_2025_CAS::NOTE_PPE_ADDITIONS,2025,2025A,NOTE_PPE_ADDITIONS,NOTE_PPE_ADDITIONS,ORIGINAL_REPORTED_2025_CAS::NOTE_PPE_ADDITIONS,17741106,RMB_THOUSAND,17741.106,RMB_MILLION,0.001,CAS,CONSOLIDATED,DERIVED,ORIGINAL,UNIT_NORMALIZATION_ONLY,,2025A
2025::ORIGINAL_REPORTED_2025_CAS::NOTE_REPURCHASES,2025,2025A,NOTE_REPURCHASES,NOTE_REPURCHASES,ORIGINAL_REPORTED_2025_CAS::NOTE_REPURCHASES,11606405,RMB_THOUSAND,11606.405,RMB_MILLION,0.001,CAS,CONSOLIDATED,SOURCE,ORIGINAL,UNIT_NORMALIZATION_ONLY,,2025A
2025::ORIGINAL_REPORTED_2025_CAS::NOTE_RESTRICTED_CASH,2025,2025A,NOTE_RESTRICTED_CASH,NOTE_RESTRICTED_CASH,ORIGINAL_REPORTED_2025_CAS::NOTE_RESTRICTED_CASH,4715545,RMB_THOUSAND,4715.545,RMB_MILLION,0.001,CAS,CONSOLIDATED,DERIVED,ORIGINAL,UNIT_NORMALIZATION_ONLY,,2025A
2025::ORIGINAL_REPORTED_2025_CAS::NOTE_ROU_ADDITIONS,2025,2025A,NOTE_ROU_ADDITIONS,NOTE_ROU_ADDITIONS,ORIGINAL_REPORTED_2025_CAS::NOTE_ROU_ADDITIONS,2615536,RMB_THOUSAND,2615.536,RMB_MILLION,0.001,CAS,CONSOLIDATED,DERIVED,ORIGINAL,UNIT_NORMALIZATION_ONLY,,2025A
2025::ORIGINAL_REPORTED_2025_CAS::NOTE_ROU_CLOSING,2025,2025A,NOTE_ROU_CLOSING,NOTE_ROU_CLOSING,ORIGINAL_REPORTED_2025_CAS::NOTE_ROU_CLOSING,3170163,RMB_THOUSAND,3170.163,RMB_MILLION,0.001,CAS,CONSOLIDATED,SOURCE,ORIGINAL,UNIT_NORMALIZATION_ONLY,,2025A
2025::ORIGINAL_REPORTED_2025_CAS::NOTE_ROU_DEPRECIATION,2025,2025A,NOTE_ROU_DEPRECIATION,NOTE_ROU_DEPRECIATION,ORIGINAL_REPORTED_2025_CAS::NOTE_ROU_DEPRECIATION,1526530,RMB_THOUSAND,1526.53,RMB_MILLION,0.001,CAS,CONSOLIDATED,SOURCE,ORIGINAL,UNIT_NORMALIZATION_ONLY,,2025A
2025::ORIGINAL_REPORTED_2025_CAS::NOTE_ROU_DISPOSALS,2025,2025A,NOTE_ROU_DISPOSALS,NOTE_ROU_DISPOSALS,ORIGINAL_REPORTED_2025_CAS::NOTE_ROU_DISPOSALS,-727030,RMB_THOUSAND,-727.03,RMB_MILLION,0.001,CAS,CONSOLIDATED,DERIVED,ORIGINAL,UNIT_NORMALIZATION_ONLY,,2025A
2025::ORIGINAL_REPORTED_2025_CAS::NOTE_ROU_OPENING,2025,2025A,NOTE_ROU_OPENING,NOTE_ROU_OPENING,ORIGINAL_REPORTED_2025_CAS::NOTE_ROU_OPENING,2771967,RMB_THOUSAND,2771.967,RMB_MILLION,0.001,CAS,CONSOLIDATED,SOURCE,ORIGINAL,UNIT_NORMALIZATION_ONLY,,2025A
2025::ORIGINAL_REPORTED_2025_CAS::NOTE_SHARE_BASED_COMPENSATION,2025,2025A,NOTE_SHARE_BASED_COMPENSATION,NOTE_SHARE_BASED_COMPENSATION,ORIGINAL_REPORTED_2025_CAS::NOTE_SHARE_BASED_COMPENSATION,832315,RMB_THOUSAND,832.315,RMB_MILLION,0.001,CAS,CONSOLIDATED,SOURCE,ORIGINAL,UNIT_NORMALIZATION_ONLY,,2025A
2025::ORIGINAL_REPORTED_2025_CAS::NOTE_SHORT_TERM_DEBT,2025,2025A,NOTE_SHORT_TERM_DEBT,NOTE_SHORT_TERM_DEBT,ORIGINAL_REPORTED_2025_CAS::NOTE_SHORT_TERM_DEBT,43904550,RMB_THOUSAND,43904.55,RMB_MILLION,0.001,CAS,CONSOLIDATED,DERIVED,ORIGINAL,UNIT_NORMALIZATION_ONLY,,2025A
2025::ORIGINAL_REPORTED_2025_CAS::NOTE_TERM_DEPOSITS,2025,2025A,NOTE_TERM_DEPOSITS,NOTE_TERM_DEPOSITS,ORIGINAL_REPORTED_2025_CAS::NOTE_TERM_DEPOSITS,11942612,RMB_THOUSAND,11942.612,RMB_MILLION,0.001,CAS,CONSOLIDATED,DERIVED,ORIGINAL,UNIT_NORMALIZATION_ONLY,,2025A
2025::ORIGINAL_REPORTED_2025_CAS::NOTE_TOTAL_DA,2025,2025A,NOTE_TOTAL_DA,NOTE_TOTAL_DA,ORIGINAL_REPORTED_2025_CAS::NOTE_TOTAL_DA,9339695,RMB_THOUSAND,9339.695,RMB_MILLION,0.001,CAS,CONSOLIDATED,DERIVED,ORIGINAL,UNIT_NORMALIZATION_ONLY,,2025A
2025::ORIGINAL_REPORTED_2025_CAS::OTHER_HVAC_ACQUISITIONS_CASH_PAID,2025,2025A,OTHER_HVAC_ACQUISITIONS_CASH_PAID,OTHER_HVAC_ACQUISITIONS_CASH_PAID,ORIGINAL_REPORTED_2025_CAS::OTHER_HVAC_ACQUISITIONS_CASH_PAID,347841,RMB_THOUSAND,347.841,RMB_MILLION,0.001,CAS,OTHER_HVAC_ACQUISITIONS,DERIVED,ORIGINAL,UNIT_NORMALIZATION_ONLY,,2025A
2025::ORIGINAL_REPORTED_2025_CAS::OTHER_HVAC_ACQUISITIONS_CONSIDERATION,2025,2025A,OTHER_HVAC_ACQUISITIONS_CONSIDERATION,OTHER_HVAC_ACQUISITIONS_CONSIDERATION,ORIGINAL_REPORTED_2025_CAS::OTHER_HVAC_ACQUISITIONS_CONSIDERATION,347841,RMB_THOUSAND,347.841,RMB_MILLION,0.001,CAS,OTHER_HVAC_ACQUISITIONS,SOURCE,ORIGINAL,UNIT_NORMALIZATION_ONLY,,2025A
2025::ORIGINAL_REPORTED_2025_CAS::PARENT_CASH,2025,2025A,PARENT_CASH,PARENT_CASH,ORIGINAL_REPORTED_2025_CAS::PARENT_CASH,23178076,RMB_THOUSAND,23178.076,RMB_MILLION,0.001,CAS,COMPANY,SOURCE,ORIGINAL,UNIT_NORMALIZATION_ONLY,,2025A
2025::ORIGINAL_REPORTED_2025_CAS::PARENT_CFO,2025,2025A,PARENT_CFO,PARENT_CFO,ORIGINAL_REPORTED_2025_CAS::PARENT_CFO,-11628058,RMB_THOUSAND,-11628.058,RMB_MILLION,0.001,CAS,COMPANY,SOURCE,ORIGINAL,UNIT_NORMALIZATION_ONLY,,2025A
2025::ORIGINAL_REPORTED_2025_CAS::PARENT_LONG_TERM_BORROWING,2025,2025A,PARENT_LONG_TERM_BORROWING,PARENT_LONG_TERM_BORROWING,ORIGINAL_REPORTED_2025_CAS::PARENT_LONG_TERM_BORROWING,9592200,RMB_THOUSAND,9592.2,RMB_MILLION,0.001,CAS,COMPANY,SOURCE,ORIGINAL,UNIT_NORMALIZATION_ONLY,,2025A
2025::ORIGINAL_REPORTED_2025_CAS::PARENT_NET_PROFIT,2025,2025A,PARENT_NET_PROFIT,PARENT_NET_PROFIT,ORIGINAL_REPORTED_2025_CAS::PARENT_NET_PROFIT,29415131,RMB_THOUSAND,29415.131,RMB_MILLION,0.001,CAS,COMPANY,SOURCE,ORIGINAL,UNIT_NORMALIZATION_ONLY,,2025A
2025::ORIGINAL_REPORTED_2025_CAS::PARENT_SHORT_TERM_BORROWING,2025,2025A,PARENT_SHORT_TERM_BORROWING,PARENT_SHORT_TERM_BORROWING,ORIGINAL_REPORTED_2025_CAS::PARENT_SHORT_TERM_BORROWING,10000000,RMB_THOUSAND,10000,RMB_MILLION,0.001,CAS,COMPANY,SOURCE,ORIGINAL,UNIT_NORMALIZATION_ONLY,,2025A
2025::ORIGINAL_REPORTED_2025_CAS::PARENT_TOTAL_ASSETS,2025,2025A,PARENT_TOTAL_ASSETS,PARENT_TOTAL_ASSETS,ORIGINAL_REPORTED_2025_CAS::PARENT_TOTAL_ASSETS,295444621,RMB_THOUSAND,295444.621,RMB_MILLION,0.001,CAS,COMPANY,SOURCE,ORIGINAL,UNIT_NORMALIZATION_ONLY,,2025A
2025::ORIGINAL_REPORTED_2025_CAS::PARENT_TOTAL_EQUITY,2025,2025A,PARENT_TOTAL_EQUITY,PARENT_TOTAL_EQUITY,ORIGINAL_REPORTED_2025_CAS::PARENT_TOTAL_EQUITY,98052670,RMB_THOUSAND,98052.67,RMB_MILLION,0.001,CAS,COMPANY,SOURCE,ORIGINAL,UNIT_NORMALIZATION_ONLY,,2025A
2025::ORIGINAL_REPORTED_2025_CAS::SEG_BUILDING_TECH_ASSETS,2025,2025A,SEG_BUILDING_TECH_ASSETS,SEG_BUILDING_TECH_ASSETS,ORIGINAL_REPORTED_2025_CAS::SEG_BUILDING_TECH_ASSETS,51557420,RMB_THOUSAND,51557.42,RMB_MILLION,0.001,CAS,SEGMENT_BUILDING_TECH,SOURCE,ORIGINAL,UNIT_NORMALIZATION_ONLY,,2025A
2025::ORIGINAL_REPORTED_2025_CAS::SEG_BUILDING_TECH_DA,2025,2025A,SEG_BUILDING_TECH_DA,SEG_BUILDING_TECH_DA,ORIGINAL_REPORTED_2025_CAS::SEG_BUILDING_TECH_DA,1224884,RMB_THOUSAND,1224.884,RMB_MILLION,0.001,CAS,SEGMENT_BUILDING_TECH,SOURCE,ORIGINAL,UNIT_NORMALIZATION_ONLY,,2025A
2025::ORIGINAL_REPORTED_2025_CAS::SEG_BUILDING_TECH_LIABILITIES,2025,2025A,SEG_BUILDING_TECH_LIABILITIES,SEG_BUILDING_TECH_LIABILITIES,ORIGINAL_REPORTED_2025_CAS::SEG_BUILDING_TECH_LIABILITIES,37970284,RMB_THOUSAND,37970.284,RMB_MILLION,0.001,CAS,SEGMENT_BUILDING_TECH,SOURCE,ORIGINAL,UNIT_NORMALIZATION_ONLY,,2025A
2025::ORIGINAL_REPORTED_2025_CAS::SEG_BUILDING_TECH_PROFIT,2025,2025A,SEG_BUILDING_TECH_PROFIT,SEG_BUILDING_TECH_PROFIT,ORIGINAL_REPORTED_2025_CAS::SEG_BUILDING_TECH_PROFIT,4503740,RMB_THOUSAND,4503.74,RMB_MILLION,0.001,CAS,SEGMENT_BUILDING_TECH,SOURCE,ORIGINAL,UNIT_NORMALIZATION_ONLY,,2025A
2025::ORIGINAL_REPORTED_2025_CAS::SEG_BUILDING_TECH_REVENUE,2025,2025A,SEG_BUILDING_TECH_REVENUE,SEG_BUILDING_TECH_REVENUE,ORIGINAL_REPORTED_2025_CAS::SEG_BUILDING_TECH_REVENUE,36755772,RMB_THOUSAND,36755.772,RMB_MILLION,0.001,CAS,SEGMENT_BUILDING_TECH,SOURCE,ORIGINAL,UNIT_NORMALIZATION_ONLY,,2025A
2025::ORIGINAL_REPORTED_2025_CAS::SEG_ELIMINATIONS_ASSETS,2025,2025A,SEG_ELIMINATIONS_ASSETS,SEG_ELIMINATIONS_ASSETS,ORIGINAL_REPORTED_2025_CAS::SEG_ELIMINATIONS_ASSETS,-288184994,RMB_THOUSAND,-288184.994,RMB_MILLION,0.001,CAS,SEGMENT_ELIMINATIONS,SOURCE,ORIGINAL,UNIT_NORMALIZATION_ONLY,,2025A
2025::ORIGINAL_REPORTED_2025_CAS::SEG_ELIMINATIONS_DA,2025,2025A,SEG_ELIMINATIONS_DA,SEG_ELIMINATIONS_DA,ORIGINAL_REPORTED_2025_CAS::SEG_ELIMINATIONS_DA,-5296,RMB_THOUSAND,-5.296,RMB_MILLION,0.001,CAS,SEGMENT_ELIMINATIONS,SOURCE,ORIGINAL,UNIT_NORMALIZATION_ONLY,,2025A
2025::ORIGINAL_REPORTED_2025_CAS::SEG_ELIMINATIONS_LIABILITIES,2025,2025A,SEG_ELIMINATIONS_LIABILITIES,SEG_ELIMINATIONS_LIABILITIES,ORIGINAL_REPORTED_2025_CAS::SEG_ELIMINATIONS_LIABILITIES,-289754505,RMB_THOUSAND,-289754.505,RMB_MILLION,0.001,CAS,SEGMENT_ELIMINATIONS,SOURCE,ORIGINAL,UNIT_NORMALIZATION_ONLY,,2025A
2025::ORIGINAL_REPORTED_2025_CAS::SEG_ELIMINATIONS_PROFIT,2025,2025A,SEG_ELIMINATIONS_PROFIT,SEG_ELIMINATIONS_PROFIT,ORIGINAL_REPORTED_2025_CAS::SEG_ELIMINATIONS_PROFIT,99631,RMB_THOUSAND,99.631,RMB_MILLION,0.001,CAS,SEGMENT_ELIMINATIONS,SOURCE,ORIGINAL,UNIT_NORMALIZATION_ONLY,,2025A
2025::ORIGINAL_REPORTED_2025_CAS::SEG_ELIMINATIONS_REVENUE,2025,2025A,SEG_ELIMINATIONS_REVENUE,SEG_ELIMINATIONS_REVENUE,ORIGINAL_REPORTED_2025_CAS::SEG_ELIMINATIONS_REVENUE,0,RMB_THOUSAND,0,RMB_MILLION,0.001,CAS,SEGMENT_ELIMINATIONS,SOURCE,ORIGINAL,UNIT_NORMALIZATION_ONLY,,2025A
2025::ORIGINAL_REPORTED_2025_CAS::SEG_INDUSTRIAL_TECH_ASSETS,2025,2025A,SEG_INDUSTRIAL_TECH_ASSETS,SEG_INDUSTRIAL_TECH_ASSETS,ORIGINAL_REPORTED_2025_CAS::SEG_INDUSTRIAL_TECH_ASSETS,57544231,RMB_THOUSAND,57544.231,RMB_MILLION,0.001,CAS,SEGMENT_INDUSTRIAL_TECH,SOURCE,ORIGINAL,UNIT_NORMALIZATION_ONLY,,2025A
2025::ORIGINAL_REPORTED_2025_CAS::SEG_INDUSTRIAL_TECH_DA,2025,2025A,SEG_INDUSTRIAL_TECH_DA,SEG_INDUSTRIAL_TECH_DA,ORIGINAL_REPORTED_2025_CAS::SEG_INDUSTRIAL_TECH_DA,1049001,RMB_THOUSAND,1049.001,RMB_MILLION,0.001,CAS,SEGMENT_INDUSTRIAL_TECH,SOURCE,ORIGINAL,UNIT_NORMALIZATION_ONLY,,2025A
2025::ORIGINAL_REPORTED_2025_CAS::SEG_INDUSTRIAL_TECH_LIABILITIES,2025,2025A,SEG_INDUSTRIAL_TECH_LIABILITIES,SEG_INDUSTRIAL_TECH_LIABILITIES,ORIGINAL_REPORTED_2025_CAS::SEG_INDUSTRIAL_TECH_LIABILITIES,35117403,RMB_THOUSAND,35117.403,RMB_MILLION,0.001,CAS,SEGMENT_INDUSTRIAL_TECH,SOURCE,ORIGINAL,UNIT_NORMALIZATION_ONLY,,2025A
2025::ORIGINAL_REPORTED_2025_CAS::SEG_INDUSTRIAL_TECH_PROFIT,2025,2025A,SEG_INDUSTRIAL_TECH_PROFIT,SEG_INDUSTRIAL_TECH_PROFIT,ORIGINAL_REPORTED_2025_CAS::SEG_INDUSTRIAL_TECH_PROFIT,5088171,RMB_THOUSAND,5088.171,RMB_MILLION,0.001,CAS,SEGMENT_INDUSTRIAL_TECH,SOURCE,ORIGINAL,UNIT_NORMALIZATION_ONLY,,2025A
2025::ORIGINAL_REPORTED_2025_CAS::SEG_INDUSTRIAL_TECH_REVENUE,2025,2025A,SEG_INDUSTRIAL_TECH_REVENUE,SEG_INDUSTRIAL_TECH_REVENUE,ORIGINAL_REPORTED_2025_CAS::SEG_INDUSTRIAL_TECH_REVENUE,33420450,RMB_THOUSAND,33420.45,RMB_MILLION,0.001,CAS,SEGMENT_INDUSTRIAL_TECH,SOURCE,ORIGINAL,UNIT_NORMALIZATION_ONLY,,2025A
2025::ORIGINAL_REPORTED_2025_CAS::SEG_OTHER_ASSETS,2025,2025A,SEG_OTHER_ASSETS,SEG_OTHER_ASSETS,ORIGINAL_REPORTED_2025_CAS::SEG_OTHER_ASSETS,363784806,RMB_THOUSAND,363784.806,RMB_MILLION,0.001,CAS,SEGMENT_OTHER,SOURCE,ORIGINAL,UNIT_NORMALIZATION_ONLY,,2025A
2025::ORIGINAL_REPORTED_2025_CAS::SEG_OTHER_DA,2025,2025A,SEG_OTHER_DA,SEG_OTHER_DA,ORIGINAL_REPORTED_2025_CAS::SEG_OTHER_DA,3804107,RMB_THOUSAND,3804.107,RMB_MILLION,0.001,CAS,SEGMENT_OTHER,SOURCE,ORIGINAL,UNIT_NORMALIZATION_ONLY,,2025A
2025::ORIGINAL_REPORTED_2025_CAS::SEG_OTHER_LIABILITIES,2025,2025A,SEG_OTHER_LIABILITIES,SEG_OTHER_LIABILITIES,ORIGINAL_REPORTED_2025_CAS::SEG_OTHER_LIABILITIES,313484933,RMB_THOUSAND,313484.933,RMB_MILLION,0.001,CAS,SEGMENT_OTHER,SOURCE,ORIGINAL,UNIT_NORMALIZATION_ONLY,,2025A
2025::ORIGINAL_REPORTED_2025_CAS::SEG_OTHER_PROFIT,2025,2025A,SEG_OTHER_PROFIT,SEG_OTHER_PROFIT,ORIGINAL_REPORTED_2025_CAS::SEG_OTHER_PROFIT,2603866,RMB_THOUSAND,2603.866,RMB_MILLION,0.001,CAS,SEGMENT_OTHER,SOURCE,ORIGINAL,UNIT_NORMALIZATION_ONLY,,2025A
2025::ORIGINAL_REPORTED_2025_CAS::SEG_OTHER_REVENUE,2025,2025A,SEG_OTHER_REVENUE,SEG_OTHER_REVENUE,ORIGINAL_REPORTED_2025_CAS::SEG_OTHER_REVENUE,62241518,RMB_THOUSAND,62241.518,RMB_MILLION,0.001,CAS,SEGMENT_OTHER,SOURCE,ORIGINAL,UNIT_NORMALIZATION_ONLY,,2025A
2025::ORIGINAL_REPORTED_2025_CAS::SEG_SMART_HOME_ASSETS,2025,2025A,SEG_SMART_HOME_ASSETS,SEG_SMART_HOME_ASSETS,ORIGINAL_REPORTED_2025_CAS::SEG_SMART_HOME_ASSETS,424090303,RMB_THOUSAND,424090.303,RMB_MILLION,0.001,CAS,SEGMENT_SMART_HOME,SOURCE,ORIGINAL,UNIT_NORMALIZATION_ONLY,,2025A
2025::ORIGINAL_REPORTED_2025_CAS::SEG_SMART_HOME_DA,2025,2025A,SEG_SMART_HOME_DA,SEG_SMART_HOME_DA,ORIGINAL_REPORTED_2025_CAS::SEG_SMART_HOME_DA,3266999,RMB_THOUSAND,3266.999,RMB_MILLION,0.001,CAS,SEGMENT_SMART_HOME,SOURCE,ORIGINAL,UNIT_NORMALIZATION_ONLY,,2025A
2025::ORIGINAL_REPORTED_2025_CAS::SEG_SMART_HOME_LIABILITIES,2025,2025A,SEG_SMART_HOME_LIABILITIES,SEG_SMART_HOME_LIABILITIES,ORIGINAL_REPORTED_2025_CAS::SEG_SMART_HOME_LIABILITIES,275549428,RMB_THOUSAND,275549.428,RMB_MILLION,0.001,CAS,SEGMENT_SMART_HOME,SOURCE,ORIGINAL,UNIT_NORMALIZATION_ONLY,,2025A
2025::ORIGINAL_REPORTED_2025_CAS::SEG_SMART_HOME_PROFIT,2025,2025A,SEG_SMART_HOME_PROFIT,SEG_SMART_HOME_PROFIT,ORIGINAL_REPORTED_2025_CAS::SEG_SMART_HOME_PROFIT,37130386,RMB_THOUSAND,37130.386,RMB_MILLION,0.001,CAS,SEGMENT_SMART_HOME,SOURCE,ORIGINAL,UNIT_NORMALIZATION_ONLY,,2025A
2025::ORIGINAL_REPORTED_2025_CAS::SEG_SMART_HOME_REVENUE,2025,2025A,SEG_SMART_HOME_REVENUE,SEG_SMART_HOME_REVENUE,ORIGINAL_REPORTED_2025_CAS::SEG_SMART_HOME_REVENUE,326084667,RMB_THOUSAND,326084.667,RMB_MILLION,0.001,CAS,SEGMENT_SMART_HOME,SOURCE,ORIGINAL,UNIT_NORMALIZATION_ONLY,,2025A
2025::ORIGINAL_REPORTED_2025_CAS::SEG_TOTAL_ASSETS,2025,2025A,SEG_TOTAL_ASSETS,SEG_TOTAL_ASSETS,ORIGINAL_REPORTED_2025_CAS::SEG_TOTAL_ASSETS,608791766,RMB_THOUSAND,608791.766,RMB_MILLION,0.001,CAS,SEGMENT_TOTAL,SOURCE,ORIGINAL,UNIT_NORMALIZATION_ONLY,,2025A
2025::ORIGINAL_REPORTED_2025_CAS::SEG_TOTAL_DA,2025,2025A,SEG_TOTAL_DA,SEG_TOTAL_DA,ORIGINAL_REPORTED_2025_CAS::SEG_TOTAL_DA,9339695,RMB_THOUSAND,9339.695,RMB_MILLION,0.001,CAS,SEGMENT_TOTAL,SOURCE,ORIGINAL,UNIT_NORMALIZATION_ONLY,,2025A
2025::ORIGINAL_REPORTED_2025_CAS::SEG_TOTAL_LIABILITIES,2025,2025A,SEG_TOTAL_LIABILITIES,SEG_TOTAL_LIABILITIES,ORIGINAL_REPORTED_2025_CAS::SEG_TOTAL_LIABILITIES,372367543,RMB_THOUSAND,372367.543,RMB_MILLION,0.001,CAS,SEGMENT_TOTAL,SOURCE,ORIGINAL,UNIT_NORMALIZATION_ONLY,,2025A
2025::ORIGINAL_REPORTED_2025_CAS::SEG_TOTAL_PROFIT,2025,2025A,SEG_TOTAL_PROFIT,SEG_TOTAL_PROFIT,ORIGINAL_REPORTED_2025_CAS::SEG_TOTAL_PROFIT,49425794,RMB_THOUSAND,49425.794,RMB_MILLION,0.001,CAS,SEGMENT_TOTAL,SOURCE,ORIGINAL,UNIT_NORMALIZATION_ONLY,,2025A
2025::ORIGINAL_REPORTED_2025_CAS::SEG_TOTAL_REVENUE,2025,2025A,SEG_TOTAL_REVENUE,SEG_TOTAL_REVENUE,ORIGINAL_REPORTED_2025_CAS::SEG_TOTAL_REVENUE,458502407,RMB_THOUSAND,458502.407,RMB_MILLION,0.001,CAS,SEGMENT_TOTAL,SOURCE,ORIGINAL,UNIT_NORMALIZATION_ONLY,,2025A
2025::ORIGINAL_REPORTED_2025_CAS::SHARE_PAR_VALUE_RMB,2025,2025A,SHARE_PAR_VALUE_RMB,SHARE_PAR_VALUE_RMB,ORIGINAL_REPORTED_2025_CAS::SHARE_PAR_VALUE_RMB,1,RMB_PER_SHARE,1,RMB_PER_SHARE,1,CAS,COMPANY,SOURCE,ORIGINAL,UNIT_NORMALIZATION_ONLY,,2025A
2025::ORIGINAL_REPORTED_2025_CAS::SOCE_BUSINESS_COMBINATIONS,2025,2025A,SOCE_BUSINESS_COMBINATIONS,SOCE_BUSINESS_COMBINATIONS,ORIGINAL_REPORTED_2025_CAS::SOCE_BUSINESS_COMBINATIONS,469609,RMB_THOUSAND,469.609,RMB_MILLION,0.001,CAS,CONSOLIDATED,SOURCE,ORIGINAL,UNIT_NORMALIZATION_ONLY,,2025A
2025::ORIGINAL_REPORTED_2025_CAS::SOCE_CAPITAL_OTHER,2025,2025A,SOCE_CAPITAL_OTHER,SOCE_CAPITAL_OTHER,ORIGINAL_REPORTED_2025_CAS::SOCE_CAPITAL_OTHER,-11943580,RMB_THOUSAND,-11943.58,RMB_MILLION,0.001,CAS,CONSOLIDATED,SOURCE,ORIGINAL,UNIT_NORMALIZATION_ONLY,,2025A
2025::ORIGINAL_REPORTED_2025_CAS::SOCE_CLOSING,2025,2025A,SOCE_CLOSING,SOCE_CLOSING,ORIGINAL_REPORTED_2025_CAS::SOCE_CLOSING,236424223,RMB_THOUSAND,236424.223,RMB_MILLION,0.001,CAS,CONSOLIDATED,SOURCE,ORIGINAL,UNIT_NORMALIZATION_ONLY,,2025A
2025::ORIGINAL_REPORTED_2025_CAS::SOCE_COMPREHENSIVE,2025,2025A,SOCE_COMPREHENSIVE,SOCE_COMPREHENSIVE,ORIGINAL_REPORTED_2025_CAS::SOCE_COMPREHENSIVE,44776813,RMB_THOUSAND,44776.813,RMB_MILLION,0.001,CAS,CONSOLIDATED,SOURCE,ORIGINAL,UNIT_NORMALIZATION_ONLY,,2025A
2025::ORIGINAL_REPORTED_2025_CAS::SOCE_DISTRIBUTIONS,2025,2025A,SOCE_DISTRIBUTIONS,SOCE_DISTRIBUTIONS,ORIGINAL_REPORTED_2025_CAS::SOCE_DISTRIBUTIONS,-31040462,RMB_THOUSAND,-31040.462,RMB_MILLION,0.001,CAS,CONSOLIDATED,SOURCE,ORIGINAL,UNIT_NORMALIZATION_ONLY,,2025A
2025::ORIGINAL_REPORTED_2025_CAS::SOCE_NET_INCOME,2025,2025A,SOCE_NET_INCOME,SOCE_NET_INCOME,ORIGINAL_REPORTED_2025_CAS::SOCE_NET_INCOME,44520196,RMB_THOUSAND,44520.196,RMB_MILLION,0.001,CAS,CONSOLIDATED,SOURCE,ORIGINAL,UNIT_NORMALIZATION_ONLY,,2025A
2025::ORIGINAL_REPORTED_2025_CAS::SOCE_OCI,2025,2025A,SOCE_OCI,SOCE_OCI,ORIGINAL_REPORTED_2025_CAS::SOCE_OCI,256617,RMB_THOUSAND,256.617,RMB_MILLION,0.001,CAS,CONSOLIDATED,SOURCE,ORIGINAL,UNIT_NORMALIZATION_ONLY,,2025A
2025::ORIGINAL_REPORTED_2025_CAS::SOCE_OPENING,2025,2025A,SOCE_OPENING,SOCE_OPENING,ORIGINAL_REPORTED_2025_CAS::SOCE_OPENING,227667391,RMB_THOUSAND,227667.391,RMB_MILLION,0.001,CAS,CONSOLIDATED,SOURCE,ORIGINAL,UNIT_NORMALIZATION_ONLY,,2025A
2025::ORIGINAL_REPORTED_2025_CAS::SOCE_ORDINARY_CONTRIBUTIONS,2025,2025A,SOCE_ORDINARY_CONTRIBUTIONS,SOCE_ORDINARY_CONTRIBUTIONS,ORIGINAL_REPORTED_2025_CAS::SOCE_ORDINARY_CONTRIBUTIONS,5676770,RMB_THOUSAND,5676.77,RMB_MILLION,0.001,CAS,CONSOLIDATED,SOURCE,ORIGINAL,UNIT_NORMALIZATION_ONLY,,2025A
2025::ORIGINAL_REPORTED_2025_CAS::SOCE_OTHER,2025,2025A,SOCE_OTHER,SOCE_OTHER,ORIGINAL_REPORTED_2025_CAS::SOCE_OTHER,702060,RMB_THOUSAND,702.06,RMB_MILLION,0.001,CAS,CONSOLIDATED,SOURCE,ORIGINAL,UNIT_NORMALIZATION_ONLY,,2025A
2025::ORIGINAL_REPORTED_2025_CAS::SOCE_RESERVE_INCREASE,2025,2025A,SOCE_RESERVE_INCREASE,SOCE_RESERVE_INCREASE,ORIGINAL_REPORTED_2025_CAS::SOCE_RESERVE_INCREASE,10937,RMB_THOUSAND,10.937,RMB_MILLION,0.001,CAS,CONSOLIDATED,SOURCE,ORIGINAL,UNIT_NORMALIZATION_ONLY,,2025A
2025::ORIGINAL_REPORTED_2025_CAS::SOCE_RESERVE_USE,2025,2025A,SOCE_RESERVE_USE,SOCE_RESERVE_USE,ORIGINAL_REPORTED_2025_CAS::SOCE_RESERVE_USE,-9034,RMB_THOUSAND,-9.034,RMB_MILLION,0.001,CAS,CONSOLIDATED,SOURCE,ORIGINAL,UNIT_NORMALIZATION_ONLY,,2025A
2025::ORIGINAL_REPORTED_2025_CAS::SOCE_SHARE_BASED,2025,2025A,SOCE_SHARE_BASED,SOCE_SHARE_BASED,ORIGINAL_REPORTED_2025_CAS::SOCE_SHARE_BASED,113719,RMB_THOUSAND,113.719,RMB_MILLION,0.001,CAS,CONSOLIDATED,SOURCE,ORIGINAL,UNIT_NORMALIZATION_ONLY,,2025A
2025::ORIGINAL_REPORTED_2025_CAS::TEKA_CONSIDERATION,2025,2025A,TEKA_CONSIDERATION,TEKA_CONSIDERATION,ORIGINAL_REPORTED_2025_CAS::TEKA_CONSIDERATION,1752017,RMB_THOUSAND,1752.017,RMB_MILLION,0.001,CAS,TEKA,SOURCE,ORIGINAL,UNIT_NORMALIZATION_ONLY,,2025A
2025::ORIGINAL_REPORTED_2025_CAS::TEKA_NCI,2025,2025A,TEKA_NCI,TEKA_NCI,ORIGINAL_REPORTED_2025_CAS::TEKA_NCI,18370,RMB_THOUSAND,18.37,RMB_MILLION,0.001,CAS,TEKA,SOURCE,ORIGINAL,UNIT_NORMALIZATION_ONLY,,2025A
2025::ORIGINAL_REPORTED_2025_CAS::TEKA_NET_CASH_OUTFLOW,2025,2025A,TEKA_NET_CASH_OUTFLOW,TEKA_NET_CASH_OUTFLOW,ORIGINAL_REPORTED_2025_CAS::TEKA_NET_CASH_OUTFLOW,1174751,RMB_THOUSAND,1174.751,RMB_MILLION,0.001,CAS,TEKA,SOURCE,ORIGINAL,UNIT_NORMALIZATION_ONLY,,2025A
2025::ORIGINAL_REPORTED_2025_CAS::TEKA_NET_IDENTIFIABLE_ASSETS,2025,2025A,TEKA_NET_IDENTIFIABLE_ASSETS,TEKA_NET_IDENTIFIABLE_ASSETS,ORIGINAL_REPORTED_2025_CAS::TEKA_NET_IDENTIFIABLE_ASSETS,1071037,RMB_THOUSAND,1071.037,RMB_MILLION,0.001,CAS,TEKA,SOURCE,ORIGINAL,UNIT_NORMALIZATION_ONLY,,2025A
2025::ORIGINAL_REPORTED_2025_CAS::TEKA_REPORTED_GOODWILL,2025,2025A,TEKA_REPORTED_GOODWILL,TEKA_REPORTED_GOODWILL,ORIGINAL_REPORTED_2025_CAS::TEKA_REPORTED_GOODWILL,699350,RMB_THOUSAND,699.35,RMB_MILLION,0.001,CAS,TEKA,SOURCE,ORIGINAL,UNIT_NORMALIZATION_ONLY,,2025A
2025::ORIGINAL_REPORTED_2025_CAS::TOSHIBA_ELEVATOR_CONSIDERATION,2025,2025A,TOSHIBA_ELEVATOR_CONSIDERATION,TOSHIBA_ELEVATOR_CONSIDERATION,ORIGINAL_REPORTED_2025_CAS::TOSHIBA_ELEVATOR_CONSIDERATION,988834,RMB_THOUSAND,988.834,RMB_MILLION,0.001,CAS,TOSHIBA_ELEVATOR,SOURCE,ORIGINAL,UNIT_NORMALIZATION_ONLY,,2025A
2025::ORIGINAL_REPORTED_2025_CAS::TOSHIBA_ELEVATOR_NCI,2025,2025A,TOSHIBA_ELEVATOR_NCI,TOSHIBA_ELEVATOR_NCI,ORIGINAL_REPORTED_2025_CAS::TOSHIBA_ELEVATOR_NCI,454266,RMB_THOUSAND,454.266,RMB_MILLION,0.001,CAS,TOSHIBA_ELEVATOR,SOURCE,ORIGINAL,UNIT_NORMALIZATION_ONLY,,2025A
2025::ORIGINAL_REPORTED_2025_CAS::TOSHIBA_ELEVATOR_NET_CASH_OUTFLOW,2025,2025A,TOSHIBA_ELEVATOR_NET_CASH_OUTFLOW,TOSHIBA_ELEVATOR_NET_CASH_OUTFLOW,ORIGINAL_REPORTED_2025_CAS::TOSHIBA_ELEVATOR_NET_CASH_OUTFLOW,764984,RMB_THOUSAND,764.984,RMB_MILLION,0.001,CAS,TOSHIBA_ELEVATOR,SOURCE,ORIGINAL,UNIT_NORMALIZATION_ONLY,,2025A
2025::ORIGINAL_REPORTED_2025_CAS::TOSHIBA_ELEVATOR_NET_IDENTIFIABLE_ASSETS,2025,2025A,TOSHIBA_ELEVATOR_NET_IDENTIFIABLE_ASSETS,TOSHIBA_ELEVATOR_NET_IDENTIFIABLE_ASSETS,ORIGINAL_REPORTED_2025_CAS::TOSHIBA_ELEVATOR_NET_IDENTIFIABLE_ASSETS,1081585,RMB_THOUSAND,1081.585,RMB_MILLION,0.001,CAS,TOSHIBA_ELEVATOR,SOURCE,ORIGINAL,UNIT_NORMALIZATION_ONLY,,2025A
2025::ORIGINAL_REPORTED_2025_CAS::TOSHIBA_ELEVATOR_REPORTED_GOODWILL,2025,2025A,TOSHIBA_ELEVATOR_REPORTED_GOODWILL,TOSHIBA_ELEVATOR_REPORTED_GOODWILL,ORIGINAL_REPORTED_2025_CAS::TOSHIBA_ELEVATOR_REPORTED_GOODWILL,361515,RMB_THOUSAND,361.515,RMB_MILLION,0.001,CAS,TOSHIBA_ELEVATOR,SOURCE,ORIGINAL,UNIT_NORMALIZATION_ONLY,,2025A
2025::ORIGINAL_REPORTED_2025_CAS::TOTAL_RESTRICTED_USE_CASH_AND_DEPOSITS,2025,2025A,TOTAL_RESTRICTED_USE_CASH_AND_DEPOSITS,TOTAL_RESTRICTED_USE_CASH_AND_DEPOSITS,ORIGINAL_REPORTED_2025_CAS::TOTAL_RESTRICTED_USE_CASH_AND_DEPOSITS,16658157,RMB_THOUSAND,16658.157,RMB_MILLION,0.001,CAS,CONSOLIDATED,SOURCE,ORIGINAL,UNIT_NORMALIZATION_ONLY,,2025A
2025::ORIGINAL_REPORTED_2025_CAS::TRADE_AR_AGE_ONE_TO_TWO_YEARS,2025,2025A,TRADE_AR_AGE_ONE_TO_TWO_YEARS,TRADE_AR_AGE_ONE_TO_TWO_YEARS,ORIGINAL_REPORTED_2025_CAS::TRADE_AR_AGE_ONE_TO_TWO_YEARS,937373,RMB_THOUSAND,937.373,RMB_MILLION,0.001,CAS,CONSOLIDATED,SOURCE,ORIGINAL,UNIT_NORMALIZATION_ONLY,,2025A
2025::ORIGINAL_REPORTED_2025_CAS::TRADE_AR_AGE_OVER_FIVE_YEARS,2025,2025A,TRADE_AR_AGE_OVER_FIVE_YEARS,TRADE_AR_AGE_OVER_FIVE_YEARS,ORIGINAL_REPORTED_2025_CAS::TRADE_AR_AGE_OVER_FIVE_YEARS,168050,RMB_THOUSAND,168.05,RMB_MILLION,0.001,CAS,CONSOLIDATED,SOURCE,ORIGINAL,UNIT_NORMALIZATION_ONLY,,2025A
2025::ORIGINAL_REPORTED_2025_CAS::TRADE_AR_AGE_THREE_TO_FIVE_YEARS,2025,2025A,TRADE_AR_AGE_THREE_TO_FIVE_YEARS,TRADE_AR_AGE_THREE_TO_FIVE_YEARS,ORIGINAL_REPORTED_2025_CAS::TRADE_AR_AGE_THREE_TO_FIVE_YEARS,745695,RMB_THOUSAND,745.695,RMB_MILLION,0.001,CAS,CONSOLIDATED,SOURCE,ORIGINAL,UNIT_NORMALIZATION_ONLY,,2025A
2025::ORIGINAL_REPORTED_2025_CAS::TRADE_AR_AGE_TWO_TO_THREE_YEARS,2025,2025A,TRADE_AR_AGE_TWO_TO_THREE_YEARS,TRADE_AR_AGE_TWO_TO_THREE_YEARS,ORIGINAL_REPORTED_2025_CAS::TRADE_AR_AGE_TWO_TO_THREE_YEARS,436331,RMB_THOUSAND,436.331,RMB_MILLION,0.001,CAS,CONSOLIDATED,SOURCE,ORIGINAL,UNIT_NORMALIZATION_ONLY,,2025A
2025::ORIGINAL_REPORTED_2025_CAS::TRADE_AR_AGE_WITHIN_ONE_YEAR,2025,2025A,TRADE_AR_AGE_WITHIN_ONE_YEAR,TRADE_AR_AGE_WITHIN_ONE_YEAR,ORIGINAL_REPORTED_2025_CAS::TRADE_AR_AGE_WITHIN_ONE_YEAR,39882419,RMB_THOUSAND,39882.419,RMB_MILLION,0.001,CAS,CONSOLIDATED,SOURCE,ORIGINAL,UNIT_NORMALIZATION_ONLY,,2025A
2025::ORIGINAL_REPORTED_2025_CAS::TRADE_AR_ALLOWANCE,2025,2025A,TRADE_AR_ALLOWANCE,TRADE_AR_ALLOWANCE,ORIGINAL_REPORTED_2025_CAS::TRADE_AR_ALLOWANCE,-1719771,RMB_THOUSAND,-1719.771,RMB_MILLION,0.001,CAS,CONSOLIDATED,SOURCE,ORIGINAL,UNIT_NORMALIZATION_ONLY,,2025A
2025::ORIGINAL_REPORTED_2025_CAS::TRADE_AR_GROSS,2025,2025A,TRADE_AR_GROSS,TRADE_AR_GROSS,ORIGINAL_REPORTED_2025_CAS::TRADE_AR_GROSS,42169868,RMB_THOUSAND,42169.868,RMB_MILLION,0.001,CAS,CONSOLIDATED,SOURCE,ORIGINAL,UNIT_NORMALIZATION_ONLY,,2025A
